2026-04-23 01:12:18.493 INFO  [main] b.step.client.DataServiceClientTest - Starting DataServiceClientTest using Java 17.0.18 with PID 8955 (started by diman in /mnt/c/Users/diman/IdeaProjects/skin-market/business-service)
2026-04-23 01:12:18.521 DEBUG [main] b.step.client.DataServiceClientTest - Running with Spring Boot v3.2.0, Spring v6.1.1
2026-04-23 01:12:18.524 INFO  [main] b.step.client.DataServiceClientTest - The following 1 profile is active: "test"
2026-04-23 01:12:21.704 DEBUG [main] o.s.c.o.FeignClientsRegistrar$1 - Identified candidate component class: file [/mnt/c/Users/diman/IdeaProjects/skin-market/business-service/target/classes/by/step/client/DataServiceClient.class]
2026-04-23 01:12:22.421 INFO  [main] o.s.d.r.c.RepositoryConfigurationDelegate - Multiple Spring Data modules found, entering strict repository configuration mode
2026-04-23 01:12:22.436 INFO  [main] o.s.d.r.c.RepositoryConfigurationDelegate - Bootstrapping Spring Data Redis repositories in DEFAULT mode.
2026-04-23 01:12:22.624 INFO  [main] o.s.d.r.c.RepositoryConfigurationDelegate - Finished Spring Data repository scanning in 136 ms. Found 0 Redis repository interfaces.
2026-04-23 01:12:23.593 INFO  [main] o.s.cloud.context.scope.GenericScope - BeanFactory id=610c4573-1136-3747-b6ba-008697ae9a01
2026-04-23 01:12:27.859 DEBUG [main] o.s.c.o.FeignClientFactoryBean - Creating a FeignClientFactoryBean.
2026-04-23 01:12:32.682 WARN  [main] o.s.b.a.s.s.UserDetailsServiceAutoConfiguration - 

Using generated security password: 2506e9d4-3ad4-4a92-90db-eab5ec207ba4

This generated password is for development use only. Your security configuration must be updated before running your application in production.

2026-04-23 01:12:34.233 INFO  [main] o.s.s.web.DefaultSecurityFilterChain - Will secure any request with [org.springframework.security.web.session.DisableEncodeUrlFilter@3daf4e64, org.springframework.security.web.context.request.async.WebAsyncManagerIntegrationFilter@826eb85, org.springframework.security.web.context.SecurityContextHolderFilter@49a23dd4, org.springframework.security.web.header.HeaderWriterFilter@598ffbc8, org.springframework.web.filter.CorsFilter@748ee45e, org.springframework.security.web.authentication.logout.LogoutFilter@2ab33a27, org.springframework.security.web.savedrequest.RequestCacheAwareFilter@91b587b, org.springframework.security.web.servletapi.SecurityContextHolderAwareRequestFilter@25f7739c, org.springframework.security.web.authentication.AnonymousAuthenticationFilter@6334cf1b, org.springframework.security.web.access.ExceptionTranslationFilter@661ec918, org.springframework.security.web.access.intercept.AuthorizationFilter@5fc46215]
2026-04-23 01:12:37.434 INFO  [main] b.step.client.DataServiceClientTest - Started DataServiceClientTest in 21.067 seconds (process running for 25.953)
2026-04-23 01:12:37.997 DEBUG [main] by.step.client.DataServiceClient - [DataServiceClient#addToBalance] ---> POST http://localhost:11536/api/users/1/balance/add?amount=500 HTTP/1.1
2026-04-23 01:12:37.998 DEBUG [main] by.step.client.DataServiceClient - [DataServiceClient#addToBalance] ---> END HTTP (0-byte body)
2026-04-23 01:12:38.663 INFO  [qtp254945357-41] WireMock - Request received:
127.0.0.1 - POST /api/users/1/balance/add?amount=500

Accept: [*/*]
User-Agent: [Java/17.0.18]
Host: [localhost:11536]
Connection: [keep-alive]
Content-Type: [application/x-www-form-urlencoded]
Content-Length: [0]



Matched response definition:
{
  "status" : 200
}

Response:
HTTP/1.1 200
Matched-Stub-Id: [1fc56198-06d7-48ae-a7f8-bda1e268bc98]

2026-04-23 01:12:38.699 DEBUG [main] by.step.client.DataServiceClient - [DataServiceClient#addToBalance] <--- HTTP/1.1 200 OK (700ms)
2026-04-23 01:12:38.700 DEBUG [main] by.step.client.DataServiceClient - [DataServiceClient#addToBalance] matched-stub-id: 1fc56198-06d7-48ae-a7f8-bda1e268bc98
2026-04-23 01:12:38.700 DEBUG [main] by.step.client.DataServiceClient - [DataServiceClient#addToBalance] transfer-encoding: chunked
2026-04-23 01:12:38.701 DEBUG [main] by.step.client.DataServiceClient - [DataServiceClient#addToBalance] vary: Accept-Encoding, User-Agent
2026-04-23 01:12:38.701 DEBUG [main] by.step.client.DataServiceClient - [DataServiceClient#addToBalance] 
2026-04-23 01:12:38.702 DEBUG [main] by.step.client.DataServiceClient - [DataServiceClient#addToBalance] <--- END HTTP (0-byte body)
2026-04-23 01:12:38.766 DEBUG [main] by.step.client.DataServiceClient - [DataServiceClient#getUserByUsername] ---> GET http://localhost:11536/api/users/username/ivan HTTP/1.1
2026-04-23 01:12:38.767 DEBUG [main] by.step.client.DataServiceClient - [DataServiceClient#getUserByUsername] ---> END HTTP (0-byte body)
2026-04-23 01:12:38.781 INFO  [qtp254945357-28] WireMock - Request received:
127.0.0.1 - GET /api/users/username/ivan

Accept: [*/*]
User-Agent: [Java/17.0.18]
Host: [localhost:11536]
Connection: [keep-alive]



Matched response definition:
{
  "status" : 200,
  "body" : "{\"id\":1,\"username\":\"ivan\",\"email\":\"ivan@example.com\",\"role\":\"USER\",\"balance\":1000,\"registeredAt\":\"2026-04-23T01:12:38.763848249\"}",
  "headers" : {
    "Content-Type" : "application/json"
  }
}

Response:
HTTP/1.1 200
Content-Type: [application/json]
Matched-Stub-Id: [34f297ca-362b-4818-9016-9a2021bd1657]

2026-04-23 01:12:38.785 DEBUG [main] by.step.client.DataServiceClient - [DataServiceClient#getUserByUsername] <--- HTTP/1.1 200 OK (17ms)
2026-04-23 01:12:38.786 DEBUG [main] by.step.client.DataServiceClient - [DataServiceClient#getUserByUsername] content-type: application/json
2026-04-23 01:12:38.786 DEBUG [main] by.step.client.DataServiceClient - [DataServiceClient#getUserByUsername] matched-stub-id: 34f297ca-362b-4818-9016-9a2021bd1657
2026-04-23 01:12:38.787 DEBUG [main] by.step.client.DataServiceClient - [DataServiceClient#getUserByUsername] transfer-encoding: chunked
2026-04-23 01:12:38.787 DEBUG [main] by.step.client.DataServiceClient - [DataServiceClient#getUserByUsername] vary: Accept-Encoding, User-Agent
2026-04-23 01:12:38.788 DEBUG [main] by.step.client.DataServiceClient - [DataServiceClient#getUserByUsername] 
2026-04-23 01:12:38.789 DEBUG [main] by.step.client.DataServiceClient - [DataServiceClient#getUserByUsername] {"id":1,"username":"ivan","email":"ivan@example.com","role":"USER","balance":1000,"registeredAt":"2026-04-23T01:12:38.763848249"}
2026-04-23 01:12:38.790 DEBUG [main] by.step.client.DataServiceClient - [DataServiceClient#getUserByUsername] <--- END HTTP (129-byte body)
2026-04-23 01:12:39.290 DEBUG [main] by.step.client.DataServiceClient - [DataServiceClient#getOrderById] ---> GET http://localhost:11536/api/orders/1 HTTP/1.1
2026-04-23 01:12:39.290 DEBUG [main] by.step.client.DataServiceClient - [DataServiceClient#getOrderById] ---> END HTTP (0-byte body)
2026-04-23 01:12:39.293 INFO  [qtp254945357-39] WireMock - Request received:
127.0.0.1 - GET /api/orders/1

Accept: [*/*]
User-Agent: [Java/17.0.18]
Host: [localhost:11536]
Connection: [keep-alive]



Matched response definition:
{
  "status" : 200,
  "body" : "{\"id\":1,\"customerId\":1,\"customerName\":\"ivan\",\"artistId\":2,\"artistName\":\"petr\",\"status\":\"IN_PROGRESS\",\"description\":\"Test order\",\"price\":1000,\"finalFileUrl\":null,\"createdAt\":\"2026-04-23T01:12:39.287860315\",\"completedAt\":null}",
  "headers" : {
    "Content-Type" : "application/json"
  }
}

Response:
HTTP/1.1 200
Content-Type: [application/json]
Matched-Stub-Id: [4ca58335-a7a8-4922-aece-ca8afd05c33a]

2026-04-23 01:12:39.296 DEBUG [main] by.step.client.DataServiceClient - [DataServiceClient#getOrderById] <--- HTTP/1.1 200 OK (4ms)
2026-04-23 01:12:39.296 DEBUG [main] by.step.client.DataServiceClient - [DataServiceClient#getOrderById] content-type: application/json
2026-04-23 01:12:39.297 DEBUG [main] by.step.client.DataServiceClient - [DataServiceClient#getOrderById] matched-stub-id: 4ca58335-a7a8-4922-aece-ca8afd05c33a
2026-04-23 01:12:39.297 DEBUG [main] by.step.client.DataServiceClient - [DataServiceClient#getOrderById] transfer-encoding: chunked
2026-04-23 01:12:39.298 DEBUG [main] by.step.client.DataServiceClient - [DataServiceClient#getOrderById] vary: Accept-Encoding, User-Agent
2026-04-23 01:12:39.298 DEBUG [main] by.step.client.DataServiceClient - [DataServiceClient#getOrderById] 
2026-04-23 01:12:39.298 DEBUG [main] by.step.client.DataServiceClient - [DataServiceClient#getOrderById] {"id":1,"customerId":1,"customerName":"ivan","artistId":2,"artistName":"petr","status":"IN_PROGRESS","description":"Test order","price":1000,"finalFileUrl":null,"createdAt":"2026-04-23T01:12:39.287860315","completedAt":null}
2026-04-23 01:12:39.299 DEBUG [main] by.step.client.DataServiceClient - [DataServiceClient#getOrderById] <--- END HTTP (224-byte body)
2026-04-23 01:12:39.331 DEBUG [main] by.step.client.DataServiceClient - [DataServiceClient#updateOrderStatus] ---> PUT http://localhost:11536/api/orders/1/status?status=COMPLETED HTTP/1.1
2026-04-23 01:12:39.332 DEBUG [main] by.step.client.DataServiceClient - [DataServiceClient#updateOrderStatus] ---> END HTTP (0-byte body)
2026-04-23 01:12:39.335 INFO  [qtp254945357-41] WireMock - Request received:
127.0.0.1 - PUT /api/orders/1/status?status=COMPLETED

Accept: [*/*]
User-Agent: [Java/17.0.18]
Host: [localhost:11536]
Connection: [keep-alive]
Content-Length: [0]



Matched response definition:
{
  "status" : 200
}

Response:
HTTP/1.1 200
Matched-Stub-Id: [fe3e7a45-15cd-4812-ac69-ab75bafcb46a]

2026-04-23 01:12:39.337 DEBUG [main] by.step.client.DataServiceClient - [DataServiceClient#updateOrderStatus] <--- HTTP/1.1 200 OK (3ms)
2026-04-23 01:12:39.338 DEBUG [main] by.step.client.DataServiceClient - [DataServiceClient#updateOrderStatus] matched-stub-id: fe3e7a45-15cd-4812-ac69-ab75bafcb46a
2026-04-23 01:12:39.339 DEBUG [main] by.step.client.DataServiceClient - [DataServiceClient#updateOrderStatus] transfer-encoding: chunked
2026-04-23 01:12:39.339 DEBUG [main] by.step.client.DataServiceClient - [DataServiceClient#updateOrderStatus] vary: Accept-Encoding, User-Agent
2026-04-23 01:12:39.340 DEBUG [main] by.step.client.DataServiceClient - [DataServiceClient#updateOrderStatus] 
2026-04-23 01:12:39.341 DEBUG [main] by.step.client.DataServiceClient - [DataServiceClient#updateOrderStatus] <--- END HTTP (0-byte body)
2026-04-23 01:12:39.349 DEBUG [main] by.step.client.DataServiceClient - [DataServiceClient#createOrder] ---> POST http://localhost:11536/api/orders?customerId=1&artistId=2&description=Test%20order&price=1000 HTTP/1.1
2026-04-23 01:12:39.350 DEBUG [main] by.step.client.DataServiceClient - [DataServiceClient#createOrder] ---> END HTTP (0-byte body)
2026-04-23 01:12:39.352 INFO  [qtp254945357-39] WireMock - Request received:
127.0.0.1 - POST /api/orders?customerId=1&artistId=2&description=Test%20order&price=1000

Accept: [*/*]
User-Agent: [Java/17.0.18]
Host: [localhost:11536]
Connection: [keep-alive]
Content-Type: [application/x-www-form-urlencoded]
Content-Length: [0]



Matched response definition:
{
  "status" : 200,
  "body" : "{\"id\":1,\"customerId\":1,\"customerName\":\"ivan\",\"artistId\":2,\"artistName\":\"petr\",\"status\":\"IN_PROGRESS\",\"description\":\"Test order\",\"price\":1000,\"finalFileUrl\":null,\"createdAt\":\"2026-04-23T01:12:39.346729379\",\"completedAt\":null}",
  "headers" : {
    "Content-Type" : "application/json"
  }
}

Response:
HTTP/1.1 200
Content-Type: [application/json]
Matched-Stub-Id: [138828fe-cb34-4eac-80ed-b1f68b8f3d53]

2026-04-23 01:12:39.354 DEBUG [main] by.step.client.DataServiceClient - [DataServiceClient#createOrder] <--- HTTP/1.1 200 OK (4ms)
2026-04-23 01:12:39.355 DEBUG [main] by.step.client.DataServiceClient - [DataServiceClient#createOrder] content-type: application/json
2026-04-23 01:12:39.356 DEBUG [main] by.step.client.DataServiceClient - [DataServiceClient#createOrder] matched-stub-id: 138828fe-cb34-4eac-80ed-b1f68b8f3d53
2026-04-23 01:12:39.357 DEBUG [main] by.step.client.DataServiceClient - [DataServiceClient#createOrder] transfer-encoding: chunked
2026-04-23 01:12:39.357 DEBUG [main] by.step.client.DataServiceClient - [DataServiceClient#createOrder] vary: Accept-Encoding, User-Agent
2026-04-23 01:12:39.358 DEBUG [main] by.step.client.DataServiceClient - [DataServiceClient#createOrder] 
2026-04-23 01:12:39.359 DEBUG [main] by.step.client.DataServiceClient - [DataServiceClient#createOrder] {"id":1,"customerId":1,"customerName":"ivan","artistId":2,"artistName":"petr","status":"IN_PROGRESS","description":"Test order","price":1000,"finalFileUrl":null,"createdAt":"2026-04-23T01:12:39.346729379","completedAt":null}
2026-04-23 01:12:39.360 DEBUG [main] by.step.client.DataServiceClient - [DataServiceClient#createOrder] <--- END HTTP (224-byte body)
2026-04-23 01:12:39.369 DEBUG [main] by.step.client.DataServiceClient - [DataServiceClient#getAllUsers] ---> GET http://localhost:11536/api/users HTTP/1.1
2026-04-23 01:12:39.370 DEBUG [main] by.step.client.DataServiceClient - [DataServiceClient#getAllUsers] ---> END HTTP (0-byte body)
2026-04-23 01:12:39.373 INFO  [qtp254945357-41] WireMock - Request received:
127.0.0.1 - GET /api/users

Accept: [*/*]
User-Agent: [Java/17.0.18]
Host: [localhost:11536]
Connection: [keep-alive]



Matched response definition:
{
  "status" : 200,
  "body" : "[{\"id\":1,\"username\":\"ivan\",\"email\":\"ivan@example.com\",\"role\":\"USER\",\"balance\":1000,\"registeredAt\":\"2026-04-23T01:12:39.366901078\"}]",
  "headers" : {
    "Content-Type" : "application/json"
  }
}

Response:
HTTP/1.1 200
Content-Type: [application/json]
Matched-Stub-Id: [e23f85f6-55fa-40ed-a384-638d9ec1790a]

2026-04-23 01:12:39.375 DEBUG [main] by.step.client.DataServiceClient - [DataServiceClient#getAllUsers] <--- HTTP/1.1 200 OK (4ms)
2026-04-23 01:12:39.376 DEBUG [main] by.step.client.DataServiceClient - [DataServiceClient#getAllUsers] content-type: application/json
2026-04-23 01:12:39.377 DEBUG [main] by.step.client.DataServiceClient - [DataServiceClient#getAllUsers] matched-stub-id: e23f85f6-55fa-40ed-a384-638d9ec1790a
2026-04-23 01:12:39.378 DEBUG [main] by.step.client.DataServiceClient - [DataServiceClient#getAllUsers] transfer-encoding: chunked
2026-04-23 01:12:39.378 DEBUG [main] by.step.client.DataServiceClient - [DataServiceClient#getAllUsers] vary: Accept-Encoding, User-Agent
2026-04-23 01:12:39.379 DEBUG [main] by.step.client.DataServiceClient - [DataServiceClient#getAllUsers] 
2026-04-23 01:12:39.379 DEBUG [main] by.step.client.DataServiceClient - [DataServiceClient#getAllUsers] [{"id":1,"username":"ivan","email":"ivan@example.com","role":"USER","balance":1000,"registeredAt":"2026-04-23T01:12:39.366901078"}]
2026-04-23 01:12:39.380 DEBUG [main] by.step.client.DataServiceClient - [DataServiceClient#getAllUsers] <--- END HTTP (131-byte body)
2026-04-23 01:12:39.432 DEBUG [main] by.step.client.DataServiceClient - [DataServiceClient#getUserById] ---> GET http://localhost:11536/api/users/1 HTTP/1.1
2026-04-23 01:12:39.436 DEBUG [main] by.step.client.DataServiceClient - [DataServiceClient#getUserById] ---> END HTTP (0-byte body)
2026-04-23 01:12:39.439 INFO  [qtp254945357-39] WireMock - Request received:
127.0.0.1 - GET /api/users/1

Accept: [*/*]
User-Agent: [Java/17.0.18]
Host: [localhost:11536]
Connection: [keep-alive]



Matched response definition:
{
  "status" : 200,
  "body" : "{\"id\":1,\"username\":\"ivan\",\"email\":\"ivan@example.com\",\"role\":\"USER\",\"balance\":1000,\"registeredAt\":\"2026-04-23T01:12:39.430486137\"}",
  "headers" : {
    "Content-Type" : "application/json"
  }
}

Response:
HTTP/1.1 200
Content-Type: [application/json]
Matched-Stub-Id: [3cbfc68e-db75-4c08-b09a-6e2cf884cb6d]

2026-04-23 01:12:39.441 DEBUG [main] by.step.client.DataServiceClient - [DataServiceClient#getUserById] <--- HTTP/1.1 200 OK (3ms)
2026-04-23 01:12:39.441 DEBUG [main] by.step.client.DataServiceClient - [DataServiceClient#getUserById] content-type: application/json
2026-04-23 01:12:39.442 DEBUG [main] by.step.client.DataServiceClient - [DataServiceClient#getUserById] matched-stub-id: 3cbfc68e-db75-4c08-b09a-6e2cf884cb6d
2026-04-23 01:12:39.442 DEBUG [main] by.step.client.DataServiceClient - [DataServiceClient#getUserById] transfer-encoding: chunked
2026-04-23 01:12:39.442 DEBUG [main] by.step.client.DataServiceClient - [DataServiceClient#getUserById] vary: Accept-Encoding, User-Agent
2026-04-23 01:12:39.443 DEBUG [main] by.step.client.DataServiceClient - [DataServiceClient#getUserById] 
2026-04-23 01:12:39.444 DEBUG [main] by.step.client.DataServiceClient - [DataServiceClient#getUserById] {"id":1,"username":"ivan","email":"ivan@example.com","role":"USER","balance":1000,"registeredAt":"2026-04-23T01:12:39.430486137"}
2026-04-23 01:12:39.444 DEBUG [main] by.step.client.DataServiceClient - [DataServiceClient#getUserById] <--- END HTTP (129-byte body)
2026-04-23 01:12:39.534 INFO  [main] o.s.t.c.s.AnnotationConfigContextLoaderUtils - Could not detect default configuration classes for test class [by.step.client.DataServiceClientWireMockTest]: DataServiceClientWireMockTest does not declare any static, non-private, non-final, nested classes annotated with @Configuration.
2026-04-23 01:12:39.548 INFO  [main] o.s.b.t.c.SpringBootTestContextBootstrapper - Found @SpringBootConfiguration by.step.BusinessServiceApplication for test class by.step.client.DataServiceClientWireMockTest
2026-04-23 01:12:39.818 INFO  [main] b.s.c.DataServiceClientWireMockTest - Starting DataServiceClientWireMockTest using Java 17.0.18 with PID 8955 (started by diman in /mnt/c/Users/diman/IdeaProjects/skin-market/business-service)
2026-04-23 01:12:39.821 DEBUG [main] b.s.c.DataServiceClientWireMockTest - Running with Spring Boot v3.2.0, Spring v6.1.1
2026-04-23 01:12:39.822 INFO  [main] b.s.c.DataServiceClientWireMockTest - The following 1 profile is active: "basic"
2026-04-23 01:12:41.164 DEBUG [main] o.s.c.o.FeignClientsRegistrar$1 - Identified candidate component class: file [/mnt/c/Users/diman/IdeaProjects/skin-market/business-service/target/classes/by/step/client/DataServiceClient.class]
2026-04-23 01:12:41.219 INFO  [main] o.s.d.r.c.RepositoryConfigurationDelegate - Multiple Spring Data modules found, entering strict repository configuration mode
2026-04-23 01:12:41.220 INFO  [main] o.s.d.r.c.RepositoryConfigurationDelegate - Bootstrapping Spring Data Redis repositories in DEFAULT mode.
2026-04-23 01:12:41.321 INFO  [main] o.s.d.r.c.RepositoryConfigurationDelegate - Finished Spring Data repository scanning in 100 ms. Found 0 Redis repository interfaces.
2026-04-23 01:12:41.417 INFO  [main] o.s.cloud.context.scope.GenericScope - BeanFactory id=610c4573-1136-3747-b6ba-008697ae9a01
2026-04-23 01:12:41.441 DEBUG [main] o.s.c.o.FeignClientFactoryBean - Creating a FeignClientFactoryBean.
2026-04-23 01:12:41.607 WARN  [main] o.s.b.a.s.s.UserDetailsServiceAutoConfiguration - 

Using generated security password: 91397ebe-3e58-49a8-bc1e-3adcda6713b7

This generated password is for development use only. Your security configuration must be updated before running your application in production.

2026-04-23 01:12:41.828 INFO  [main] o.s.s.web.DefaultSecurityFilterChain - Will secure any request with [org.springframework.security.web.session.DisableEncodeUrlFilter@1add43da, org.springframework.security.web.context.request.async.WebAsyncManagerIntegrationFilter@4c04a75, org.springframework.security.web.context.SecurityContextHolderFilter@46c1ef9e, org.springframework.security.web.header.HeaderWriterFilter@414c95ac, org.springframework.web.filter.CorsFilter@4e67fd2d, org.springframework.security.web.authentication.logout.LogoutFilter@5ed7b9aa, org.springframework.security.web.savedrequest.RequestCacheAwareFilter@169c7207, org.springframework.security.web.servletapi.SecurityContextHolderAwareRequestFilter@32671bda, org.springframework.security.web.authentication.AnonymousAuthenticationFilter@1d2be854, org.springframework.security.web.access.ExceptionTranslationFilter@57fe742a, org.springframework.security.web.access.intercept.AuthorizationFilter@6686a326]
2026-04-23 01:12:41.976 INFO  [main] b.s.c.DataServiceClientWireMockTest - Started DataServiceClientWireMockTest in 2.41 seconds (process running for 30.495)
2026-04-23 01:12:41.983 DEBUG [main] by.step.client.DataServiceClient - [DataServiceClient#getAllUsers] ---> GET http://localhost:10959/api/users HTTP/1.1
2026-04-23 01:12:41.984 DEBUG [main] by.step.client.DataServiceClient - [DataServiceClient#getAllUsers] ---> END HTTP (0-byte body)
2026-04-23 01:12:41.992 INFO  [qtp88275467-69] WireMock - Request received:
127.0.0.1 - GET /api/users

Accept: [*/*]
User-Agent: [Java/17.0.18]
Host: [localhost:10959]
Connection: [keep-alive]



Matched response definition:
{
  "status" : 200,
  "body" : "[\n    {\n        \"id\": 1,\n        \"username\": \"user1\",\n        \"email\": \"user1@example.com\",\n        \"role\": \"USER\",\n        \"balance\": 1000\n    },\n    {\n        \"id\": 2,\n        \"username\": \"artist1\",\n        \"email\": \"artist1@example.com\",\n        \"role\": \"ARTIST\",\n        \"balance\": 500\n    }\n]\n",
  "headers" : {
    "Content-Type" : "application/json"
  }
}

Response:
HTTP/1.1 200
Content-Type: [application/json]
Matched-Stub-Id: [63ab263b-eb77-46fd-9d0f-ef7eb01f449e]

2026-04-23 01:12:41.994 DEBUG [main] by.step.client.DataServiceClient - [DataServiceClient#getAllUsers] <--- HTTP/1.1 200 OK (8ms)
2026-04-23 01:12:41.995 DEBUG [main] by.step.client.DataServiceClient - [DataServiceClient#getAllUsers] content-type: application/json
2026-04-23 01:12:41.995 DEBUG [main] by.step.client.DataServiceClient - [DataServiceClient#getAllUsers] matched-stub-id: 63ab263b-eb77-46fd-9d0f-ef7eb01f449e
2026-04-23 01:12:41.996 DEBUG [main] by.step.client.DataServiceClient - [DataServiceClient#getAllUsers] transfer-encoding: chunked
2026-04-23 01:12:41.997 DEBUG [main] by.step.client.DataServiceClient - [DataServiceClient#getAllUsers] vary: Accept-Encoding, User-Agent
2026-04-23 01:12:41.997 DEBUG [main] by.step.client.DataServiceClient - [DataServiceClient#getAllUsers] 
2026-04-23 01:12:41.998 DEBUG [main] by.step.client.DataServiceClient - [DataServiceClient#getAllUsers] [
    {
        "id": 1,
        "username": "user1",
        "email": "user1@example.com",
        "role": "USER",
        "balance": 1000
    },
    {
        "id": 2,
        "username": "artist1",
        "email": "artist1@example.com",
        "role": "ARTIST",
        "balance": 500
    }
]

2026-04-23 01:12:41.998 DEBUG [main] by.step.client.DataServiceClient - [DataServiceClient#getAllUsers] <--- END HTTP (298-byte body)
2026-04-23 01:12:42.012 DEBUG [main] by.step.client.DataServiceClient - [DataServiceClient#getUserById] ---> GET http://localhost:10959/api/users/1 HTTP/1.1
2026-04-23 01:12:42.013 DEBUG [main] by.step.client.DataServiceClient - [DataServiceClient#getUserById] ---> END HTTP (0-byte body)
2026-04-23 01:12:42.016 INFO  [qtp88275467-56] WireMock - Request received:
127.0.0.1 - GET /api/users/1

Accept: [*/*]
User-Agent: [Java/17.0.18]
Host: [localhost:10959]
Connection: [keep-alive]



Matched response definition:
{
  "status" : 200,
  "body" : "{\n    \"id\": 1,\n    \"username\": \"testuser\",\n    \"email\": \"test@example.com\",\n    \"role\": \"USER\",\n    \"balance\": 1000,\n    \"registeredAt\": \"2024-01-01T10:00:00\"\n}\n",
  "headers" : {
    "Content-Type" : "application/json"
  }
}

Response:
HTTP/1.1 200
Content-Type: [application/json]
Matched-Stub-Id: [3df0535a-8830-43b7-8824-76692f40661b]

2026-04-23 01:12:42.018 DEBUG [main] by.step.client.DataServiceClient - [DataServiceClient#getUserById] <--- HTTP/1.1 200 OK (3ms)
2026-04-23 01:12:42.018 DEBUG [main] by.step.client.DataServiceClient - [DataServiceClient#getUserById] content-type: application/json
2026-04-23 01:12:42.019 DEBUG [main] by.step.client.DataServiceClient - [DataServiceClient#getUserById] matched-stub-id: 3df0535a-8830-43b7-8824-76692f40661b
2026-04-23 01:12:42.020 DEBUG [main] by.step.client.DataServiceClient - [DataServiceClient#getUserById] transfer-encoding: chunked
2026-04-23 01:12:42.020 DEBUG [main] by.step.client.DataServiceClient - [DataServiceClient#getUserById] vary: Accept-Encoding, User-Agent
2026-04-23 01:12:42.021 DEBUG [main] by.step.client.DataServiceClient - [DataServiceClient#getUserById] 
2026-04-23 01:12:42.022 DEBUG [main] by.step.client.DataServiceClient - [DataServiceClient#getUserById] {
    "id": 1,
    "username": "testuser",
    "email": "test@example.com",
    "role": "USER",
    "balance": 1000,
    "registeredAt": "2024-01-01T10:00:00"
}

2026-04-23 01:12:42.022 DEBUG [main] by.step.client.DataServiceClient - [DataServiceClient#getUserById] <--- END HTTP (161-byte body)
2026-04-23 01:12:42.031 DEBUG [main] by.step.client.DataServiceClient - [DataServiceClient#addToBalance] ---> POST http://localhost:10959/api/users/1/balance/add?amount=500 HTTP/1.1
2026-04-23 01:12:42.032 DEBUG [main] by.step.client.DataServiceClient - [DataServiceClient#addToBalance] ---> END HTTP (0-byte body)
2026-04-23 01:12:42.035 INFO  [qtp88275467-67] WireMock - Request received:
127.0.0.1 - POST /api/users/1/balance/add?amount=500

Accept: [*/*]
User-Agent: [Java/17.0.18]
Host: [localhost:10959]
Connection: [keep-alive]
Content-Type: [application/x-www-form-urlencoded]
Content-Length: [0]



Matched response definition:
{
  "status" : 200
}

Response:
HTTP/1.1 200
Matched-Stub-Id: [61f17d30-ef23-4d61-81ca-90bc448dc90b]

2026-04-23 01:12:42.037 DEBUG [main] by.step.client.DataServiceClient - [DataServiceClient#addToBalance] <--- HTTP/1.1 200 OK (4ms)
2026-04-23 01:12:42.037 DEBUG [main] by.step.client.DataServiceClient - [DataServiceClient#addToBalance] matched-stub-id: 61f17d30-ef23-4d61-81ca-90bc448dc90b
2026-04-23 01:12:42.037 DEBUG [main] by.step.client.DataServiceClient - [DataServiceClient#addToBalance] transfer-encoding: chunked
2026-04-23 01:12:42.038 DEBUG [main] by.step.client.DataServiceClient - [DataServiceClient#addToBalance] vary: Accept-Encoding, User-Agent
2026-04-23 01:12:42.038 DEBUG [main] by.step.client.DataServiceClient - [DataServiceClient#addToBalance] 
2026-04-23 01:12:42.039 DEBUG [main] by.step.client.DataServiceClient - [DataServiceClient#addToBalance] <--- END HTTP (0-byte body)
2026-04-23 01:12:42.055 DEBUG [main] by.step.client.DataServiceClient - [DataServiceClient#getUserById] ---> GET http://localhost:10959/api/users/999 HTTP/1.1
2026-04-23 01:12:42.056 DEBUG [main] by.step.client.DataServiceClient - [DataServiceClient#getUserById] ---> END HTTP (0-byte body)
2026-04-23 01:12:42.058 INFO  [qtp88275467-69] WireMock - Request received:
127.0.0.1 - GET /api/users/999

Accept: [*/*]
User-Agent: [Java/17.0.18]
Host: [localhost:10959]
Connection: [keep-alive]



Matched response definition:
{
  "status" : 404
}

Response:
HTTP/1.1 404
Matched-Stub-Id: [0ae381e9-dddc-443f-a98a-cbc92c0cf4d6]

2026-04-23 01:12:42.061 DEBUG [main] by.step.client.DataServiceClient - [DataServiceClient#getUserById] <--- HTTP/1.1 404 Not Found (5ms)
2026-04-23 01:12:42.062 DEBUG [main] by.step.client.DataServiceClient - [DataServiceClient#getUserById] matched-stub-id: 0ae381e9-dddc-443f-a98a-cbc92c0cf4d6
2026-04-23 01:12:42.062 DEBUG [main] by.step.client.DataServiceClient - [DataServiceClient#getUserById] transfer-encoding: chunked
2026-04-23 01:12:42.063 DEBUG [main] by.step.client.DataServiceClient - [DataServiceClient#getUserById] 
2026-04-23 01:12:42.063 DEBUG [main] by.step.client.DataServiceClient - [DataServiceClient#getUserById] <--- END HTTP (0-byte body)
2026-04-23 01:12:42.167 INFO  [main] o.s.t.c.s.AnnotationConfigContextLoaderUtils - Could not detect default configuration classes for test class [by.step.controller.OrderControllerTest]: OrderControllerTest does not declare any static, non-private, non-final, nested classes annotated with @Configuration.
2026-04-23 01:12:42.356 INFO  [main] o.s.b.t.c.SpringBootTestContextBootstrapper - Found @SpringBootConfiguration by.step.BusinessServiceApplication for test class by.step.controller.OrderControllerTest
2026-04-23 01:12:42.514 INFO  [main] b.s.controller.OrderControllerTest - Starting OrderControllerTest using Java 17.0.18 with PID 8955 (started by diman in /mnt/c/Users/diman/IdeaProjects/skin-market/business-service)
2026-04-23 01:12:42.515 DEBUG [main] b.s.controller.OrderControllerTest - Running with Spring Boot v3.2.0, Spring v6.1.1
2026-04-23 01:12:42.515 INFO  [main] b.s.controller.OrderControllerTest - The following 1 profile is active: "basic"
2026-04-23 01:12:43.257 DEBUG [main] o.s.c.o.FeignClientsRegistrar$1 - Identified candidate component class: file [/mnt/c/Users/diman/IdeaProjects/skin-market/business-service/target/classes/by/step/client/DataServiceClient.class]
2026-04-23 01:12:43.723 DEBUG [main] o.s.c.o.FeignClientFactoryBean - Creating a FeignClientFactoryBean.
2026-04-23 01:12:43.956 WARN  [main] o.s.b.a.s.s.UserDetailsServiceAutoConfiguration - 

Using generated security password: 606f0771-0d49-430a-b8cd-a207dac6f94d

This generated password is for development use only. Your security configuration must be updated before running your application in production.

2026-04-23 01:12:44.020 INFO  [main] o.s.s.web.DefaultSecurityFilterChain - Will secure any request with [org.springframework.security.web.session.DisableEncodeUrlFilter@3b9d9f3b, org.springframework.security.web.context.request.async.WebAsyncManagerIntegrationFilter@6edbd4b2, org.springframework.security.web.context.SecurityContextHolderFilter@6708b2e0, org.springframework.security.web.header.HeaderWriterFilter@496e9377, org.springframework.web.filter.CorsFilter@3bc14409, org.springframework.security.web.csrf.CsrfFilter@7e72ba8, org.springframework.security.web.authentication.logout.LogoutFilter@4865cc12, org.springframework.security.web.authentication.UsernamePasswordAuthenticationFilter@7dbc83c1, org.springframework.security.web.authentication.ui.DefaultLoginPageGeneratingFilter@5ffc19fb, org.springframework.security.web.authentication.ui.DefaultLogoutPageGeneratingFilter@4641eb9e, org.springframework.security.web.authentication.www.BasicAuthenticationFilter@79d085ba, org.springframework.security.web.savedrequest.RequestCacheAwareFilter@590c6fc2, org.springframework.security.web.servletapi.SecurityContextHolderAwareRequestFilter@62b4cbf1, org.springframework.security.web.authentication.AnonymousAuthenticationFilter@11f2c02a, org.springframework.security.web.access.ExceptionTranslationFilter@d66ccae, org.springframework.security.web.access.intercept.AuthorizationFilter@6f9d1e4d]
2026-04-23 01:12:44.131 INFO  [main] o.s.b.t.m.w.SpringBootMockServletContext - Initializing Spring TestDispatcherServlet ''
2026-04-23 01:12:44.131 INFO  [main] o.s.t.w.s.TestDispatcherServlet - Initializing Servlet ''
2026-04-23 01:12:44.133 INFO  [main] o.s.t.w.s.TestDispatcherServlet - Completed initialization in 1 ms
2026-04-23 01:12:44.145 INFO  [main] b.s.controller.OrderControllerTest - Started OrderControllerTest in 1.783 seconds (process running for 32.665)
2026-04-23 01:12:44.341 WARN  [main] o.s.w.s.h.HandlerMappingIntrospector - Cache miss for REQUEST dispatch to '/api/business/orders/1/complete' (previous null). Performing CorsConfiguration lookup. This is logged once only at WARN level, and every time at TRACE.
2026-04-23 01:12:44.469 INFO  [main] by.step.controller.OrderController - REST запрос: завершение заказа 1
2026-04-23 01:12:44.755 DEBUG [main] by.step.controller.OrderController - REST запрос: получение общей суммы расходов заказчика 1
2026-04-23 01:12:44.777 DEBUG [main] by.step.controller.OrderController - REST запрос: получение заказов художника 2
2026-04-23 01:12:44.833 DEBUG [main] by.step.controller.OrderController - REST запрос: получение заказов заказчика 1
2026-04-23 01:12:44.850 INFO  [main] by.step.controller.OrderController - REST запрос: обновление статуса заказа 1 на COMPLETED
2026-04-23 01:12:44.861 INFO  [main] by.step.controller.OrderController - REST запрос: отмена заказа 1
2026-04-23 01:12:44.870 INFO  [main] by.step.controller.OrderController - REST запрос: начало выполнения заказа 1
2026-04-23 01:12:45.185 INFO  [main] by.step.controller.OrderController - REST запрос: создание заказа от customerId=1 художнику artistId=2
2026-04-23 01:12:45.198 DEBUG [main] by.step.controller.OrderController - REST запрос: получение заказа по id=1
2026-04-23 01:12:45.218 INFO  [main] o.s.t.c.s.AnnotationConfigContextLoaderUtils - Could not detect default configuration classes for test class [by.step.controller.UserControllerTest]: UserControllerTest does not declare any static, non-private, non-final, nested classes annotated with @Configuration.
2026-04-23 01:12:45.261 INFO  [main] o.s.b.t.c.SpringBootTestContextBootstrapper - Found @SpringBootConfiguration by.step.BusinessServiceApplication for test class by.step.controller.UserControllerTest
2026-04-23 01:12:45.460 INFO  [main] b.step.controller.UserControllerTest - Starting UserControllerTest using Java 17.0.18 with PID 8955 (started by diman in /mnt/c/Users/diman/IdeaProjects/skin-market/business-service)
2026-04-23 01:12:45.461 DEBUG [main] b.step.controller.UserControllerTest - Running with Spring Boot v3.2.0, Spring v6.1.1
2026-04-23 01:12:45.461 INFO  [main] b.step.controller.UserControllerTest - The following 1 profile is active: "basic"
2026-04-23 01:12:46.149 DEBUG [main] o.s.c.o.FeignClientsRegistrar$1 - Identified candidate component class: file [/mnt/c/Users/diman/IdeaProjects/skin-market/business-service/target/classes/by/step/client/DataServiceClient.class]
2026-04-23 01:12:46.275 DEBUG [main] o.s.c.o.FeignClientFactoryBean - Creating a FeignClientFactoryBean.
2026-04-23 01:12:46.528 WARN  [main] o.s.b.a.s.s.UserDetailsServiceAutoConfiguration - 

Using generated security password: 8489621d-7011-4fbd-87de-96fde8114f32

This generated password is for development use only. Your security configuration must be updated before running your application in production.

2026-04-23 01:12:46.535 INFO  [main] o.s.s.web.DefaultSecurityFilterChain - Will secure any request with [org.springframework.security.web.session.DisableEncodeUrlFilter@3fb3ff86, org.springframework.security.web.context.request.async.WebAsyncManagerIntegrationFilter@46176e92, org.springframework.security.web.context.SecurityContextHolderFilter@243c6979, org.springframework.security.web.header.HeaderWriterFilter@10124edb, org.springframework.web.filter.CorsFilter@d078b7d, org.springframework.security.web.csrf.CsrfFilter@18e1692, org.springframework.security.web.authentication.logout.LogoutFilter@8d1011, org.springframework.security.web.authentication.UsernamePasswordAuthenticationFilter@102b7e0b, org.springframework.security.web.authentication.ui.DefaultLoginPageGeneratingFilter@2cae2754, org.springframework.security.web.authentication.ui.DefaultLogoutPageGeneratingFilter@7bd036e7, org.springframework.security.web.authentication.www.BasicAuthenticationFilter@130ca5a7, org.springframework.security.web.savedrequest.RequestCacheAwareFilter@5577c1ea, org.springframework.security.web.servletapi.SecurityContextHolderAwareRequestFilter@2e48d0d0, org.springframework.security.web.authentication.AnonymousAuthenticationFilter@5bbfa9d4, org.springframework.security.web.access.ExceptionTranslationFilter@b7e175b, org.springframework.security.web.access.intercept.AuthorizationFilter@7d4093b9]
2026-04-23 01:12:46.540 INFO  [main] o.s.b.t.m.w.SpringBootMockServletContext - Initializing Spring TestDispatcherServlet ''
2026-04-23 01:12:46.540 INFO  [main] o.s.t.w.s.TestDispatcherServlet - Initializing Servlet ''
2026-04-23 01:12:46.541 INFO  [main] o.s.t.w.s.TestDispatcherServlet - Completed initialization in 0 ms
2026-04-23 01:12:46.546 INFO  [main] b.step.controller.UserControllerTest - Started UserControllerTest in 1.276 seconds (process running for 35.065)
2026-04-23 01:12:46.553 WARN  [main] o.s.w.s.h.HandlerMappingIntrospector - Cache miss for REQUEST dispatch to '/api/business/users/username/ivan' (previous null). Performing CorsConfiguration lookup. This is logged once only at WARN level, and every time at TRACE.
2026-04-23 01:12:46.570 DEBUG [main] by.step.controller.UserController - REST запрос: получение пользователя по username=ivan
2026-04-23 01:12:46.584 INFO  [main] by.step.controller.UserController - REST запрос: обновление баланса пользователя 1 до 2000
2026-04-23 01:12:46.594 DEBUG [main] by.step.controller.UserController - REST запрос: проверка баланса пользователя 1 на сумму 500
2026-04-23 01:12:46.602 DEBUG [main] by.step.controller.UserController - REST запрос: получение пользователей по роли USER
2026-04-23 01:12:46.612 INFO  [main] by.step.controller.UserController - REST запрос: списание с баланса пользователя 1 суммы 500
2026-04-23 01:12:46.620 DEBUG [main] by.step.controller.UserController - REST запрос: получение всех пользователей
2026-04-23 01:12:46.631 INFO  [main] by.step.controller.UserController - REST запрос: пополнение баланса пользователя 1 на 500
2026-04-23 01:12:46.640 DEBUG [main] by.step.controller.UserController - REST запрос: получение пользователя по id=1
2026-04-23 01:12:46.662 INFO  [main] o.s.t.c.s.AnnotationConfigContextLoaderUtils - Could not detect default configuration classes for test class [by.step.integration.DataServiceClientTest]: DataServiceClientTest does not declare any static, non-private, non-final, nested classes annotated with @Configuration.
2026-04-23 01:12:46.800 INFO  [main] o.s.b.t.c.SpringBootTestContextBootstrapper - Found @SpringBootConfiguration by.step.BusinessServiceApplication for test class by.step.integration.DataServiceClientTest
2026-04-23 01:12:46.958 INFO  [main] b.s.i.DataServiceClientTest - Starting DataServiceClientTest using Java 17.0.18 with PID 8955 (started by diman in /mnt/c/Users/diman/IdeaProjects/skin-market/business-service)
2026-04-23 01:12:46.960 DEBUG [main] b.s.i.DataServiceClientTest - Running with Spring Boot v3.2.0, Spring v6.1.1
2026-04-23 01:12:46.961 INFO  [main] b.s.i.DataServiceClientTest - The following 1 profile is active: "test"
2026-04-23 01:12:48.179 DEBUG [main] o.s.c.o.FeignClientsRegistrar$1 - Identified candidate component class: file [/mnt/c/Users/diman/IdeaProjects/skin-market/business-service/target/classes/by/step/client/DataServiceClient.class]
2026-04-23 01:12:48.226 INFO  [main] o.s.d.r.c.RepositoryConfigurationDelegate - Multiple Spring Data modules found, entering strict repository configuration mode
2026-04-23 01:12:48.226 INFO  [main] o.s.d.r.c.RepositoryConfigurationDelegate - Bootstrapping Spring Data Redis repositories in DEFAULT mode.
2026-04-23 01:12:48.425 INFO  [main] o.s.d.r.c.RepositoryConfigurationDelegate - Finished Spring Data repository scanning in 197 ms. Found 0 Redis repository interfaces.
2026-04-23 01:12:48.561 INFO  [main] o.s.cloud.context.scope.GenericScope - BeanFactory id=43cd07a4-9a61-3cef-a26e-e8e391c9507c
2026-04-23 01:12:48.579 DEBUG [main] o.s.c.o.FeignClientFactoryBean - Creating a FeignClientFactoryBean.
2026-04-23 01:12:48.724 WARN  [main] o.s.b.a.s.s.UserDetailsServiceAutoConfiguration - 

Using generated security password: 6d4f5677-850f-4378-a519-49d9ae4a975a

This generated password is for development use only. Your security configuration must be updated before running your application in production.

2026-04-23 01:12:48.733 INFO  [main] o.s.s.web.DefaultSecurityFilterChain - Will secure any request with [org.springframework.security.web.session.DisableEncodeUrlFilter@66a6e9fd, org.springframework.security.web.context.request.async.WebAsyncManagerIntegrationFilter@40bd6b40, org.springframework.security.web.context.SecurityContextHolderFilter@1bdef272, org.springframework.security.web.header.HeaderWriterFilter@79423ae4, org.springframework.security.web.authentication.logout.LogoutFilter@19a7e35a, org.springframework.security.web.savedrequest.RequestCacheAwareFilter@53fdbd4, org.springframework.security.web.servletapi.SecurityContextHolderAwareRequestFilter@1dfb5ebb, org.springframework.security.web.authentication.AnonymousAuthenticationFilter@49dffaf4, org.springframework.security.web.access.ExceptionTranslationFilter@1e50d191, org.springframework.security.web.access.intercept.AuthorizationFilter@2574eeab]
2026-04-23 01:12:48.922 INFO  [main] b.s.i.DataServiceClientTest - Started DataServiceClientTest in 2.114 seconds (process running for 37.441)
2026-04-23 01:12:48.933 DEBUG [main] by.step.client.DataServiceClient - [DataServiceClient#addToBalance] ---> POST http://localhost:10344/api/users/1/balance/add?amount=500 HTTP/1.1
2026-04-23 01:12:48.934 DEBUG [main] by.step.client.DataServiceClient - [DataServiceClient#addToBalance] ---> END HTTP (0-byte body)
2026-04-23 01:12:48.939 INFO  [qtp99534812-100] WireMock - Request received:
127.0.0.1 - POST /api/users/1/balance/add?amount=500

Accept: [*/*]
User-Agent: [Java/17.0.18]
Host: [localhost:10344]
Connection: [keep-alive]
Content-Type: [application/x-www-form-urlencoded]
Content-Length: [0]



Matched response definition:
{
  "status" : 200
}

Response:
HTTP/1.1 200
Matched-Stub-Id: [5d166d08-b804-4906-8529-d2336c1097d2]

2026-04-23 01:12:48.941 DEBUG [main] by.step.client.DataServiceClient - [DataServiceClient#addToBalance] <--- HTTP/1.1 200 OK (6ms)
2026-04-23 01:12:48.941 DEBUG [main] by.step.client.DataServiceClient - [DataServiceClient#addToBalance] matched-stub-id: 5d166d08-b804-4906-8529-d2336c1097d2
2026-04-23 01:12:48.942 DEBUG [main] by.step.client.DataServiceClient - [DataServiceClient#addToBalance] transfer-encoding: chunked
2026-04-23 01:12:48.942 DEBUG [main] by.step.client.DataServiceClient - [DataServiceClient#addToBalance] vary: Accept-Encoding, User-Agent
2026-04-23 01:12:48.943 DEBUG [main] by.step.client.DataServiceClient - [DataServiceClient#addToBalance] 
2026-04-23 01:12:48.943 DEBUG [main] by.step.client.DataServiceClient - [DataServiceClient#addToBalance] <--- END HTTP (0-byte body)
2026-04-23 01:12:48.949 DEBUG [main] by.step.client.DataServiceClient - [DataServiceClient#getUserByUsername] ---> GET http://localhost:10344/api/users/username/ivan HTTP/1.1
2026-04-23 01:12:48.950 DEBUG [main] by.step.client.DataServiceClient - [DataServiceClient#getUserByUsername] ---> END HTTP (0-byte body)
2026-04-23 01:12:48.953 INFO  [qtp99534812-87] WireMock - Request received:
127.0.0.1 - GET /api/users/username/ivan

Accept: [*/*]
User-Agent: [Java/17.0.18]
Host: [localhost:10344]
Connection: [keep-alive]



Matched response definition:
{
  "status" : 200,
  "body" : "{\"id\":1,\"username\":\"ivan\",\"email\":\"ivan@example.com\",\"role\":\"USER\",\"balance\":1000,\"registeredAt\":\"2026-04-23T01:12:48.947562619\"}",
  "headers" : {
    "Content-Type" : "application/json"
  }
}

Response:
HTTP/1.1 200
Content-Type: [application/json]
Matched-Stub-Id: [cf631b99-505e-4de1-a526-7615c4ef8a6d]

2026-04-23 01:12:48.954 DEBUG [main] by.step.client.DataServiceClient - [DataServiceClient#getUserByUsername] <--- HTTP/1.1 200 OK (4ms)
2026-04-23 01:12:48.955 DEBUG [main] by.step.client.DataServiceClient - [DataServiceClient#getUserByUsername] content-type: application/json
2026-04-23 01:12:48.956 DEBUG [main] by.step.client.DataServiceClient - [DataServiceClient#getUserByUsername] matched-stub-id: cf631b99-505e-4de1-a526-7615c4ef8a6d
2026-04-23 01:12:48.956 DEBUG [main] by.step.client.DataServiceClient - [DataServiceClient#getUserByUsername] transfer-encoding: chunked
2026-04-23 01:12:48.957 DEBUG [main] by.step.client.DataServiceClient - [DataServiceClient#getUserByUsername] vary: Accept-Encoding, User-Agent
2026-04-23 01:12:48.957 DEBUG [main] by.step.client.DataServiceClient - [DataServiceClient#getUserByUsername] 
2026-04-23 01:12:48.958 DEBUG [main] by.step.client.DataServiceClient - [DataServiceClient#getUserByUsername] {"id":1,"username":"ivan","email":"ivan@example.com","role":"USER","balance":1000,"registeredAt":"2026-04-23T01:12:48.947562619"}
2026-04-23 01:12:48.958 DEBUG [main] by.step.client.DataServiceClient - [DataServiceClient#getUserByUsername] <--- END HTTP (129-byte body)
2026-04-23 01:12:48.967 DEBUG [main] by.step.client.DataServiceClient - [DataServiceClient#getOrderById] ---> GET http://localhost:10344/api/orders/1 HTTP/1.1
2026-04-23 01:12:48.968 DEBUG [main] by.step.client.DataServiceClient - [DataServiceClient#getOrderById] ---> END HTTP (0-byte body)
2026-04-23 01:12:48.971 INFO  [qtp99534812-98] WireMock - Request received:
127.0.0.1 - GET /api/orders/1

Accept: [*/*]
User-Agent: [Java/17.0.18]
Host: [localhost:10344]
Connection: [keep-alive]



Matched response definition:
{
  "status" : 200,
  "body" : "{\"id\":1,\"customerId\":1,\"customerName\":\"ivan\",\"artistId\":2,\"artistName\":\"petr\",\"status\":\"IN_PROGRESS\",\"description\":\"Test order\",\"price\":1000,\"finalFileUrl\":null,\"createdAt\":\"2026-04-23T01:12:48.964767416\",\"completedAt\":null}",
  "headers" : {
    "Content-Type" : "application/json"
  }
}

Response:
HTTP/1.1 200
Content-Type: [application/json]
Matched-Stub-Id: [cc1f7c24-3dfa-4fa1-84f2-e22dba5a14cd]

2026-04-23 01:12:48.973 DEBUG [main] by.step.client.DataServiceClient - [DataServiceClient#getOrderById] <--- HTTP/1.1 200 OK (4ms)
2026-04-23 01:12:48.973 DEBUG [main] by.step.client.DataServiceClient - [DataServiceClient#getOrderById] content-type: application/json
2026-04-23 01:12:48.973 DEBUG [main] by.step.client.DataServiceClient - [DataServiceClient#getOrderById] matched-stub-id: cc1f7c24-3dfa-4fa1-84f2-e22dba5a14cd
2026-04-23 01:12:48.974 DEBUG [main] by.step.client.DataServiceClient - [DataServiceClient#getOrderById] transfer-encoding: chunked
2026-04-23 01:12:48.974 DEBUG [main] by.step.client.DataServiceClient - [DataServiceClient#getOrderById] vary: Accept-Encoding, User-Agent
2026-04-23 01:12:48.974 DEBUG [main] by.step.client.DataServiceClient - [DataServiceClient#getOrderById] 
2026-04-23 01:12:48.975 DEBUG [main] by.step.client.DataServiceClient - [DataServiceClient#getOrderById] {"id":1,"customerId":1,"customerName":"ivan","artistId":2,"artistName":"petr","status":"IN_PROGRESS","description":"Test order","price":1000,"finalFileUrl":null,"createdAt":"2026-04-23T01:12:48.964767416","completedAt":null}
2026-04-23 01:12:48.975 DEBUG [main] by.step.client.DataServiceClient - [DataServiceClient#getOrderById] <--- END HTTP (224-byte body)
2026-04-23 01:12:48.983 DEBUG [main] by.step.client.DataServiceClient - [DataServiceClient#updateOrderStatus] ---> PUT http://localhost:10344/api/orders/1/status?status=COMPLETED HTTP/1.1
2026-04-23 01:12:48.984 DEBUG [main] by.step.client.DataServiceClient - [DataServiceClient#updateOrderStatus] ---> END HTTP (0-byte body)
2026-04-23 01:12:48.986 INFO  [qtp99534812-100] WireMock - Request received:
127.0.0.1 - PUT /api/orders/1/status?status=COMPLETED

Accept: [*/*]
User-Agent: [Java/17.0.18]
Host: [localhost:10344]
Connection: [keep-alive]
Content-Length: [0]



Matched response definition:
{
  "status" : 200
}

Response:
HTTP/1.1 200
Matched-Stub-Id: [4d1caa51-bb8b-480d-bd2b-40977963152c]

2026-04-23 01:12:48.987 DEBUG [main] by.step.client.DataServiceClient - [DataServiceClient#updateOrderStatus] <--- HTTP/1.1 200 OK (2ms)
2026-04-23 01:12:48.988 DEBUG [main] by.step.client.DataServiceClient - [DataServiceClient#updateOrderStatus] matched-stub-id: 4d1caa51-bb8b-480d-bd2b-40977963152c
2026-04-23 01:12:48.988 DEBUG [main] by.step.client.DataServiceClient - [DataServiceClient#updateOrderStatus] transfer-encoding: chunked
2026-04-23 01:12:48.988 DEBUG [main] by.step.client.DataServiceClient - [DataServiceClient#updateOrderStatus] vary: Accept-Encoding, User-Agent
2026-04-23 01:12:48.989 DEBUG [main] by.step.client.DataServiceClient - [DataServiceClient#updateOrderStatus] 
2026-04-23 01:12:48.989 DEBUG [main] by.step.client.DataServiceClient - [DataServiceClient#updateOrderStatus] <--- END HTTP (0-byte body)
2026-04-23 01:12:48.995 DEBUG [main] by.step.client.DataServiceClient - [DataServiceClient#createOrder] ---> POST http://localhost:10344/api/orders?customerId=1&artistId=2&description=Test%20order&price=1000 HTTP/1.1
2026-04-23 01:12:48.995 DEBUG [main] by.step.client.DataServiceClient - [DataServiceClient#createOrder] ---> END HTTP (0-byte body)
2026-04-23 01:12:49.001 INFO  [qtp99534812-98] WireMock - Request received:
127.0.0.1 - POST /api/orders?customerId=1&artistId=2&description=Test%20order&price=1000

Accept: [*/*]
User-Agent: [Java/17.0.18]
Host: [localhost:10344]
Connection: [keep-alive]
Content-Type: [application/x-www-form-urlencoded]
Content-Length: [0]



Matched response definition:
{
  "status" : 200,
  "body" : "{\"id\":1,\"customerId\":1,\"customerName\":\"ivan\",\"artistId\":2,\"artistName\":\"petr\",\"status\":\"IN_PROGRESS\",\"description\":\"Test order\",\"price\":1000,\"finalFileUrl\":null,\"createdAt\":\"2026-04-23T01:12:48.99325539\",\"completedAt\":null}",
  "headers" : {
    "Content-Type" : "application/json"
  }
}

Response:
HTTP/1.1 200
Content-Type: [application/json]
Matched-Stub-Id: [bc876692-aecf-4df7-828d-977a15f5b60d]

2026-04-23 01:12:49.003 DEBUG [main] by.step.client.DataServiceClient - [DataServiceClient#createOrder] <--- HTTP/1.1 200 OK (6ms)
2026-04-23 01:12:49.004 DEBUG [main] by.step.client.DataServiceClient - [DataServiceClient#createOrder] content-type: application/json
2026-04-23 01:12:49.004 DEBUG [main] by.step.client.DataServiceClient - [DataServiceClient#createOrder] matched-stub-id: bc876692-aecf-4df7-828d-977a15f5b60d
2026-04-23 01:12:49.004 DEBUG [main] by.step.client.DataServiceClient - [DataServiceClient#createOrder] transfer-encoding: chunked
2026-04-23 01:12:49.005 DEBUG [main] by.step.client.DataServiceClient - [DataServiceClient#createOrder] vary: Accept-Encoding, User-Agent
2026-04-23 01:12:49.005 DEBUG [main] by.step.client.DataServiceClient - [DataServiceClient#createOrder] 
2026-04-23 01:12:49.005 DEBUG [main] by.step.client.DataServiceClient - [DataServiceClient#createOrder] {"id":1,"customerId":1,"customerName":"ivan","artistId":2,"artistName":"petr","status":"IN_PROGRESS","description":"Test order","price":1000,"finalFileUrl":null,"createdAt":"2026-04-23T01:12:48.99325539","completedAt":null}
2026-04-23 01:12:49.006 DEBUG [main] by.step.client.DataServiceClient - [DataServiceClient#createOrder] <--- END HTTP (223-byte body)
2026-04-23 01:12:49.012 DEBUG [main] by.step.client.DataServiceClient - [DataServiceClient#getAllUsers] ---> GET http://localhost:10344/api/users HTTP/1.1
2026-04-23 01:12:49.012 DEBUG [main] by.step.client.DataServiceClient - [DataServiceClient#getAllUsers] ---> END HTTP (0-byte body)
2026-04-23 01:12:49.015 INFO  [qtp99534812-100] WireMock - Request received:
127.0.0.1 - GET /api/users

Accept: [*/*]
User-Agent: [Java/17.0.18]
Host: [localhost:10344]
Connection: [keep-alive]



Matched response definition:
{
  "status" : 200,
  "body" : "[{\"id\":1,\"username\":\"ivan\",\"email\":\"ivan@example.com\",\"role\":\"USER\",\"balance\":1000,\"registeredAt\":\"2026-04-23T01:12:49.010479172\"}]",
  "headers" : {
    "Content-Type" : "application/json"
  }
}

Response:
HTTP/1.1 200
Content-Type: [application/json]
Matched-Stub-Id: [8fb597c8-1279-45f0-982f-802baf44bd07]

2026-04-23 01:12:49.017 DEBUG [main] by.step.client.DataServiceClient - [DataServiceClient#getAllUsers] <--- HTTP/1.1 200 OK (4ms)
2026-04-23 01:12:49.017 DEBUG [main] by.step.client.DataServiceClient - [DataServiceClient#getAllUsers] content-type: application/json
2026-04-23 01:12:49.018 DEBUG [main] by.step.client.DataServiceClient - [DataServiceClient#getAllUsers] matched-stub-id: 8fb597c8-1279-45f0-982f-802baf44bd07
2026-04-23 01:12:49.018 DEBUG [main] by.step.client.DataServiceClient - [DataServiceClient#getAllUsers] transfer-encoding: chunked
2026-04-23 01:12:49.019 DEBUG [main] by.step.client.DataServiceClient - [DataServiceClient#getAllUsers] vary: Accept-Encoding, User-Agent
2026-04-23 01:12:49.019 DEBUG [main] by.step.client.DataServiceClient - [DataServiceClient#getAllUsers] 
2026-04-23 01:12:49.020 DEBUG [main] by.step.client.DataServiceClient - [DataServiceClient#getAllUsers] [{"id":1,"username":"ivan","email":"ivan@example.com","role":"USER","balance":1000,"registeredAt":"2026-04-23T01:12:49.010479172"}]
2026-04-23 01:12:49.020 DEBUG [main] by.step.client.DataServiceClient - [DataServiceClient#getAllUsers] <--- END HTTP (131-byte body)
2026-04-23 01:12:49.027 DEBUG [main] by.step.client.DataServiceClient - [DataServiceClient#getUserById] ---> GET http://localhost:10344/api/users/1 HTTP/1.1
2026-04-23 01:12:49.028 DEBUG [main] by.step.client.DataServiceClient - [DataServiceClient#getUserById] ---> END HTTP (0-byte body)
2026-04-23 01:12:49.031 INFO  [qtp99534812-98] WireMock - Request received:
127.0.0.1 - GET /api/users/1

Accept: [*/*]
User-Agent: [Java/17.0.18]
Host: [localhost:10344]
Connection: [keep-alive]



Matched response definition:
{
  "status" : 200,
  "body" : "{\"id\":1,\"username\":\"ivan\",\"email\":\"ivan@example.com\",\"role\":\"USER\",\"balance\":1000,\"registeredAt\":\"2026-04-23T01:12:49.025884833\"}",
  "headers" : {
    "Content-Type" : "application/json"
  }
}

Response:
HTTP/1.1 200
Content-Type: [application/json]
Matched-Stub-Id: [ac296f48-1789-4b46-8bbc-bfdd1990917d]

2026-04-23 01:12:49.033 DEBUG [main] by.step.client.DataServiceClient - [DataServiceClient#getUserById] <--- HTTP/1.1 200 OK (3ms)
2026-04-23 01:12:49.033 DEBUG [main] by.step.client.DataServiceClient - [DataServiceClient#getUserById] content-type: application/json
2026-04-23 01:12:49.034 DEBUG [main] by.step.client.DataServiceClient - [DataServiceClient#getUserById] matched-stub-id: ac296f48-1789-4b46-8bbc-bfdd1990917d
2026-04-23 01:12:49.034 DEBUG [main] by.step.client.DataServiceClient - [DataServiceClient#getUserById] transfer-encoding: chunked
2026-04-23 01:12:49.035 DEBUG [main] by.step.client.DataServiceClient - [DataServiceClient#getUserById] vary: Accept-Encoding, User-Agent
2026-04-23 01:12:49.035 DEBUG [main] by.step.client.DataServiceClient - [DataServiceClient#getUserById] 
2026-04-23 01:12:49.035 DEBUG [main] by.step.client.DataServiceClient - [DataServiceClient#getUserById] {"id":1,"username":"ivan","email":"ivan@example.com","role":"USER","balance":1000,"registeredAt":"2026-04-23T01:12:49.025884833"}
2026-04-23 01:12:49.036 DEBUG [main] by.step.client.DataServiceClient - [DataServiceClient#getUserById] <--- END HTTP (129-byte body)
2026-04-23 01:12:49.379 INFO  [main] b.s.s.impl.OrderBusinessServiceImpl - Calculating total spent: customerId=1
2026-04-23 01:12:49.380 INFO  [main] b.s.s.impl.OrderBusinessServiceImpl - Getting orders by customer from data-service: customerId=1
2026-04-23 01:12:49.412 INFO  [main] b.s.s.impl.OrderBusinessServiceImpl - Cancelling order: orderId=1
2026-04-23 01:12:49.413 INFO  [main] b.s.s.impl.OrderBusinessServiceImpl - Order cancelled successfully
2026-04-23 01:12:49.469 INFO  [main] b.s.s.impl.OrderBusinessServiceImpl - Getting orders by status from data-service: status=NEW
2026-04-23 01:12:49.471 ERROR [main] b.s.s.impl.OrderBusinessServiceImpl - Error getting orders by status NEW: API Error
java.lang.RuntimeException: API Error
	at by.step.service.impl.OrderBusinessServiceImpl.getOrdersByStatus(OrderBusinessServiceImpl.java:143) ~[classes/:na]
	at by.step.service.OrderBusinessServiceTest.getOrdersByStatus_WhenException_ReturnsEmptyList(OrderBusinessServiceTest.java:169) ~[test-classes/:na]
	at java.base/jdk.internal.reflect.NativeMethodAccessorImpl.invoke0(Native Method) ~[na:na]
	at java.base/jdk.internal.reflect.NativeMethodAccessorImpl.invoke(NativeMethodAccessorImpl.java:77) ~[na:na]
	at java.base/jdk.internal.reflect.DelegatingMethodAccessorImpl.invoke(DelegatingMethodAccessorImpl.java:43) ~[na:na]
	at java.base/java.lang.reflect.Method.invoke(Method.java:569) ~[na:na]
	at org.junit.platform.commons.util.ReflectionUtils.invokeMethod(ReflectionUtils.java:728) ~[junit-platform-commons-1.10.1.jar:1.10.1]
	at org.junit.jupiter.engine.execution.MethodInvocation.proceed(MethodInvocation.java:60) ~[junit-jupiter-engine-5.10.1.jar:5.10.1]
	at org.junit.jupiter.engine.execution.InvocationInterceptorChain$ValidatingInvocation.proceed(InvocationInterceptorChain.java:131) ~[junit-jupiter-engine-5.10.1.jar:5.10.1]
	at org.junit.jupiter.engine.extension.TimeoutExtension.intercept(TimeoutExtension.java:156) ~[junit-jupiter-engine-5.10.1.jar:5.10.1]
	at org.junit.jupiter.engine.extension.TimeoutExtension.interceptTestableMethod(TimeoutExtension.java:147) ~[junit-jupiter-engine-5.10.1.jar:5.10.1]
	at org.junit.jupiter.engine.extension.TimeoutExtension.interceptTestMethod(TimeoutExtension.java:86) ~[junit-jupiter-engine-5.10.1.jar:5.10.1]
	at org.junit.jupiter.engine.execution.InterceptingExecutableInvoker$ReflectiveInterceptorCall.lambda$ofVoidMethod$0(InterceptingExecutableInvoker.java:103) ~[junit-jupiter-engine-5.10.1.jar:5.10.1]
	at org.junit.jupiter.engine.execution.InterceptingExecutableInvoker.lambda$invoke$0(InterceptingExecutableInvoker.java:93) ~[junit-jupiter-engine-5.10.1.jar:5.10.1]
	at org.junit.jupiter.engine.execution.InvocationInterceptorChain$InterceptedInvocation.proceed(InvocationInterceptorChain.java:106) ~[junit-jupiter-engine-5.10.1.jar:5.10.1]
	at org.junit.jupiter.engine.execution.InvocationInterceptorChain.proceed(InvocationInterceptorChain.java:64) ~[junit-jupiter-engine-5.10.1.jar:5.10.1]
	at org.junit.jupiter.engine.execution.InvocationInterceptorChain.chainAndInvoke(InvocationInterceptorChain.java:45) ~[junit-jupiter-engine-5.10.1.jar:5.10.1]
	at org.junit.jupiter.engine.execution.InvocationInterceptorChain.invoke(InvocationInterceptorChain.java:37) ~[junit-jupiter-engine-5.10.1.jar:5.10.1]
	at org.junit.jupiter.engine.execution.InterceptingExecutableInvoker.invoke(InterceptingExecutableInvoker.java:92) ~[junit-jupiter-engine-5.10.1.jar:5.10.1]
	at org.junit.jupiter.engine.execution.InterceptingExecutableInvoker.invoke(InterceptingExecutableInvoker.java:86) ~[junit-jupiter-engine-5.10.1.jar:5.10.1]
	at org.junit.jupiter.engine.descriptor.TestMethodTestDescriptor.lambda$invokeTestMethod$7(TestMethodTestDescriptor.java:218) ~[junit-jupiter-engine-5.10.1.jar:5.10.1]
	at org.junit.platform.engine.support.hierarchical.ThrowableCollector.execute(ThrowableCollector.java:73) ~[junit-platform-engine-1.10.1.jar:1.10.1]
	at org.junit.jupiter.engine.descriptor.TestMethodTestDescriptor.invokeTestMethod(TestMethodTestDescriptor.java:214) ~[junit-jupiter-engine-5.10.1.jar:5.10.1]
	at org.junit.jupiter.engine.descriptor.TestMethodTestDescriptor.execute(TestMethodTestDescriptor.java:139) ~[junit-jupiter-engine-5.10.1.jar:5.10.1]
	at org.junit.jupiter.engine.descriptor.TestMethodTestDescriptor.execute(TestMethodTestDescriptor.java:69) ~[junit-jupiter-engine-5.10.1.jar:5.10.1]
	at org.junit.platform.engine.support.hierarchical.NodeTestTask.lambda$executeRecursively$6(NodeTestTask.java:151) ~[junit-platform-engine-1.10.1.jar:1.10.1]
	at org.junit.platform.engine.support.hierarchical.ThrowableCollector.execute(ThrowableCollector.java:73) ~[junit-platform-engine-1.10.1.jar:1.10.1]
	at org.junit.platform.engine.support.hierarchical.NodeTestTask.lambda$executeRecursively$8(NodeTestTask.java:141) ~[junit-platform-engine-1.10.1.jar:1.10.1]
	at org.junit.platform.engine.support.hierarchical.Node.around(Node.java:137) ~[junit-platform-engine-1.10.1.jar:1.10.1]
	at org.junit.platform.engine.support.hierarchical.NodeTestTask.lambda$executeRecursively$9(NodeTestTask.java:139) ~[junit-platform-engine-1.10.1.jar:1.10.1]
	at org.junit.platform.engine.support.hierarchical.ThrowableCollector.execute(ThrowableCollector.java:73) ~[junit-platform-engine-1.10.1.jar:1.10.1]
	at org.junit.platform.engine.support.hierarchical.NodeTestTask.executeRecursively(NodeTestTask.java:138) ~[junit-platform-engine-1.10.1.jar:1.10.1]
	at org.junit.platform.engine.support.hierarchical.NodeTestTask.execute(NodeTestTask.java:95) ~[junit-platform-engine-1.10.1.jar:1.10.1]
	at java.base/java.util.ArrayList.forEach(ArrayList.java:1511) ~[na:na]
	at org.junit.platform.engine.support.hierarchical.SameThreadHierarchicalTestExecutorService.invokeAll(SameThreadHierarchicalTestExecutorService.java:41) ~[junit-platform-engine-1.10.1.jar:1.10.1]
	at org.junit.platform.engine.support.hierarchical.NodeTestTask.lambda$executeRecursively$6(NodeTestTask.java:155) ~[junit-platform-engine-1.10.1.jar:1.10.1]
	at org.junit.platform.engine.support.hierarchical.ThrowableCollector.execute(ThrowableCollector.java:73) ~[junit-platform-engine-1.10.1.jar:1.10.1]
	at org.junit.platform.engine.support.hierarchical.NodeTestTask.lambda$executeRecursively$8(NodeTestTask.java:141) ~[junit-platform-engine-1.10.1.jar:1.10.1]
	at org.junit.platform.engine.support.hierarchical.Node.around(Node.java:137) ~[junit-platform-engine-1.10.1.jar:1.10.1]
	at org.junit.platform.engine.support.hierarchical.NodeTestTask.lambda$executeRecursively$9(NodeTestTask.java:139) ~[junit-platform-engine-1.10.1.jar:1.10.1]
	at org.junit.platform.engine.support.hierarchical.ThrowableCollector.execute(ThrowableCollector.java:73) ~[junit-platform-engine-1.10.1.jar:1.10.1]
	at org.junit.platform.engine.support.hierarchical.NodeTestTask.executeRecursively(NodeTestTask.java:138) ~[junit-platform-engine-1.10.1.jar:1.10.1]
	at org.junit.platform.engine.support.hierarchical.NodeTestTask.execute(NodeTestTask.java:95) ~[junit-platform-engine-1.10.1.jar:1.10.1]
	at java.base/java.util.ArrayList.forEach(ArrayList.java:1511) ~[na:na]
	at org.junit.platform.engine.support.hierarchical.SameThreadHierarchicalTestExecutorService.invokeAll(SameThreadHierarchicalTestExecutorService.java:41) ~[junit-platform-engine-1.10.1.jar:1.10.1]
	at org.junit.platform.engine.support.hierarchical.NodeTestTask.lambda$executeRecursively$6(NodeTestTask.java:155) ~[junit-platform-engine-1.10.1.jar:1.10.1]
	at org.junit.platform.engine.support.hierarchical.ThrowableCollector.execute(ThrowableCollector.java:73) ~[junit-platform-engine-1.10.1.jar:1.10.1]
	at org.junit.platform.engine.support.hierarchical.NodeTestTask.lambda$executeRecursively$8(NodeTestTask.java:141) ~[junit-platform-engine-1.10.1.jar:1.10.1]
	at org.junit.platform.engine.support.hierarchical.Node.around(Node.java:137) ~[junit-platform-engine-1.10.1.jar:1.10.1]
	at org.junit.platform.engine.support.hierarchical.NodeTestTask.lambda$executeRecursively$9(NodeTestTask.java:139) ~[junit-platform-engine-1.10.1.jar:1.10.1]
	at org.junit.platform.engine.support.hierarchical.ThrowableCollector.execute(ThrowableCollector.java:73) ~[junit-platform-engine-1.10.1.jar:1.10.1]
	at org.junit.platform.engine.support.hierarchical.NodeTestTask.executeRecursively(NodeTestTask.java:138) ~[junit-platform-engine-1.10.1.jar:1.10.1]
	at org.junit.platform.engine.support.hierarchical.NodeTestTask.execute(NodeTestTask.java:95) ~[junit-platform-engine-1.10.1.jar:1.10.1]
	at org.junit.platform.engine.support.hierarchical.SameThreadHierarchicalTestExecutorService.submit(SameThreadHierarchicalTestExecutorService.java:35) ~[junit-platform-engine-1.10.1.jar:1.10.1]
	at org.junit.platform.engine.support.hierarchical.HierarchicalTestExecutor.execute(HierarchicalTestExecutor.java:57) ~[junit-platform-engine-1.10.1.jar:1.10.1]
	at org.junit.platform.engine.support.hierarchical.HierarchicalTestEngine.execute(HierarchicalTestEngine.java:54) ~[junit-platform-engine-1.10.1.jar:1.10.1]
	at org.junit.platform.launcher.core.EngineExecutionOrchestrator.execute(EngineExecutionOrchestrator.java:198) ~[junit-platform-launcher-1.10.1.jar:1.10.1]
	at org.junit.platform.launcher.core.EngineExecutionOrchestrator.execute(EngineExecutionOrchestrator.java:169) ~[junit-platform-launcher-1.10.1.jar:1.10.1]
	at org.junit.platform.launcher.core.EngineExecutionOrchestrator.execute(EngineExecutionOrchestrator.java:93) ~[junit-platform-launcher-1.10.1.jar:1.10.1]
	at org.junit.platform.launcher.core.EngineExecutionOrchestrator.lambda$execute$0(EngineExecutionOrchestrator.java:58) ~[junit-platform-launcher-1.10.1.jar:1.10.1]
	at org.junit.platform.launcher.core.EngineExecutionOrchestrator.withInterceptedStreams(EngineExecutionOrchestrator.java:141) ~[junit-platform-launcher-1.10.1.jar:1.10.1]
	at org.junit.platform.launcher.core.EngineExecutionOrchestrator.execute(EngineExecutionOrchestrator.java:57) ~[junit-platform-launcher-1.10.1.jar:1.10.1]
	at org.junit.platform.launcher.core.DefaultLauncher.execute(DefaultLauncher.java:103) ~[junit-platform-launcher-1.10.1.jar:1.10.1]
	at org.junit.platform.launcher.core.DefaultLauncher.execute(DefaultLauncher.java:85) ~[junit-platform-launcher-1.10.1.jar:1.10.1]
	at org.junit.platform.launcher.core.DelegatingLauncher.execute(DelegatingLauncher.java:47) ~[junit-platform-launcher-1.10.1.jar:1.10.1]
	at org.apache.maven.surefire.junitplatform.LazyLauncher.execute(LazyLauncher.java:56) ~[surefire-junit-platform-3.1.2.jar:3.1.2]
	at org.apache.maven.surefire.junitplatform.JUnitPlatformProvider.execute(JUnitPlatformProvider.java:184) ~[surefire-junit-platform-3.1.2.jar:3.1.2]
	at org.apache.maven.surefire.junitplatform.JUnitPlatformProvider.invokeAllTests(JUnitPlatformProvider.java:148) ~[surefire-junit-platform-3.1.2.jar:3.1.2]
	at org.apache.maven.surefire.junitplatform.JUnitPlatformProvider.invoke(JUnitPlatformProvider.java:122) ~[surefire-junit-platform-3.1.2.jar:3.1.2]
	at org.apache.maven.surefire.booter.ForkedBooter.runSuitesInProcess(ForkedBooter.java:385) ~[surefire-booter-3.1.2.jar:3.1.2]
	at org.apache.maven.surefire.booter.ForkedBooter.execute(ForkedBooter.java:162) ~[surefire-booter-3.1.2.jar:3.1.2]
	at org.apache.maven.surefire.booter.ForkedBooter.run(ForkedBooter.java:507) ~[surefire-booter-3.1.2.jar:3.1.2]
	at org.apache.maven.surefire.booter.ForkedBooter.main(ForkedBooter.java:495) ~[surefire-booter-3.1.2.jar:3.1.2]
2026-04-23 01:12:49.495 INFO  [main] b.s.s.impl.OrderBusinessServiceImpl - Calculating total spent: customerId=1
2026-04-23 01:12:49.496 INFO  [main] b.s.s.impl.OrderBusinessServiceImpl - Getting orders by customer from data-service: customerId=1
2026-04-23 01:12:49.501 INFO  [main] b.s.s.impl.OrderBusinessServiceImpl - Getting artist earnings from data-service: artistId=2
2026-04-23 01:12:49.502 ERROR [main] b.s.s.impl.OrderBusinessServiceImpl - Error getting artist earnings: API Error
java.lang.RuntimeException: API Error
	at by.step.service.impl.OrderBusinessServiceImpl.getArtistEarnings(OrderBusinessServiceImpl.java:293) ~[classes/:na]
	at by.step.service.OrderBusinessServiceTest.getArtistEarnings_WhenException_ReturnsZero(OrderBusinessServiceTest.java:251) ~[test-classes/:na]
	at java.base/jdk.internal.reflect.NativeMethodAccessorImpl.invoke0(Native Method) ~[na:na]
	at java.base/jdk.internal.reflect.NativeMethodAccessorImpl.invoke(NativeMethodAccessorImpl.java:77) ~[na:na]
	at java.base/jdk.internal.reflect.DelegatingMethodAccessorImpl.invoke(DelegatingMethodAccessorImpl.java:43) ~[na:na]
	at java.base/java.lang.reflect.Method.invoke(Method.java:569) ~[na:na]
	at org.junit.platform.commons.util.ReflectionUtils.invokeMethod(ReflectionUtils.java:728) ~[junit-platform-commons-1.10.1.jar:1.10.1]
	at org.junit.jupiter.engine.execution.MethodInvocation.proceed(MethodInvocation.java:60) ~[junit-jupiter-engine-5.10.1.jar:5.10.1]
	at org.junit.jupiter.engine.execution.InvocationInterceptorChain$ValidatingInvocation.proceed(InvocationInterceptorChain.java:131) ~[junit-jupiter-engine-5.10.1.jar:5.10.1]
	at org.junit.jupiter.engine.extension.TimeoutExtension.intercept(TimeoutExtension.java:156) ~[junit-jupiter-engine-5.10.1.jar:5.10.1]
	at org.junit.jupiter.engine.extension.TimeoutExtension.interceptTestableMethod(TimeoutExtension.java:147) ~[junit-jupiter-engine-5.10.1.jar:5.10.1]
	at org.junit.jupiter.engine.extension.TimeoutExtension.interceptTestMethod(TimeoutExtension.java:86) ~[junit-jupiter-engine-5.10.1.jar:5.10.1]
	at org.junit.jupiter.engine.execution.InterceptingExecutableInvoker$ReflectiveInterceptorCall.lambda$ofVoidMethod$0(InterceptingExecutableInvoker.java:103) ~[junit-jupiter-engine-5.10.1.jar:5.10.1]
	at org.junit.jupiter.engine.execution.InterceptingExecutableInvoker.lambda$invoke$0(InterceptingExecutableInvoker.java:93) ~[junit-jupiter-engine-5.10.1.jar:5.10.1]
	at org.junit.jupiter.engine.execution.InvocationInterceptorChain$InterceptedInvocation.proceed(InvocationInterceptorChain.java:106) ~[junit-jupiter-engine-5.10.1.jar:5.10.1]
	at org.junit.jupiter.engine.execution.InvocationInterceptorChain.proceed(InvocationInterceptorChain.java:64) ~[junit-jupiter-engine-5.10.1.jar:5.10.1]
	at org.junit.jupiter.engine.execution.InvocationInterceptorChain.chainAndInvoke(InvocationInterceptorChain.java:45) ~[junit-jupiter-engine-5.10.1.jar:5.10.1]
	at org.junit.jupiter.engine.execution.InvocationInterceptorChain.invoke(InvocationInterceptorChain.java:37) ~[junit-jupiter-engine-5.10.1.jar:5.10.1]
	at org.junit.jupiter.engine.execution.InterceptingExecutableInvoker.invoke(InterceptingExecutableInvoker.java:92) ~[junit-jupiter-engine-5.10.1.jar:5.10.1]
	at org.junit.jupiter.engine.execution.InterceptingExecutableInvoker.invoke(InterceptingExecutableInvoker.java:86) ~[junit-jupiter-engine-5.10.1.jar:5.10.1]
	at org.junit.jupiter.engine.descriptor.TestMethodTestDescriptor.lambda$invokeTestMethod$7(TestMethodTestDescriptor.java:218) ~[junit-jupiter-engine-5.10.1.jar:5.10.1]
	at org.junit.platform.engine.support.hierarchical.ThrowableCollector.execute(ThrowableCollector.java:73) ~[junit-platform-engine-1.10.1.jar:1.10.1]
	at org.junit.jupiter.engine.descriptor.TestMethodTestDescriptor.invokeTestMethod(TestMethodTestDescriptor.java:214) ~[junit-jupiter-engine-5.10.1.jar:5.10.1]
	at org.junit.jupiter.engine.descriptor.TestMethodTestDescriptor.execute(TestMethodTestDescriptor.java:139) ~[junit-jupiter-engine-5.10.1.jar:5.10.1]
	at org.junit.jupiter.engine.descriptor.TestMethodTestDescriptor.execute(TestMethodTestDescriptor.java:69) ~[junit-jupiter-engine-5.10.1.jar:5.10.1]
	at org.junit.platform.engine.support.hierarchical.NodeTestTask.lambda$executeRecursively$6(NodeTestTask.java:151) ~[junit-platform-engine-1.10.1.jar:1.10.1]
	at org.junit.platform.engine.support.hierarchical.ThrowableCollector.execute(ThrowableCollector.java:73) ~[junit-platform-engine-1.10.1.jar:1.10.1]
	at org.junit.platform.engine.support.hierarchical.NodeTestTask.lambda$executeRecursively$8(NodeTestTask.java:141) ~[junit-platform-engine-1.10.1.jar:1.10.1]
	at org.junit.platform.engine.support.hierarchical.Node.around(Node.java:137) ~[junit-platform-engine-1.10.1.jar:1.10.1]
	at org.junit.platform.engine.support.hierarchical.NodeTestTask.lambda$executeRecursively$9(NodeTestTask.java:139) ~[junit-platform-engine-1.10.1.jar:1.10.1]
	at org.junit.platform.engine.support.hierarchical.ThrowableCollector.execute(ThrowableCollector.java:73) ~[junit-platform-engine-1.10.1.jar:1.10.1]
	at org.junit.platform.engine.support.hierarchical.NodeTestTask.executeRecursively(NodeTestTask.java:138) ~[junit-platform-engine-1.10.1.jar:1.10.1]
	at org.junit.platform.engine.support.hierarchical.NodeTestTask.execute(NodeTestTask.java:95) ~[junit-platform-engine-1.10.1.jar:1.10.1]
	at java.base/java.util.ArrayList.forEach(ArrayList.java:1511) ~[na:na]
	at org.junit.platform.engine.support.hierarchical.SameThreadHierarchicalTestExecutorService.invokeAll(SameThreadHierarchicalTestExecutorService.java:41) ~[junit-platform-engine-1.10.1.jar:1.10.1]
	at org.junit.platform.engine.support.hierarchical.NodeTestTask.lambda$executeRecursively$6(NodeTestTask.java:155) ~[junit-platform-engine-1.10.1.jar:1.10.1]
	at org.junit.platform.engine.support.hierarchical.ThrowableCollector.execute(ThrowableCollector.java:73) ~[junit-platform-engine-1.10.1.jar:1.10.1]
	at org.junit.platform.engine.support.hierarchical.NodeTestTask.lambda$executeRecursively$8(NodeTestTask.java:141) ~[junit-platform-engine-1.10.1.jar:1.10.1]
	at org.junit.platform.engine.support.hierarchical.Node.around(Node.java:137) ~[junit-platform-engine-1.10.1.jar:1.10.1]
	at org.junit.platform.engine.support.hierarchical.NodeTestTask.lambda$executeRecursively$9(NodeTestTask.java:139) ~[junit-platform-engine-1.10.1.jar:1.10.1]
	at org.junit.platform.engine.support.hierarchical.ThrowableCollector.execute(ThrowableCollector.java:73) ~[junit-platform-engine-1.10.1.jar:1.10.1]
	at org.junit.platform.engine.support.hierarchical.NodeTestTask.executeRecursively(NodeTestTask.java:138) ~[junit-platform-engine-1.10.1.jar:1.10.1]
	at org.junit.platform.engine.support.hierarchical.NodeTestTask.execute(NodeTestTask.java:95) ~[junit-platform-engine-1.10.1.jar:1.10.1]
	at java.base/java.util.ArrayList.forEach(ArrayList.java:1511) ~[na:na]
	at org.junit.platform.engine.support.hierarchical.SameThreadHierarchicalTestExecutorService.invokeAll(SameThreadHierarchicalTestExecutorService.java:41) ~[junit-platform-engine-1.10.1.jar:1.10.1]
	at org.junit.platform.engine.support.hierarchical.NodeTestTask.lambda$executeRecursively$6(NodeTestTask.java:155) ~[junit-platform-engine-1.10.1.jar:1.10.1]
	at org.junit.platform.engine.support.hierarchical.ThrowableCollector.execute(ThrowableCollector.java:73) ~[junit-platform-engine-1.10.1.jar:1.10.1]
	at org.junit.platform.engine.support.hierarchical.NodeTestTask.lambda$executeRecursively$8(NodeTestTask.java:141) ~[junit-platform-engine-1.10.1.jar:1.10.1]
	at org.junit.platform.engine.support.hierarchical.Node.around(Node.java:137) ~[junit-platform-engine-1.10.1.jar:1.10.1]
	at org.junit.platform.engine.support.hierarchical.NodeTestTask.lambda$executeRecursively$9(NodeTestTask.java:139) ~[junit-platform-engine-1.10.1.jar:1.10.1]
	at org.junit.platform.engine.support.hierarchical.ThrowableCollector.execute(ThrowableCollector.java:73) ~[junit-platform-engine-1.10.1.jar:1.10.1]
	at org.junit.platform.engine.support.hierarchical.NodeTestTask.executeRecursively(NodeTestTask.java:138) ~[junit-platform-engine-1.10.1.jar:1.10.1]
	at org.junit.platform.engine.support.hierarchical.NodeTestTask.execute(NodeTestTask.java:95) ~[junit-platform-engine-1.10.1.jar:1.10.1]
	at org.junit.platform.engine.support.hierarchical.SameThreadHierarchicalTestExecutorService.submit(SameThreadHierarchicalTestExecutorService.java:35) ~[junit-platform-engine-1.10.1.jar:1.10.1]
	at org.junit.platform.engine.support.hierarchical.HierarchicalTestExecutor.execute(HierarchicalTestExecutor.java:57) ~[junit-platform-engine-1.10.1.jar:1.10.1]
	at org.junit.platform.engine.support.hierarchical.HierarchicalTestEngine.execute(HierarchicalTestEngine.java:54) ~[junit-platform-engine-1.10.1.jar:1.10.1]
	at org.junit.platform.launcher.core.EngineExecutionOrchestrator.execute(EngineExecutionOrchestrator.java:198) ~[junit-platform-launcher-1.10.1.jar:1.10.1]
	at org.junit.platform.launcher.core.EngineExecutionOrchestrator.execute(EngineExecutionOrchestrator.java:169) ~[junit-platform-launcher-1.10.1.jar:1.10.1]
	at org.junit.platform.launcher.core.EngineExecutionOrchestrator.execute(EngineExecutionOrchestrator.java:93) ~[junit-platform-launcher-1.10.1.jar:1.10.1]
	at org.junit.platform.launcher.core.EngineExecutionOrchestrator.lambda$execute$0(EngineExecutionOrchestrator.java:58) ~[junit-platform-launcher-1.10.1.jar:1.10.1]
	at org.junit.platform.launcher.core.EngineExecutionOrchestrator.withInterceptedStreams(EngineExecutionOrchestrator.java:141) ~[junit-platform-launcher-1.10.1.jar:1.10.1]
	at org.junit.platform.launcher.core.EngineExecutionOrchestrator.execute(EngineExecutionOrchestrator.java:57) ~[junit-platform-launcher-1.10.1.jar:1.10.1]
	at org.junit.platform.launcher.core.DefaultLauncher.execute(DefaultLauncher.java:103) ~[junit-platform-launcher-1.10.1.jar:1.10.1]
	at org.junit.platform.launcher.core.DefaultLauncher.execute(DefaultLauncher.java:85) ~[junit-platform-launcher-1.10.1.jar:1.10.1]
	at org.junit.platform.launcher.core.DelegatingLauncher.execute(DelegatingLauncher.java:47) ~[junit-platform-launcher-1.10.1.jar:1.10.1]
	at org.apache.maven.surefire.junitplatform.LazyLauncher.execute(LazyLauncher.java:56) ~[surefire-junit-platform-3.1.2.jar:3.1.2]
	at org.apache.maven.surefire.junitplatform.JUnitPlatformProvider.execute(JUnitPlatformProvider.java:184) ~[surefire-junit-platform-3.1.2.jar:3.1.2]
	at org.apache.maven.surefire.junitplatform.JUnitPlatformProvider.invokeAllTests(JUnitPlatformProvider.java:148) ~[surefire-junit-platform-3.1.2.jar:3.1.2]
	at org.apache.maven.surefire.junitplatform.JUnitPlatformProvider.invoke(JUnitPlatformProvider.java:122) ~[surefire-junit-platform-3.1.2.jar:3.1.2]
	at org.apache.maven.surefire.booter.ForkedBooter.runSuitesInProcess(ForkedBooter.java:385) ~[surefire-booter-3.1.2.jar:3.1.2]
	at org.apache.maven.surefire.booter.ForkedBooter.execute(ForkedBooter.java:162) ~[surefire-booter-3.1.2.jar:3.1.2]
	at org.apache.maven.surefire.booter.ForkedBooter.run(ForkedBooter.java:507) ~[surefire-booter-3.1.2.jar:3.1.2]
	at org.apache.maven.surefire.booter.ForkedBooter.main(ForkedBooter.java:495) ~[surefire-booter-3.1.2.jar:3.1.2]
2026-04-23 01:12:49.506 INFO  [main] b.s.s.impl.OrderBusinessServiceImpl - Updating order status: orderId=1, status=COMPLETED
2026-04-23 01:12:49.508 INFO  [main] b.s.s.impl.OrderBusinessServiceImpl - Order status updated successfully
2026-04-23 01:12:49.514 INFO  [main] b.s.s.impl.OrderBusinessServiceImpl - Getting orders by customer from data-service: customerId=1
2026-04-23 01:12:49.515 ERROR [main] b.s.s.impl.OrderBusinessServiceImpl - Error getting orders by customer 1: API Error
java.lang.RuntimeException: API Error
	at by.step.service.impl.OrderBusinessServiceImpl.getOrdersByCustomer(OrderBusinessServiceImpl.java:97) ~[classes/:na]
	at by.step.service.OrderBusinessServiceTest.getOrdersByCustomer_WhenException_ReturnsEmptyList(OrderBusinessServiceTest.java:275) ~[test-classes/:na]
	at java.base/jdk.internal.reflect.NativeMethodAccessorImpl.invoke0(Native Method) ~[na:na]
	at java.base/jdk.internal.reflect.NativeMethodAccessorImpl.invoke(NativeMethodAccessorImpl.java:77) ~[na:na]
	at java.base/jdk.internal.reflect.DelegatingMethodAccessorImpl.invoke(DelegatingMethodAccessorImpl.java:43) ~[na:na]
	at java.base/java.lang.reflect.Method.invoke(Method.java:569) ~[na:na]
	at org.junit.platform.commons.util.ReflectionUtils.invokeMethod(ReflectionUtils.java:728) ~[junit-platform-commons-1.10.1.jar:1.10.1]
	at org.junit.jupiter.engine.execution.MethodInvocation.proceed(MethodInvocation.java:60) ~[junit-jupiter-engine-5.10.1.jar:5.10.1]
	at org.junit.jupiter.engine.execution.InvocationInterceptorChain$ValidatingInvocation.proceed(InvocationInterceptorChain.java:131) ~[junit-jupiter-engine-5.10.1.jar:5.10.1]
	at org.junit.jupiter.engine.extension.TimeoutExtension.intercept(TimeoutExtension.java:156) ~[junit-jupiter-engine-5.10.1.jar:5.10.1]
	at org.junit.jupiter.engine.extension.TimeoutExtension.interceptTestableMethod(TimeoutExtension.java:147) ~[junit-jupiter-engine-5.10.1.jar:5.10.1]
	at org.junit.jupiter.engine.extension.TimeoutExtension.interceptTestMethod(TimeoutExtension.java:86) ~[junit-jupiter-engine-5.10.1.jar:5.10.1]
	at org.junit.jupiter.engine.execution.InterceptingExecutableInvoker$ReflectiveInterceptorCall.lambda$ofVoidMethod$0(InterceptingExecutableInvoker.java:103) ~[junit-jupiter-engine-5.10.1.jar:5.10.1]
	at org.junit.jupiter.engine.execution.InterceptingExecutableInvoker.lambda$invoke$0(InterceptingExecutableInvoker.java:93) ~[junit-jupiter-engine-5.10.1.jar:5.10.1]
	at org.junit.jupiter.engine.execution.InvocationInterceptorChain$InterceptedInvocation.proceed(InvocationInterceptorChain.java:106) ~[junit-jupiter-engine-5.10.1.jar:5.10.1]
	at org.junit.jupiter.engine.execution.InvocationInterceptorChain.proceed(InvocationInterceptorChain.java:64) ~[junit-jupiter-engine-5.10.1.jar:5.10.1]
	at org.junit.jupiter.engine.execution.InvocationInterceptorChain.chainAndInvoke(InvocationInterceptorChain.java:45) ~[junit-jupiter-engine-5.10.1.jar:5.10.1]
	at org.junit.jupiter.engine.execution.InvocationInterceptorChain.invoke(InvocationInterceptorChain.java:37) ~[junit-jupiter-engine-5.10.1.jar:5.10.1]
	at org.junit.jupiter.engine.execution.InterceptingExecutableInvoker.invoke(InterceptingExecutableInvoker.java:92) ~[junit-jupiter-engine-5.10.1.jar:5.10.1]
	at org.junit.jupiter.engine.execution.InterceptingExecutableInvoker.invoke(InterceptingExecutableInvoker.java:86) ~[junit-jupiter-engine-5.10.1.jar:5.10.1]
	at org.junit.jupiter.engine.descriptor.TestMethodTestDescriptor.lambda$invokeTestMethod$7(TestMethodTestDescriptor.java:218) ~[junit-jupiter-engine-5.10.1.jar:5.10.1]
	at org.junit.platform.engine.support.hierarchical.ThrowableCollector.execute(ThrowableCollector.java:73) ~[junit-platform-engine-1.10.1.jar:1.10.1]
	at org.junit.jupiter.engine.descriptor.TestMethodTestDescriptor.invokeTestMethod(TestMethodTestDescriptor.java:214) ~[junit-jupiter-engine-5.10.1.jar:5.10.1]
	at org.junit.jupiter.engine.descriptor.TestMethodTestDescriptor.execute(TestMethodTestDescriptor.java:139) ~[junit-jupiter-engine-5.10.1.jar:5.10.1]
	at org.junit.jupiter.engine.descriptor.TestMethodTestDescriptor.execute(TestMethodTestDescriptor.java:69) ~[junit-jupiter-engine-5.10.1.jar:5.10.1]
	at org.junit.platform.engine.support.hierarchical.NodeTestTask.lambda$executeRecursively$6(NodeTestTask.java:151) ~[junit-platform-engine-1.10.1.jar:1.10.1]
	at org.junit.platform.engine.support.hierarchical.ThrowableCollector.execute(ThrowableCollector.java:73) ~[junit-platform-engine-1.10.1.jar:1.10.1]
	at org.junit.platform.engine.support.hierarchical.NodeTestTask.lambda$executeRecursively$8(NodeTestTask.java:141) ~[junit-platform-engine-1.10.1.jar:1.10.1]
	at org.junit.platform.engine.support.hierarchical.Node.around(Node.java:137) ~[junit-platform-engine-1.10.1.jar:1.10.1]
	at org.junit.platform.engine.support.hierarchical.NodeTestTask.lambda$executeRecursively$9(NodeTestTask.java:139) ~[junit-platform-engine-1.10.1.jar:1.10.1]
	at org.junit.platform.engine.support.hierarchical.ThrowableCollector.execute(ThrowableCollector.java:73) ~[junit-platform-engine-1.10.1.jar:1.10.1]
	at org.junit.platform.engine.support.hierarchical.NodeTestTask.executeRecursively(NodeTestTask.java:138) ~[junit-platform-engine-1.10.1.jar:1.10.1]
	at org.junit.platform.engine.support.hierarchical.NodeTestTask.execute(NodeTestTask.java:95) ~[junit-platform-engine-1.10.1.jar:1.10.1]
	at java.base/java.util.ArrayList.forEach(ArrayList.java:1511) ~[na:na]
	at org.junit.platform.engine.support.hierarchical.SameThreadHierarchicalTestExecutorService.invokeAll(SameThreadHierarchicalTestExecutorService.java:41) ~[junit-platform-engine-1.10.1.jar:1.10.1]
	at org.junit.platform.engine.support.hierarchical.NodeTestTask.lambda$executeRecursively$6(NodeTestTask.java:155) ~[junit-platform-engine-1.10.1.jar:1.10.1]
	at org.junit.platform.engine.support.hierarchical.ThrowableCollector.execute(ThrowableCollector.java:73) ~[junit-platform-engine-1.10.1.jar:1.10.1]
	at org.junit.platform.engine.support.hierarchical.NodeTestTask.lambda$executeRecursively$8(NodeTestTask.java:141) ~[junit-platform-engine-1.10.1.jar:1.10.1]
	at org.junit.platform.engine.support.hierarchical.Node.around(Node.java:137) ~[junit-platform-engine-1.10.1.jar:1.10.1]
	at org.junit.platform.engine.support.hierarchical.NodeTestTask.lambda$executeRecursively$9(NodeTestTask.java:139) ~[junit-platform-engine-1.10.1.jar:1.10.1]
	at org.junit.platform.engine.support.hierarchical.ThrowableCollector.execute(ThrowableCollector.java:73) ~[junit-platform-engine-1.10.1.jar:1.10.1]
	at org.junit.platform.engine.support.hierarchical.NodeTestTask.executeRecursively(NodeTestTask.java:138) ~[junit-platform-engine-1.10.1.jar:1.10.1]
	at org.junit.platform.engine.support.hierarchical.NodeTestTask.execute(NodeTestTask.java:95) ~[junit-platform-engine-1.10.1.jar:1.10.1]
	at java.base/java.util.ArrayList.forEach(ArrayList.java:1511) ~[na:na]
	at org.junit.platform.engine.support.hierarchical.SameThreadHierarchicalTestExecutorService.invokeAll(SameThreadHierarchicalTestExecutorService.java:41) ~[junit-platform-engine-1.10.1.jar:1.10.1]
	at org.junit.platform.engine.support.hierarchical.NodeTestTask.lambda$executeRecursively$6(NodeTestTask.java:155) ~[junit-platform-engine-1.10.1.jar:1.10.1]
	at org.junit.platform.engine.support.hierarchical.ThrowableCollector.execute(ThrowableCollector.java:73) ~[junit-platform-engine-1.10.1.jar:1.10.1]
	at org.junit.platform.engine.support.hierarchical.NodeTestTask.lambda$executeRecursively$8(NodeTestTask.java:141) ~[junit-platform-engine-1.10.1.jar:1.10.1]
	at org.junit.platform.engine.support.hierarchical.Node.around(Node.java:137) ~[junit-platform-engine-1.10.1.jar:1.10.1]
	at org.junit.platform.engine.support.hierarchical.NodeTestTask.lambda$executeRecursively$9(NodeTestTask.java:139) ~[junit-platform-engine-1.10.1.jar:1.10.1]
	at org.junit.platform.engine.support.hierarchical.ThrowableCollector.execute(ThrowableCollector.java:73) ~[junit-platform-engine-1.10.1.jar:1.10.1]
	at org.junit.platform.engine.support.hierarchical.NodeTestTask.executeRecursively(NodeTestTask.java:138) ~[junit-platform-engine-1.10.1.jar:1.10.1]
	at org.junit.platform.engine.support.hierarchical.NodeTestTask.execute(NodeTestTask.java:95) ~[junit-platform-engine-1.10.1.jar:1.10.1]
	at org.junit.platform.engine.support.hierarchical.SameThreadHierarchicalTestExecutorService.submit(SameThreadHierarchicalTestExecutorService.java:35) ~[junit-platform-engine-1.10.1.jar:1.10.1]
	at org.junit.platform.engine.support.hierarchical.HierarchicalTestExecutor.execute(HierarchicalTestExecutor.java:57) ~[junit-platform-engine-1.10.1.jar:1.10.1]
	at org.junit.platform.engine.support.hierarchical.HierarchicalTestEngine.execute(HierarchicalTestEngine.java:54) ~[junit-platform-engine-1.10.1.jar:1.10.1]
	at org.junit.platform.launcher.core.EngineExecutionOrchestrator.execute(EngineExecutionOrchestrator.java:198) ~[junit-platform-launcher-1.10.1.jar:1.10.1]
	at org.junit.platform.launcher.core.EngineExecutionOrchestrator.execute(EngineExecutionOrchestrator.java:169) ~[junit-platform-launcher-1.10.1.jar:1.10.1]
	at org.junit.platform.launcher.core.EngineExecutionOrchestrator.execute(EngineExecutionOrchestrator.java:93) ~[junit-platform-launcher-1.10.1.jar:1.10.1]
	at org.junit.platform.launcher.core.EngineExecutionOrchestrator.lambda$execute$0(EngineExecutionOrchestrator.java:58) ~[junit-platform-launcher-1.10.1.jar:1.10.1]
	at org.junit.platform.launcher.core.EngineExecutionOrchestrator.withInterceptedStreams(EngineExecutionOrchestrator.java:141) ~[junit-platform-launcher-1.10.1.jar:1.10.1]
	at org.junit.platform.launcher.core.EngineExecutionOrchestrator.execute(EngineExecutionOrchestrator.java:57) ~[junit-platform-launcher-1.10.1.jar:1.10.1]
	at org.junit.platform.launcher.core.DefaultLauncher.execute(DefaultLauncher.java:103) ~[junit-platform-launcher-1.10.1.jar:1.10.1]
	at org.junit.platform.launcher.core.DefaultLauncher.execute(DefaultLauncher.java:85) ~[junit-platform-launcher-1.10.1.jar:1.10.1]
	at org.junit.platform.launcher.core.DelegatingLauncher.execute(DelegatingLauncher.java:47) ~[junit-platform-launcher-1.10.1.jar:1.10.1]
	at org.apache.maven.surefire.junitplatform.LazyLauncher.execute(LazyLauncher.java:56) ~[surefire-junit-platform-3.1.2.jar:3.1.2]
	at org.apache.maven.surefire.junitplatform.JUnitPlatformProvider.execute(JUnitPlatformProvider.java:184) ~[surefire-junit-platform-3.1.2.jar:3.1.2]
	at org.apache.maven.surefire.junitplatform.JUnitPlatformProvider.invokeAllTests(JUnitPlatformProvider.java:148) ~[surefire-junit-platform-3.1.2.jar:3.1.2]
	at org.apache.maven.surefire.junitplatform.JUnitPlatformProvider.invoke(JUnitPlatformProvider.java:122) ~[surefire-junit-platform-3.1.2.jar:3.1.2]
	at org.apache.maven.surefire.booter.ForkedBooter.runSuitesInProcess(ForkedBooter.java:385) ~[surefire-booter-3.1.2.jar:3.1.2]
	at org.apache.maven.surefire.booter.ForkedBooter.execute(ForkedBooter.java:162) ~[surefire-booter-3.1.2.jar:3.1.2]
	at org.apache.maven.surefire.booter.ForkedBooter.run(ForkedBooter.java:507) ~[surefire-booter-3.1.2.jar:3.1.2]
	at org.apache.maven.surefire.booter.ForkedBooter.main(ForkedBooter.java:495) ~[surefire-booter-3.1.2.jar:3.1.2]
2026-04-23 01:12:49.524 INFO  [main] b.s.s.impl.OrderBusinessServiceImpl - Creating order: customerId=1, artistId=2, price=1000
2026-04-23 01:12:49.526 INFO  [main] b.s.s.impl.OrderBusinessServiceImpl - Order created successfully: OrderDto(id=1, customerId=1, customerName=ivan, artistId=2, artistName=petr, status=IN_PROGRESS, description=Test order, price=1000, finalFileUrl=null, createdAt=2026-04-23T01:12:49.523599248, completedAt=null)
2026-04-23 01:12:49.539 INFO  [main] b.s.s.impl.OrderBusinessServiceImpl - Updating final file: orderId=1, fileUrl=new-file.png
2026-04-23 01:12:49.540 INFO  [main] b.s.s.impl.OrderBusinessServiceImpl - Final file updated successfully
2026-04-23 01:12:49.544 INFO  [main] b.s.s.impl.OrderBusinessServiceImpl - Getting orders by customer from data-service: customerId=1
2026-04-23 01:12:49.548 INFO  [main] b.s.s.impl.OrderBusinessServiceImpl - Getting orders by artist from data-service: artistId=2
2026-04-23 01:12:49.549 ERROR [main] b.s.s.impl.OrderBusinessServiceImpl - Error getting orders by artist 2: API Error
java.lang.RuntimeException: API Error
	at by.step.service.impl.OrderBusinessServiceImpl.getOrdersByArtist(OrderBusinessServiceImpl.java:120) ~[classes/:na]
	at by.step.service.OrderBusinessServiceTest.getOrdersByArtist_WhenException_ReturnsEmptyList(OrderBusinessServiceTest.java:286) ~[test-classes/:na]
	at java.base/jdk.internal.reflect.NativeMethodAccessorImpl.invoke0(Native Method) ~[na:na]
	at java.base/jdk.internal.reflect.NativeMethodAccessorImpl.invoke(NativeMethodAccessorImpl.java:77) ~[na:na]
	at java.base/jdk.internal.reflect.DelegatingMethodAccessorImpl.invoke(DelegatingMethodAccessorImpl.java:43) ~[na:na]
	at java.base/java.lang.reflect.Method.invoke(Method.java:569) ~[na:na]
	at org.junit.platform.commons.util.ReflectionUtils.invokeMethod(ReflectionUtils.java:728) ~[junit-platform-commons-1.10.1.jar:1.10.1]
	at org.junit.jupiter.engine.execution.MethodInvocation.proceed(MethodInvocation.java:60) ~[junit-jupiter-engine-5.10.1.jar:5.10.1]
	at org.junit.jupiter.engine.execution.InvocationInterceptorChain$ValidatingInvocation.proceed(InvocationInterceptorChain.java:131) ~[junit-jupiter-engine-5.10.1.jar:5.10.1]
	at org.junit.jupiter.engine.extension.TimeoutExtension.intercept(TimeoutExtension.java:156) ~[junit-jupiter-engine-5.10.1.jar:5.10.1]
	at org.junit.jupiter.engine.extension.TimeoutExtension.interceptTestableMethod(TimeoutExtension.java:147) ~[junit-jupiter-engine-5.10.1.jar:5.10.1]
	at org.junit.jupiter.engine.extension.TimeoutExtension.interceptTestMethod(TimeoutExtension.java:86) ~[junit-jupiter-engine-5.10.1.jar:5.10.1]
	at org.junit.jupiter.engine.execution.InterceptingExecutableInvoker$ReflectiveInterceptorCall.lambda$ofVoidMethod$0(InterceptingExecutableInvoker.java:103) ~[junit-jupiter-engine-5.10.1.jar:5.10.1]
	at org.junit.jupiter.engine.execution.InterceptingExecutableInvoker.lambda$invoke$0(InterceptingExecutableInvoker.java:93) ~[junit-jupiter-engine-5.10.1.jar:5.10.1]
	at org.junit.jupiter.engine.execution.InvocationInterceptorChain$InterceptedInvocation.proceed(InvocationInterceptorChain.java:106) ~[junit-jupiter-engine-5.10.1.jar:5.10.1]
	at org.junit.jupiter.engine.execution.InvocationInterceptorChain.proceed(InvocationInterceptorChain.java:64) ~[junit-jupiter-engine-5.10.1.jar:5.10.1]
	at org.junit.jupiter.engine.execution.InvocationInterceptorChain.chainAndInvoke(InvocationInterceptorChain.java:45) ~[junit-jupiter-engine-5.10.1.jar:5.10.1]
	at org.junit.jupiter.engine.execution.InvocationInterceptorChain.invoke(InvocationInterceptorChain.java:37) ~[junit-jupiter-engine-5.10.1.jar:5.10.1]
	at org.junit.jupiter.engine.execution.InterceptingExecutableInvoker.invoke(InterceptingExecutableInvoker.java:92) ~[junit-jupiter-engine-5.10.1.jar:5.10.1]
	at org.junit.jupiter.engine.execution.InterceptingExecutableInvoker.invoke(InterceptingExecutableInvoker.java:86) ~[junit-jupiter-engine-5.10.1.jar:5.10.1]
	at org.junit.jupiter.engine.descriptor.TestMethodTestDescriptor.lambda$invokeTestMethod$7(TestMethodTestDescriptor.java:218) ~[junit-jupiter-engine-5.10.1.jar:5.10.1]
	at org.junit.platform.engine.support.hierarchical.ThrowableCollector.execute(ThrowableCollector.java:73) ~[junit-platform-engine-1.10.1.jar:1.10.1]
	at org.junit.jupiter.engine.descriptor.TestMethodTestDescriptor.invokeTestMethod(TestMethodTestDescriptor.java:214) ~[junit-jupiter-engine-5.10.1.jar:5.10.1]
	at org.junit.jupiter.engine.descriptor.TestMethodTestDescriptor.execute(TestMethodTestDescriptor.java:139) ~[junit-jupiter-engine-5.10.1.jar:5.10.1]
	at org.junit.jupiter.engine.descriptor.TestMethodTestDescriptor.execute(TestMethodTestDescriptor.java:69) ~[junit-jupiter-engine-5.10.1.jar:5.10.1]
	at org.junit.platform.engine.support.hierarchical.NodeTestTask.lambda$executeRecursively$6(NodeTestTask.java:151) ~[junit-platform-engine-1.10.1.jar:1.10.1]
	at org.junit.platform.engine.support.hierarchical.ThrowableCollector.execute(ThrowableCollector.java:73) ~[junit-platform-engine-1.10.1.jar:1.10.1]
	at org.junit.platform.engine.support.hierarchical.NodeTestTask.lambda$executeRecursively$8(NodeTestTask.java:141) ~[junit-platform-engine-1.10.1.jar:1.10.1]
	at org.junit.platform.engine.support.hierarchical.Node.around(Node.java:137) ~[junit-platform-engine-1.10.1.jar:1.10.1]
	at org.junit.platform.engine.support.hierarchical.NodeTestTask.lambda$executeRecursively$9(NodeTestTask.java:139) ~[junit-platform-engine-1.10.1.jar:1.10.1]
	at org.junit.platform.engine.support.hierarchical.ThrowableCollector.execute(ThrowableCollector.java:73) ~[junit-platform-engine-1.10.1.jar:1.10.1]
	at org.junit.platform.engine.support.hierarchical.NodeTestTask.executeRecursively(NodeTestTask.java:138) ~[junit-platform-engine-1.10.1.jar:1.10.1]
	at org.junit.platform.engine.support.hierarchical.NodeTestTask.execute(NodeTestTask.java:95) ~[junit-platform-engine-1.10.1.jar:1.10.1]
	at java.base/java.util.ArrayList.forEach(ArrayList.java:1511) ~[na:na]
	at org.junit.platform.engine.support.hierarchical.SameThreadHierarchicalTestExecutorService.invokeAll(SameThreadHierarchicalTestExecutorService.java:41) ~[junit-platform-engine-1.10.1.jar:1.10.1]
	at org.junit.platform.engine.support.hierarchical.NodeTestTask.lambda$executeRecursively$6(NodeTestTask.java:155) ~[junit-platform-engine-1.10.1.jar:1.10.1]
	at org.junit.platform.engine.support.hierarchical.ThrowableCollector.execute(ThrowableCollector.java:73) ~[junit-platform-engine-1.10.1.jar:1.10.1]
	at org.junit.platform.engine.support.hierarchical.NodeTestTask.lambda$executeRecursively$8(NodeTestTask.java:141) ~[junit-platform-engine-1.10.1.jar:1.10.1]
	at org.junit.platform.engine.support.hierarchical.Node.around(Node.java:137) ~[junit-platform-engine-1.10.1.jar:1.10.1]
	at org.junit.platform.engine.support.hierarchical.NodeTestTask.lambda$executeRecursively$9(NodeTestTask.java:139) ~[junit-platform-engine-1.10.1.jar:1.10.1]
	at org.junit.platform.engine.support.hierarchical.ThrowableCollector.execute(ThrowableCollector.java:73) ~[junit-platform-engine-1.10.1.jar:1.10.1]
	at org.junit.platform.engine.support.hierarchical.NodeTestTask.executeRecursively(NodeTestTask.java:138) ~[junit-platform-engine-1.10.1.jar:1.10.1]
	at org.junit.platform.engine.support.hierarchical.NodeTestTask.execute(NodeTestTask.java:95) ~[junit-platform-engine-1.10.1.jar:1.10.1]
	at java.base/java.util.ArrayList.forEach(ArrayList.java:1511) ~[na:na]
	at org.junit.platform.engine.support.hierarchical.SameThreadHierarchicalTestExecutorService.invokeAll(SameThreadHierarchicalTestExecutorService.java:41) ~[junit-platform-engine-1.10.1.jar:1.10.1]
	at org.junit.platform.engine.support.hierarchical.NodeTestTask.lambda$executeRecursively$6(NodeTestTask.java:155) ~[junit-platform-engine-1.10.1.jar:1.10.1]
	at org.junit.platform.engine.support.hierarchical.ThrowableCollector.execute(ThrowableCollector.java:73) ~[junit-platform-engine-1.10.1.jar:1.10.1]
	at org.junit.platform.engine.support.hierarchical.NodeTestTask.lambda$executeRecursively$8(NodeTestTask.java:141) ~[junit-platform-engine-1.10.1.jar:1.10.1]
	at org.junit.platform.engine.support.hierarchical.Node.around(Node.java:137) ~[junit-platform-engine-1.10.1.jar:1.10.1]
	at org.junit.platform.engine.support.hierarchical.NodeTestTask.lambda$executeRecursively$9(NodeTestTask.java:139) ~[junit-platform-engine-1.10.1.jar:1.10.1]
	at org.junit.platform.engine.support.hierarchical.ThrowableCollector.execute(ThrowableCollector.java:73) ~[junit-platform-engine-1.10.1.jar:1.10.1]
	at org.junit.platform.engine.support.hierarchical.NodeTestTask.executeRecursively(NodeTestTask.java:138) ~[junit-platform-engine-1.10.1.jar:1.10.1]
	at org.junit.platform.engine.support.hierarchical.NodeTestTask.execute(NodeTestTask.java:95) ~[junit-platform-engine-1.10.1.jar:1.10.1]
	at org.junit.platform.engine.support.hierarchical.SameThreadHierarchicalTestExecutorService.submit(SameThreadHierarchicalTestExecutorService.java:35) ~[junit-platform-engine-1.10.1.jar:1.10.1]
	at org.junit.platform.engine.support.hierarchical.HierarchicalTestExecutor.execute(HierarchicalTestExecutor.java:57) ~[junit-platform-engine-1.10.1.jar:1.10.1]
	at org.junit.platform.engine.support.hierarchical.HierarchicalTestEngine.execute(HierarchicalTestEngine.java:54) ~[junit-platform-engine-1.10.1.jar:1.10.1]
	at org.junit.platform.launcher.core.EngineExecutionOrchestrator.execute(EngineExecutionOrchestrator.java:198) ~[junit-platform-launcher-1.10.1.jar:1.10.1]
	at org.junit.platform.launcher.core.EngineExecutionOrchestrator.execute(EngineExecutionOrchestrator.java:169) ~[junit-platform-launcher-1.10.1.jar:1.10.1]
	at org.junit.platform.launcher.core.EngineExecutionOrchestrator.execute(EngineExecutionOrchestrator.java:93) ~[junit-platform-launcher-1.10.1.jar:1.10.1]
	at org.junit.platform.launcher.core.EngineExecutionOrchestrator.lambda$execute$0(EngineExecutionOrchestrator.java:58) ~[junit-platform-launcher-1.10.1.jar:1.10.1]
	at org.junit.platform.launcher.core.EngineExecutionOrchestrator.withInterceptedStreams(EngineExecutionOrchestrator.java:141) ~[junit-platform-launcher-1.10.1.jar:1.10.1]
	at org.junit.platform.launcher.core.EngineExecutionOrchestrator.execute(EngineExecutionOrchestrator.java:57) ~[junit-platform-launcher-1.10.1.jar:1.10.1]
	at org.junit.platform.launcher.core.DefaultLauncher.execute(DefaultLauncher.java:103) ~[junit-platform-launcher-1.10.1.jar:1.10.1]
	at org.junit.platform.launcher.core.DefaultLauncher.execute(DefaultLauncher.java:85) ~[junit-platform-launcher-1.10.1.jar:1.10.1]
	at org.junit.platform.launcher.core.DelegatingLauncher.execute(DelegatingLauncher.java:47) ~[junit-platform-launcher-1.10.1.jar:1.10.1]
	at org.apache.maven.surefire.junitplatform.LazyLauncher.execute(LazyLauncher.java:56) ~[surefire-junit-platform-3.1.2.jar:3.1.2]
	at org.apache.maven.surefire.junitplatform.JUnitPlatformProvider.execute(JUnitPlatformProvider.java:184) ~[surefire-junit-platform-3.1.2.jar:3.1.2]
	at org.apache.maven.surefire.junitplatform.JUnitPlatformProvider.invokeAllTests(JUnitPlatformProvider.java:148) ~[surefire-junit-platform-3.1.2.jar:3.1.2]
	at org.apache.maven.surefire.junitplatform.JUnitPlatformProvider.invoke(JUnitPlatformProvider.java:122) ~[surefire-junit-platform-3.1.2.jar:3.1.2]
	at org.apache.maven.surefire.booter.ForkedBooter.runSuitesInProcess(ForkedBooter.java:385) ~[surefire-booter-3.1.2.jar:3.1.2]
	at org.apache.maven.surefire.booter.ForkedBooter.execute(ForkedBooter.java:162) ~[surefire-booter-3.1.2.jar:3.1.2]
	at org.apache.maven.surefire.booter.ForkedBooter.run(ForkedBooter.java:507) ~[surefire-booter-3.1.2.jar:3.1.2]
	at org.apache.maven.surefire.booter.ForkedBooter.main(ForkedBooter.java:495) ~[surefire-booter-3.1.2.jar:3.1.2]
2026-04-23 01:12:49.555 INFO  [main] b.s.s.impl.OrderBusinessServiceImpl - Completing order: orderId=1
2026-04-23 01:12:49.557 INFO  [main] b.s.s.impl.OrderBusinessServiceImpl - Order completed successfully
2026-04-23 01:12:49.564 INFO  [main] b.s.s.impl.OrderBusinessServiceImpl - Updating final file: orderId=1, fileUrl=file.png
2026-04-23 01:12:49.566 ERROR [main] b.s.s.impl.OrderBusinessServiceImpl - Error updating final file: Client error
java.lang.RuntimeException: Client error
	at by.step.service.impl.OrderBusinessServiceImpl.updateFinalFile(OrderBusinessServiceImpl.java:188) ~[classes/:na]
	at by.step.service.OrderBusinessServiceTest.lambda$updateFinalFile_WhenException_ThrowsRuntimeException$6(OrderBusinessServiceTest.java:337) ~[test-classes/:na]
	at org.assertj.core.api.ThrowableAssert.catchThrowable(ThrowableAssert.java:63) ~[assertj-core-3.24.2.jar:na]
	at org.assertj.core.api.AssertionsForClassTypes.catchThrowable(AssertionsForClassTypes.java:892) ~[assertj-core-3.24.2.jar:na]
	at org.assertj.core.api.AssertionsForClassTypes.assertThatThrownBy(AssertionsForClassTypes.java:746) ~[assertj-core-3.24.2.jar:na]
	at by.step.service.OrderBusinessServiceTest.updateFinalFile_WhenException_ThrowsRuntimeException(OrderBusinessServiceTest.java:337) ~[test-classes/:na]
	at java.base/jdk.internal.reflect.NativeMethodAccessorImpl.invoke0(Native Method) ~[na:na]
	at java.base/jdk.internal.reflect.NativeMethodAccessorImpl.invoke(NativeMethodAccessorImpl.java:77) ~[na:na]
	at java.base/jdk.internal.reflect.DelegatingMethodAccessorImpl.invoke(DelegatingMethodAccessorImpl.java:43) ~[na:na]
	at java.base/java.lang.reflect.Method.invoke(Method.java:569) ~[na:na]
	at org.junit.platform.commons.util.ReflectionUtils.invokeMethod(ReflectionUtils.java:728) ~[junit-platform-commons-1.10.1.jar:1.10.1]
	at org.junit.jupiter.engine.execution.MethodInvocation.proceed(MethodInvocation.java:60) ~[junit-jupiter-engine-5.10.1.jar:5.10.1]
	at org.junit.jupiter.engine.execution.InvocationInterceptorChain$ValidatingInvocation.proceed(InvocationInterceptorChain.java:131) ~[junit-jupiter-engine-5.10.1.jar:5.10.1]
	at org.junit.jupiter.engine.extension.TimeoutExtension.intercept(TimeoutExtension.java:156) ~[junit-jupiter-engine-5.10.1.jar:5.10.1]
	at org.junit.jupiter.engine.extension.TimeoutExtension.interceptTestableMethod(TimeoutExtension.java:147) ~[junit-jupiter-engine-5.10.1.jar:5.10.1]
	at org.junit.jupiter.engine.extension.TimeoutExtension.interceptTestMethod(TimeoutExtension.java:86) ~[junit-jupiter-engine-5.10.1.jar:5.10.1]
	at org.junit.jupiter.engine.execution.InterceptingExecutableInvoker$ReflectiveInterceptorCall.lambda$ofVoidMethod$0(InterceptingExecutableInvoker.java:103) ~[junit-jupiter-engine-5.10.1.jar:5.10.1]
	at org.junit.jupiter.engine.execution.InterceptingExecutableInvoker.lambda$invoke$0(InterceptingExecutableInvoker.java:93) ~[junit-jupiter-engine-5.10.1.jar:5.10.1]
	at org.junit.jupiter.engine.execution.InvocationInterceptorChain$InterceptedInvocation.proceed(InvocationInterceptorChain.java:106) ~[junit-jupiter-engine-5.10.1.jar:5.10.1]
	at org.junit.jupiter.engine.execution.InvocationInterceptorChain.proceed(InvocationInterceptorChain.java:64) ~[junit-jupiter-engine-5.10.1.jar:5.10.1]
	at org.junit.jupiter.engine.execution.InvocationInterceptorChain.chainAndInvoke(InvocationInterceptorChain.java:45) ~[junit-jupiter-engine-5.10.1.jar:5.10.1]
	at org.junit.jupiter.engine.execution.InvocationInterceptorChain.invoke(InvocationInterceptorChain.java:37) ~[junit-jupiter-engine-5.10.1.jar:5.10.1]
	at org.junit.jupiter.engine.execution.InterceptingExecutableInvoker.invoke(InterceptingExecutableInvoker.java:92) ~[junit-jupiter-engine-5.10.1.jar:5.10.1]
	at org.junit.jupiter.engine.execution.InterceptingExecutableInvoker.invoke(InterceptingExecutableInvoker.java:86) ~[junit-jupiter-engine-5.10.1.jar:5.10.1]
	at org.junit.jupiter.engine.descriptor.TestMethodTestDescriptor.lambda$invokeTestMethod$7(TestMethodTestDescriptor.java:218) ~[junit-jupiter-engine-5.10.1.jar:5.10.1]
	at org.junit.platform.engine.support.hierarchical.ThrowableCollector.execute(ThrowableCollector.java:73) ~[junit-platform-engine-1.10.1.jar:1.10.1]
	at org.junit.jupiter.engine.descriptor.TestMethodTestDescriptor.invokeTestMethod(TestMethodTestDescriptor.java:214) ~[junit-jupiter-engine-5.10.1.jar:5.10.1]
	at org.junit.jupiter.engine.descriptor.TestMethodTestDescriptor.execute(TestMethodTestDescriptor.java:139) ~[junit-jupiter-engine-5.10.1.jar:5.10.1]
	at org.junit.jupiter.engine.descriptor.TestMethodTestDescriptor.execute(TestMethodTestDescriptor.java:69) ~[junit-jupiter-engine-5.10.1.jar:5.10.1]
	at org.junit.platform.engine.support.hierarchical.NodeTestTask.lambda$executeRecursively$6(NodeTestTask.java:151) ~[junit-platform-engine-1.10.1.jar:1.10.1]
	at org.junit.platform.engine.support.hierarchical.ThrowableCollector.execute(ThrowableCollector.java:73) ~[junit-platform-engine-1.10.1.jar:1.10.1]
	at org.junit.platform.engine.support.hierarchical.NodeTestTask.lambda$executeRecursively$8(NodeTestTask.java:141) ~[junit-platform-engine-1.10.1.jar:1.10.1]
	at org.junit.platform.engine.support.hierarchical.Node.around(Node.java:137) ~[junit-platform-engine-1.10.1.jar:1.10.1]
	at org.junit.platform.engine.support.hierarchical.NodeTestTask.lambda$executeRecursively$9(NodeTestTask.java:139) ~[junit-platform-engine-1.10.1.jar:1.10.1]
	at org.junit.platform.engine.support.hierarchical.ThrowableCollector.execute(ThrowableCollector.java:73) ~[junit-platform-engine-1.10.1.jar:1.10.1]
	at org.junit.platform.engine.support.hierarchical.NodeTestTask.executeRecursively(NodeTestTask.java:138) ~[junit-platform-engine-1.10.1.jar:1.10.1]
	at org.junit.platform.engine.support.hierarchical.NodeTestTask.execute(NodeTestTask.java:95) ~[junit-platform-engine-1.10.1.jar:1.10.1]
	at java.base/java.util.ArrayList.forEach(ArrayList.java:1511) ~[na:na]
	at org.junit.platform.engine.support.hierarchical.SameThreadHierarchicalTestExecutorService.invokeAll(SameThreadHierarchicalTestExecutorService.java:41) ~[junit-platform-engine-1.10.1.jar:1.10.1]
	at org.junit.platform.engine.support.hierarchical.NodeTestTask.lambda$executeRecursively$6(NodeTestTask.java:155) ~[junit-platform-engine-1.10.1.jar:1.10.1]
	at org.junit.platform.engine.support.hierarchical.ThrowableCollector.execute(ThrowableCollector.java:73) ~[junit-platform-engine-1.10.1.jar:1.10.1]
	at org.junit.platform.engine.support.hierarchical.NodeTestTask.lambda$executeRecursively$8(NodeTestTask.java:141) ~[junit-platform-engine-1.10.1.jar:1.10.1]
	at org.junit.platform.engine.support.hierarchical.Node.around(Node.java:137) ~[junit-platform-engine-1.10.1.jar:1.10.1]
	at org.junit.platform.engine.support.hierarchical.NodeTestTask.lambda$executeRecursively$9(NodeTestTask.java:139) ~[junit-platform-engine-1.10.1.jar:1.10.1]
	at org.junit.platform.engine.support.hierarchical.ThrowableCollector.execute(ThrowableCollector.java:73) ~[junit-platform-engine-1.10.1.jar:1.10.1]
	at org.junit.platform.engine.support.hierarchical.NodeTestTask.executeRecursively(NodeTestTask.java:138) ~[junit-platform-engine-1.10.1.jar:1.10.1]
	at org.junit.platform.engine.support.hierarchical.NodeTestTask.execute(NodeTestTask.java:95) ~[junit-platform-engine-1.10.1.jar:1.10.1]
	at java.base/java.util.ArrayList.forEach(ArrayList.java:1511) ~[na:na]
	at org.junit.platform.engine.support.hierarchical.SameThreadHierarchicalTestExecutorService.invokeAll(SameThreadHierarchicalTestExecutorService.java:41) ~[junit-platform-engine-1.10.1.jar:1.10.1]
	at org.junit.platform.engine.support.hierarchical.NodeTestTask.lambda$executeRecursively$6(NodeTestTask.java:155) ~[junit-platform-engine-1.10.1.jar:1.10.1]
	at org.junit.platform.engine.support.hierarchical.ThrowableCollector.execute(ThrowableCollector.java:73) ~[junit-platform-engine-1.10.1.jar:1.10.1]
	at org.junit.platform.engine.support.hierarchical.NodeTestTask.lambda$executeRecursively$8(NodeTestTask.java:141) ~[junit-platform-engine-1.10.1.jar:1.10.1]
	at org.junit.platform.engine.support.hierarchical.Node.around(Node.java:137) ~[junit-platform-engine-1.10.1.jar:1.10.1]
	at org.junit.platform.engine.support.hierarchical.NodeTestTask.lambda$executeRecursively$9(NodeTestTask.java:139) ~[junit-platform-engine-1.10.1.jar:1.10.1]
	at org.junit.platform.engine.support.hierarchical.ThrowableCollector.execute(ThrowableCollector.java:73) ~[junit-platform-engine-1.10.1.jar:1.10.1]
	at org.junit.platform.engine.support.hierarchical.NodeTestTask.executeRecursively(NodeTestTask.java:138) ~[junit-platform-engine-1.10.1.jar:1.10.1]
	at org.junit.platform.engine.support.hierarchical.NodeTestTask.execute(NodeTestTask.java:95) ~[junit-platform-engine-1.10.1.jar:1.10.1]
	at org.junit.platform.engine.support.hierarchical.SameThreadHierarchicalTestExecutorService.submit(SameThreadHierarchicalTestExecutorService.java:35) ~[junit-platform-engine-1.10.1.jar:1.10.1]
	at org.junit.platform.engine.support.hierarchical.HierarchicalTestExecutor.execute(HierarchicalTestExecutor.java:57) ~[junit-platform-engine-1.10.1.jar:1.10.1]
	at org.junit.platform.engine.support.hierarchical.HierarchicalTestEngine.execute(HierarchicalTestEngine.java:54) ~[junit-platform-engine-1.10.1.jar:1.10.1]
	at org.junit.platform.launcher.core.EngineExecutionOrchestrator.execute(EngineExecutionOrchestrator.java:198) ~[junit-platform-launcher-1.10.1.jar:1.10.1]
	at org.junit.platform.launcher.core.EngineExecutionOrchestrator.execute(EngineExecutionOrchestrator.java:169) ~[junit-platform-launcher-1.10.1.jar:1.10.1]
	at org.junit.platform.launcher.core.EngineExecutionOrchestrator.execute(EngineExecutionOrchestrator.java:93) ~[junit-platform-launcher-1.10.1.jar:1.10.1]
	at org.junit.platform.launcher.core.EngineExecutionOrchestrator.lambda$execute$0(EngineExecutionOrchestrator.java:58) ~[junit-platform-launcher-1.10.1.jar:1.10.1]
	at org.junit.platform.launcher.core.EngineExecutionOrchestrator.withInterceptedStreams(EngineExecutionOrchestrator.java:141) ~[junit-platform-launcher-1.10.1.jar:1.10.1]
	at org.junit.platform.launcher.core.EngineExecutionOrchestrator.execute(EngineExecutionOrchestrator.java:57) ~[junit-platform-launcher-1.10.1.jar:1.10.1]
	at org.junit.platform.launcher.core.DefaultLauncher.execute(DefaultLauncher.java:103) ~[junit-platform-launcher-1.10.1.jar:1.10.1]
	at org.junit.platform.launcher.core.DefaultLauncher.execute(DefaultLauncher.java:85) ~[junit-platform-launcher-1.10.1.jar:1.10.1]
	at org.junit.platform.launcher.core.DelegatingLauncher.execute(DelegatingLauncher.java:47) ~[junit-platform-launcher-1.10.1.jar:1.10.1]
	at org.apache.maven.surefire.junitplatform.LazyLauncher.execute(LazyLauncher.java:56) ~[surefire-junit-platform-3.1.2.jar:3.1.2]
	at org.apache.maven.surefire.junitplatform.JUnitPlatformProvider.execute(JUnitPlatformProvider.java:184) ~[surefire-junit-platform-3.1.2.jar:3.1.2]
	at org.apache.maven.surefire.junitplatform.JUnitPlatformProvider.invokeAllTests(JUnitPlatformProvider.java:148) ~[surefire-junit-platform-3.1.2.jar:3.1.2]
	at org.apache.maven.surefire.junitplatform.JUnitPlatformProvider.invoke(JUnitPlatformProvider.java:122) ~[surefire-junit-platform-3.1.2.jar:3.1.2]
	at org.apache.maven.surefire.booter.ForkedBooter.runSuitesInProcess(ForkedBooter.java:385) ~[surefire-booter-3.1.2.jar:3.1.2]
	at org.apache.maven.surefire.booter.ForkedBooter.execute(ForkedBooter.java:162) ~[surefire-booter-3.1.2.jar:3.1.2]
	at org.apache.maven.surefire.booter.ForkedBooter.run(ForkedBooter.java:507) ~[surefire-booter-3.1.2.jar:3.1.2]
	at org.apache.maven.surefire.booter.ForkedBooter.main(ForkedBooter.java:495) ~[surefire-booter-3.1.2.jar:3.1.2]
2026-04-23 01:12:49.575 INFO  [main] b.s.s.impl.OrderBusinessServiceImpl - Getting artist earnings from data-service: artistId=2
2026-04-23 01:12:49.581 INFO  [main] b.s.s.impl.OrderBusinessServiceImpl - Cancelling order: orderId=1
2026-04-23 01:12:49.583 ERROR [main] b.s.s.impl.OrderBusinessServiceImpl - Error cancelling order: Client error
java.lang.RuntimeException: Client error
	at by.step.service.impl.OrderBusinessServiceImpl.cancelOrder(OrderBusinessServiceImpl.java:251) ~[classes/:na]
	at by.step.service.OrderBusinessServiceTest.lambda$cancelOrder_WhenException_ThrowsRuntimeException$4(OrderBusinessServiceTest.java:316) ~[test-classes/:na]
	at org.assertj.core.api.ThrowableAssert.catchThrowable(ThrowableAssert.java:63) ~[assertj-core-3.24.2.jar:na]
	at org.assertj.core.api.AssertionsForClassTypes.catchThrowable(AssertionsForClassTypes.java:892) ~[assertj-core-3.24.2.jar:na]
	at org.assertj.core.api.AssertionsForClassTypes.assertThatThrownBy(AssertionsForClassTypes.java:746) ~[assertj-core-3.24.2.jar:na]
	at by.step.service.OrderBusinessServiceTest.cancelOrder_WhenException_ThrowsRuntimeException(OrderBusinessServiceTest.java:316) ~[test-classes/:na]
	at java.base/jdk.internal.reflect.NativeMethodAccessorImpl.invoke0(Native Method) ~[na:na]
	at java.base/jdk.internal.reflect.NativeMethodAccessorImpl.invoke(NativeMethodAccessorImpl.java:77) ~[na:na]
	at java.base/jdk.internal.reflect.DelegatingMethodAccessorImpl.invoke(DelegatingMethodAccessorImpl.java:43) ~[na:na]
	at java.base/java.lang.reflect.Method.invoke(Method.java:569) ~[na:na]
	at org.junit.platform.commons.util.ReflectionUtils.invokeMethod(ReflectionUtils.java:728) ~[junit-platform-commons-1.10.1.jar:1.10.1]
	at org.junit.jupiter.engine.execution.MethodInvocation.proceed(MethodInvocation.java:60) ~[junit-jupiter-engine-5.10.1.jar:5.10.1]
	at org.junit.jupiter.engine.execution.InvocationInterceptorChain$ValidatingInvocation.proceed(InvocationInterceptorChain.java:131) ~[junit-jupiter-engine-5.10.1.jar:5.10.1]
	at org.junit.jupiter.engine.extension.TimeoutExtension.intercept(TimeoutExtension.java:156) ~[junit-jupiter-engine-5.10.1.jar:5.10.1]
	at org.junit.jupiter.engine.extension.TimeoutExtension.interceptTestableMethod(TimeoutExtension.java:147) ~[junit-jupiter-engine-5.10.1.jar:5.10.1]
	at org.junit.jupiter.engine.extension.TimeoutExtension.interceptTestMethod(TimeoutExtension.java:86) ~[junit-jupiter-engine-5.10.1.jar:5.10.1]
	at org.junit.jupiter.engine.execution.InterceptingExecutableInvoker$ReflectiveInterceptorCall.lambda$ofVoidMethod$0(InterceptingExecutableInvoker.java:103) ~[junit-jupiter-engine-5.10.1.jar:5.10.1]
	at org.junit.jupiter.engine.execution.InterceptingExecutableInvoker.lambda$invoke$0(InterceptingExecutableInvoker.java:93) ~[junit-jupiter-engine-5.10.1.jar:5.10.1]
	at org.junit.jupiter.engine.execution.InvocationInterceptorChain$InterceptedInvocation.proceed(InvocationInterceptorChain.java:106) ~[junit-jupiter-engine-5.10.1.jar:5.10.1]
	at org.junit.jupiter.engine.execution.InvocationInterceptorChain.proceed(InvocationInterceptorChain.java:64) ~[junit-jupiter-engine-5.10.1.jar:5.10.1]
	at org.junit.jupiter.engine.execution.InvocationInterceptorChain.chainAndInvoke(InvocationInterceptorChain.java:45) ~[junit-jupiter-engine-5.10.1.jar:5.10.1]
	at org.junit.jupiter.engine.execution.InvocationInterceptorChain.invoke(InvocationInterceptorChain.java:37) ~[junit-jupiter-engine-5.10.1.jar:5.10.1]
	at org.junit.jupiter.engine.execution.InterceptingExecutableInvoker.invoke(InterceptingExecutableInvoker.java:92) ~[junit-jupiter-engine-5.10.1.jar:5.10.1]
	at org.junit.jupiter.engine.execution.InterceptingExecutableInvoker.invoke(InterceptingExecutableInvoker.java:86) ~[junit-jupiter-engine-5.10.1.jar:5.10.1]
	at org.junit.jupiter.engine.descriptor.TestMethodTestDescriptor.lambda$invokeTestMethod$7(TestMethodTestDescriptor.java:218) ~[junit-jupiter-engine-5.10.1.jar:5.10.1]
	at org.junit.platform.engine.support.hierarchical.ThrowableCollector.execute(ThrowableCollector.java:73) ~[junit-platform-engine-1.10.1.jar:1.10.1]
	at org.junit.jupiter.engine.descriptor.TestMethodTestDescriptor.invokeTestMethod(TestMethodTestDescriptor.java:214) ~[junit-jupiter-engine-5.10.1.jar:5.10.1]
	at org.junit.jupiter.engine.descriptor.TestMethodTestDescriptor.execute(TestMethodTestDescriptor.java:139) ~[junit-jupiter-engine-5.10.1.jar:5.10.1]
	at org.junit.jupiter.engine.descriptor.TestMethodTestDescriptor.execute(TestMethodTestDescriptor.java:69) ~[junit-jupiter-engine-5.10.1.jar:5.10.1]
	at org.junit.platform.engine.support.hierarchical.NodeTestTask.lambda$executeRecursively$6(NodeTestTask.java:151) ~[junit-platform-engine-1.10.1.jar:1.10.1]
	at org.junit.platform.engine.support.hierarchical.ThrowableCollector.execute(ThrowableCollector.java:73) ~[junit-platform-engine-1.10.1.jar:1.10.1]
	at org.junit.platform.engine.support.hierarchical.NodeTestTask.lambda$executeRecursively$8(NodeTestTask.java:141) ~[junit-platform-engine-1.10.1.jar:1.10.1]
	at org.junit.platform.engine.support.hierarchical.Node.around(Node.java:137) ~[junit-platform-engine-1.10.1.jar:1.10.1]
	at org.junit.platform.engine.support.hierarchical.NodeTestTask.lambda$executeRecursively$9(NodeTestTask.java:139) ~[junit-platform-engine-1.10.1.jar:1.10.1]
	at org.junit.platform.engine.support.hierarchical.ThrowableCollector.execute(ThrowableCollector.java:73) ~[junit-platform-engine-1.10.1.jar:1.10.1]
	at org.junit.platform.engine.support.hierarchical.NodeTestTask.executeRecursively(NodeTestTask.java:138) ~[junit-platform-engine-1.10.1.jar:1.10.1]
	at org.junit.platform.engine.support.hierarchical.NodeTestTask.execute(NodeTestTask.java:95) ~[junit-platform-engine-1.10.1.jar:1.10.1]
	at java.base/java.util.ArrayList.forEach(ArrayList.java:1511) ~[na:na]
	at org.junit.platform.engine.support.hierarchical.SameThreadHierarchicalTestExecutorService.invokeAll(SameThreadHierarchicalTestExecutorService.java:41) ~[junit-platform-engine-1.10.1.jar:1.10.1]
	at org.junit.platform.engine.support.hierarchical.NodeTestTask.lambda$executeRecursively$6(NodeTestTask.java:155) ~[junit-platform-engine-1.10.1.jar:1.10.1]
	at org.junit.platform.engine.support.hierarchical.ThrowableCollector.execute(ThrowableCollector.java:73) ~[junit-platform-engine-1.10.1.jar:1.10.1]
	at org.junit.platform.engine.support.hierarchical.NodeTestTask.lambda$executeRecursively$8(NodeTestTask.java:141) ~[junit-platform-engine-1.10.1.jar:1.10.1]
	at org.junit.platform.engine.support.hierarchical.Node.around(Node.java:137) ~[junit-platform-engine-1.10.1.jar:1.10.1]
	at org.junit.platform.engine.support.hierarchical.NodeTestTask.lambda$executeRecursively$9(NodeTestTask.java:139) ~[junit-platform-engine-1.10.1.jar:1.10.1]
	at org.junit.platform.engine.support.hierarchical.ThrowableCollector.execute(ThrowableCollector.java:73) ~[junit-platform-engine-1.10.1.jar:1.10.1]
	at org.junit.platform.engine.support.hierarchical.NodeTestTask.executeRecursively(NodeTestTask.java:138) ~[junit-platform-engine-1.10.1.jar:1.10.1]
	at org.junit.platform.engine.support.hierarchical.NodeTestTask.execute(NodeTestTask.java:95) ~[junit-platform-engine-1.10.1.jar:1.10.1]
	at java.base/java.util.ArrayList.forEach(ArrayList.java:1511) ~[na:na]
	at org.junit.platform.engine.support.hierarchical.SameThreadHierarchicalTestExecutorService.invokeAll(SameThreadHierarchicalTestExecutorService.java:41) ~[junit-platform-engine-1.10.1.jar:1.10.1]
	at org.junit.platform.engine.support.hierarchical.NodeTestTask.lambda$executeRecursively$6(NodeTestTask.java:155) ~[junit-platform-engine-1.10.1.jar:1.10.1]
	at org.junit.platform.engine.support.hierarchical.ThrowableCollector.execute(ThrowableCollector.java:73) ~[junit-platform-engine-1.10.1.jar:1.10.1]
	at org.junit.platform.engine.support.hierarchical.NodeTestTask.lambda$executeRecursively$8(NodeTestTask.java:141) ~[junit-platform-engine-1.10.1.jar:1.10.1]
	at org.junit.platform.engine.support.hierarchical.Node.around(Node.java:137) ~[junit-platform-engine-1.10.1.jar:1.10.1]
	at org.junit.platform.engine.support.hierarchical.NodeTestTask.lambda$executeRecursively$9(NodeTestTask.java:139) ~[junit-platform-engine-1.10.1.jar:1.10.1]
	at org.junit.platform.engine.support.hierarchical.ThrowableCollector.execute(ThrowableCollector.java:73) ~[junit-platform-engine-1.10.1.jar:1.10.1]
	at org.junit.platform.engine.support.hierarchical.NodeTestTask.executeRecursively(NodeTestTask.java:138) ~[junit-platform-engine-1.10.1.jar:1.10.1]
	at org.junit.platform.engine.support.hierarchical.NodeTestTask.execute(NodeTestTask.java:95) ~[junit-platform-engine-1.10.1.jar:1.10.1]
	at org.junit.platform.engine.support.hierarchical.SameThreadHierarchicalTestExecutorService.submit(SameThreadHierarchicalTestExecutorService.java:35) ~[junit-platform-engine-1.10.1.jar:1.10.1]
	at org.junit.platform.engine.support.hierarchical.HierarchicalTestExecutor.execute(HierarchicalTestExecutor.java:57) ~[junit-platform-engine-1.10.1.jar:1.10.1]
	at org.junit.platform.engine.support.hierarchical.HierarchicalTestEngine.execute(HierarchicalTestEngine.java:54) ~[junit-platform-engine-1.10.1.jar:1.10.1]
	at org.junit.platform.launcher.core.EngineExecutionOrchestrator.execute(EngineExecutionOrchestrator.java:198) ~[junit-platform-launcher-1.10.1.jar:1.10.1]
	at org.junit.platform.launcher.core.EngineExecutionOrchestrator.execute(EngineExecutionOrchestrator.java:169) ~[junit-platform-launcher-1.10.1.jar:1.10.1]
	at org.junit.platform.launcher.core.EngineExecutionOrchestrator.execute(EngineExecutionOrchestrator.java:93) ~[junit-platform-launcher-1.10.1.jar:1.10.1]
	at org.junit.platform.launcher.core.EngineExecutionOrchestrator.lambda$execute$0(EngineExecutionOrchestrator.java:58) ~[junit-platform-launcher-1.10.1.jar:1.10.1]
	at org.junit.platform.launcher.core.EngineExecutionOrchestrator.withInterceptedStreams(EngineExecutionOrchestrator.java:141) ~[junit-platform-launcher-1.10.1.jar:1.10.1]
	at org.junit.platform.launcher.core.EngineExecutionOrchestrator.execute(EngineExecutionOrchestrator.java:57) ~[junit-platform-launcher-1.10.1.jar:1.10.1]
	at org.junit.platform.launcher.core.DefaultLauncher.execute(DefaultLauncher.java:103) ~[junit-platform-launcher-1.10.1.jar:1.10.1]
	at org.junit.platform.launcher.core.DefaultLauncher.execute(DefaultLauncher.java:85) ~[junit-platform-launcher-1.10.1.jar:1.10.1]
	at org.junit.platform.launcher.core.DelegatingLauncher.execute(DelegatingLauncher.java:47) ~[junit-platform-launcher-1.10.1.jar:1.10.1]
	at org.apache.maven.surefire.junitplatform.LazyLauncher.execute(LazyLauncher.java:56) ~[surefire-junit-platform-3.1.2.jar:3.1.2]
	at org.apache.maven.surefire.junitplatform.JUnitPlatformProvider.execute(JUnitPlatformProvider.java:184) ~[surefire-junit-platform-3.1.2.jar:3.1.2]
	at org.apache.maven.surefire.junitplatform.JUnitPlatformProvider.invokeAllTests(JUnitPlatformProvider.java:148) ~[surefire-junit-platform-3.1.2.jar:3.1.2]
	at org.apache.maven.surefire.junitplatform.JUnitPlatformProvider.invoke(JUnitPlatformProvider.java:122) ~[surefire-junit-platform-3.1.2.jar:3.1.2]
	at org.apache.maven.surefire.booter.ForkedBooter.runSuitesInProcess(ForkedBooter.java:385) ~[surefire-booter-3.1.2.jar:3.1.2]
	at org.apache.maven.surefire.booter.ForkedBooter.execute(ForkedBooter.java:162) ~[surefire-booter-3.1.2.jar:3.1.2]
	at org.apache.maven.surefire.booter.ForkedBooter.run(ForkedBooter.java:507) ~[surefire-booter-3.1.2.jar:3.1.2]
	at org.apache.maven.surefire.booter.ForkedBooter.main(ForkedBooter.java:495) ~[surefire-booter-3.1.2.jar:3.1.2]
2026-04-23 01:12:49.589 INFO  [main] b.s.s.impl.OrderBusinessServiceImpl - Getting order from data-service: orderId=1
2026-04-23 01:12:49.590 ERROR [main] b.s.s.impl.OrderBusinessServiceImpl - Error getting order 1: API Error
java.lang.RuntimeException: API Error
	at by.step.service.impl.OrderBusinessServiceImpl.getOrder(OrderBusinessServiceImpl.java:76) ~[classes/:na]
	at by.step.service.OrderBusinessServiceTest.lambda$getOrder_WhenException_ThrowsRuntimeException$1(OrderBusinessServiceTest.java:264) ~[test-classes/:na]
	at org.assertj.core.api.ThrowableAssert.catchThrowable(ThrowableAssert.java:63) ~[assertj-core-3.24.2.jar:na]
	at org.assertj.core.api.AssertionsForClassTypes.catchThrowable(AssertionsForClassTypes.java:892) ~[assertj-core-3.24.2.jar:na]
	at org.assertj.core.api.AssertionsForClassTypes.assertThatThrownBy(AssertionsForClassTypes.java:746) ~[assertj-core-3.24.2.jar:na]
	at by.step.service.OrderBusinessServiceTest.getOrder_WhenException_ThrowsRuntimeException(OrderBusinessServiceTest.java:264) ~[test-classes/:na]
	at java.base/jdk.internal.reflect.NativeMethodAccessorImpl.invoke0(Native Method) ~[na:na]
	at java.base/jdk.internal.reflect.NativeMethodAccessorImpl.invoke(NativeMethodAccessorImpl.java:77) ~[na:na]
	at java.base/jdk.internal.reflect.DelegatingMethodAccessorImpl.invoke(DelegatingMethodAccessorImpl.java:43) ~[na:na]
	at java.base/java.lang.reflect.Method.invoke(Method.java:569) ~[na:na]
	at org.junit.platform.commons.util.ReflectionUtils.invokeMethod(ReflectionUtils.java:728) ~[junit-platform-commons-1.10.1.jar:1.10.1]
	at org.junit.jupiter.engine.execution.MethodInvocation.proceed(MethodInvocation.java:60) ~[junit-jupiter-engine-5.10.1.jar:5.10.1]
	at org.junit.jupiter.engine.execution.InvocationInterceptorChain$ValidatingInvocation.proceed(InvocationInterceptorChain.java:131) ~[junit-jupiter-engine-5.10.1.jar:5.10.1]
	at org.junit.jupiter.engine.extension.TimeoutExtension.intercept(TimeoutExtension.java:156) ~[junit-jupiter-engine-5.10.1.jar:5.10.1]
	at org.junit.jupiter.engine.extension.TimeoutExtension.interceptTestableMethod(TimeoutExtension.java:147) ~[junit-jupiter-engine-5.10.1.jar:5.10.1]
	at org.junit.jupiter.engine.extension.TimeoutExtension.interceptTestMethod(TimeoutExtension.java:86) ~[junit-jupiter-engine-5.10.1.jar:5.10.1]
	at org.junit.jupiter.engine.execution.InterceptingExecutableInvoker$ReflectiveInterceptorCall.lambda$ofVoidMethod$0(InterceptingExecutableInvoker.java:103) ~[junit-jupiter-engine-5.10.1.jar:5.10.1]
	at org.junit.jupiter.engine.execution.InterceptingExecutableInvoker.lambda$invoke$0(InterceptingExecutableInvoker.java:93) ~[junit-jupiter-engine-5.10.1.jar:5.10.1]
	at org.junit.jupiter.engine.execution.InvocationInterceptorChain$InterceptedInvocation.proceed(InvocationInterceptorChain.java:106) ~[junit-jupiter-engine-5.10.1.jar:5.10.1]
	at org.junit.jupiter.engine.execution.InvocationInterceptorChain.proceed(InvocationInterceptorChain.java:64) ~[junit-jupiter-engine-5.10.1.jar:5.10.1]
	at org.junit.jupiter.engine.execution.InvocationInterceptorChain.chainAndInvoke(InvocationInterceptorChain.java:45) ~[junit-jupiter-engine-5.10.1.jar:5.10.1]
	at org.junit.jupiter.engine.execution.InvocationInterceptorChain.invoke(InvocationInterceptorChain.java:37) ~[junit-jupiter-engine-5.10.1.jar:5.10.1]
	at org.junit.jupiter.engine.execution.InterceptingExecutableInvoker.invoke(InterceptingExecutableInvoker.java:92) ~[junit-jupiter-engine-5.10.1.jar:5.10.1]
	at org.junit.jupiter.engine.execution.InterceptingExecutableInvoker.invoke(InterceptingExecutableInvoker.java:86) ~[junit-jupiter-engine-5.10.1.jar:5.10.1]
	at org.junit.jupiter.engine.descriptor.TestMethodTestDescriptor.lambda$invokeTestMethod$7(TestMethodTestDescriptor.java:218) ~[junit-jupiter-engine-5.10.1.jar:5.10.1]
	at org.junit.platform.engine.support.hierarchical.ThrowableCollector.execute(ThrowableCollector.java:73) ~[junit-platform-engine-1.10.1.jar:1.10.1]
	at org.junit.jupiter.engine.descriptor.TestMethodTestDescriptor.invokeTestMethod(TestMethodTestDescriptor.java:214) ~[junit-jupiter-engine-5.10.1.jar:5.10.1]
	at org.junit.jupiter.engine.descriptor.TestMethodTestDescriptor.execute(TestMethodTestDescriptor.java:139) ~[junit-jupiter-engine-5.10.1.jar:5.10.1]
	at org.junit.jupiter.engine.descriptor.TestMethodTestDescriptor.execute(TestMethodTestDescriptor.java:69) ~[junit-jupiter-engine-5.10.1.jar:5.10.1]
	at org.junit.platform.engine.support.hierarchical.NodeTestTask.lambda$executeRecursively$6(NodeTestTask.java:151) ~[junit-platform-engine-1.10.1.jar:1.10.1]
	at org.junit.platform.engine.support.hierarchical.ThrowableCollector.execute(ThrowableCollector.java:73) ~[junit-platform-engine-1.10.1.jar:1.10.1]
	at org.junit.platform.engine.support.hierarchical.NodeTestTask.lambda$executeRecursively$8(NodeTestTask.java:141) ~[junit-platform-engine-1.10.1.jar:1.10.1]
	at org.junit.platform.engine.support.hierarchical.Node.around(Node.java:137) ~[junit-platform-engine-1.10.1.jar:1.10.1]
	at org.junit.platform.engine.support.hierarchical.NodeTestTask.lambda$executeRecursively$9(NodeTestTask.java:139) ~[junit-platform-engine-1.10.1.jar:1.10.1]
	at org.junit.platform.engine.support.hierarchical.ThrowableCollector.execute(ThrowableCollector.java:73) ~[junit-platform-engine-1.10.1.jar:1.10.1]
	at org.junit.platform.engine.support.hierarchical.NodeTestTask.executeRecursively(NodeTestTask.java:138) ~[junit-platform-engine-1.10.1.jar:1.10.1]
	at org.junit.platform.engine.support.hierarchical.NodeTestTask.execute(NodeTestTask.java:95) ~[junit-platform-engine-1.10.1.jar:1.10.1]
	at java.base/java.util.ArrayList.forEach(ArrayList.java:1511) ~[na:na]
	at org.junit.platform.engine.support.hierarchical.SameThreadHierarchicalTestExecutorService.invokeAll(SameThreadHierarchicalTestExecutorService.java:41) ~[junit-platform-engine-1.10.1.jar:1.10.1]
	at org.junit.platform.engine.support.hierarchical.NodeTestTask.lambda$executeRecursively$6(NodeTestTask.java:155) ~[junit-platform-engine-1.10.1.jar:1.10.1]
	at org.junit.platform.engine.support.hierarchical.ThrowableCollector.execute(ThrowableCollector.java:73) ~[junit-platform-engine-1.10.1.jar:1.10.1]
	at org.junit.platform.engine.support.hierarchical.NodeTestTask.lambda$executeRecursively$8(NodeTestTask.java:141) ~[junit-platform-engine-1.10.1.jar:1.10.1]
	at org.junit.platform.engine.support.hierarchical.Node.around(Node.java:137) ~[junit-platform-engine-1.10.1.jar:1.10.1]
	at org.junit.platform.engine.support.hierarchical.NodeTestTask.lambda$executeRecursively$9(NodeTestTask.java:139) ~[junit-platform-engine-1.10.1.jar:1.10.1]
	at org.junit.platform.engine.support.hierarchical.ThrowableCollector.execute(ThrowableCollector.java:73) ~[junit-platform-engine-1.10.1.jar:1.10.1]
	at org.junit.platform.engine.support.hierarchical.NodeTestTask.executeRecursively(NodeTestTask.java:138) ~[junit-platform-engine-1.10.1.jar:1.10.1]
	at org.junit.platform.engine.support.hierarchical.NodeTestTask.execute(NodeTestTask.java:95) ~[junit-platform-engine-1.10.1.jar:1.10.1]
	at java.base/java.util.ArrayList.forEach(ArrayList.java:1511) ~[na:na]
	at org.junit.platform.engine.support.hierarchical.SameThreadHierarchicalTestExecutorService.invokeAll(SameThreadHierarchicalTestExecutorService.java:41) ~[junit-platform-engine-1.10.1.jar:1.10.1]
	at org.junit.platform.engine.support.hierarchical.NodeTestTask.lambda$executeRecursively$6(NodeTestTask.java:155) ~[junit-platform-engine-1.10.1.jar:1.10.1]
	at org.junit.platform.engine.support.hierarchical.ThrowableCollector.execute(ThrowableCollector.java:73) ~[junit-platform-engine-1.10.1.jar:1.10.1]
	at org.junit.platform.engine.support.hierarchical.NodeTestTask.lambda$executeRecursively$8(NodeTestTask.java:141) ~[junit-platform-engine-1.10.1.jar:1.10.1]
	at org.junit.platform.engine.support.hierarchical.Node.around(Node.java:137) ~[junit-platform-engine-1.10.1.jar:1.10.1]
	at org.junit.platform.engine.support.hierarchical.NodeTestTask.lambda$executeRecursively$9(NodeTestTask.java:139) ~[junit-platform-engine-1.10.1.jar:1.10.1]
	at org.junit.platform.engine.support.hierarchical.ThrowableCollector.execute(ThrowableCollector.java:73) ~[junit-platform-engine-1.10.1.jar:1.10.1]
	at org.junit.platform.engine.support.hierarchical.NodeTestTask.executeRecursively(NodeTestTask.java:138) ~[junit-platform-engine-1.10.1.jar:1.10.1]
	at org.junit.platform.engine.support.hierarchical.NodeTestTask.execute(NodeTestTask.java:95) ~[junit-platform-engine-1.10.1.jar:1.10.1]
	at org.junit.platform.engine.support.hierarchical.SameThreadHierarchicalTestExecutorService.submit(SameThreadHierarchicalTestExecutorService.java:35) ~[junit-platform-engine-1.10.1.jar:1.10.1]
	at org.junit.platform.engine.support.hierarchical.HierarchicalTestExecutor.execute(HierarchicalTestExecutor.java:57) ~[junit-platform-engine-1.10.1.jar:1.10.1]
	at org.junit.platform.engine.support.hierarchical.HierarchicalTestEngine.execute(HierarchicalTestEngine.java:54) ~[junit-platform-engine-1.10.1.jar:1.10.1]
	at org.junit.platform.launcher.core.EngineExecutionOrchestrator.execute(EngineExecutionOrchestrator.java:198) ~[junit-platform-launcher-1.10.1.jar:1.10.1]
	at org.junit.platform.launcher.core.EngineExecutionOrchestrator.execute(EngineExecutionOrchestrator.java:169) ~[junit-platform-launcher-1.10.1.jar:1.10.1]
	at org.junit.platform.launcher.core.EngineExecutionOrchestrator.execute(EngineExecutionOrchestrator.java:93) ~[junit-platform-launcher-1.10.1.jar:1.10.1]
	at org.junit.platform.launcher.core.EngineExecutionOrchestrator.lambda$execute$0(EngineExecutionOrchestrator.java:58) ~[junit-platform-launcher-1.10.1.jar:1.10.1]
	at org.junit.platform.launcher.core.EngineExecutionOrchestrator.withInterceptedStreams(EngineExecutionOrchestrator.java:141) ~[junit-platform-launcher-1.10.1.jar:1.10.1]
	at org.junit.platform.launcher.core.EngineExecutionOrchestrator.execute(EngineExecutionOrchestrator.java:57) ~[junit-platform-launcher-1.10.1.jar:1.10.1]
	at org.junit.platform.launcher.core.DefaultLauncher.execute(DefaultLauncher.java:103) ~[junit-platform-launcher-1.10.1.jar:1.10.1]
	at org.junit.platform.launcher.core.DefaultLauncher.execute(DefaultLauncher.java:85) ~[junit-platform-launcher-1.10.1.jar:1.10.1]
	at org.junit.platform.launcher.core.DelegatingLauncher.execute(DelegatingLauncher.java:47) ~[junit-platform-launcher-1.10.1.jar:1.10.1]
	at org.apache.maven.surefire.junitplatform.LazyLauncher.execute(LazyLauncher.java:56) ~[surefire-junit-platform-3.1.2.jar:3.1.2]
	at org.apache.maven.surefire.junitplatform.JUnitPlatformProvider.execute(JUnitPlatformProvider.java:184) ~[surefire-junit-platform-3.1.2.jar:3.1.2]
	at org.apache.maven.surefire.junitplatform.JUnitPlatformProvider.invokeAllTests(JUnitPlatformProvider.java:148) ~[surefire-junit-platform-3.1.2.jar:3.1.2]
	at org.apache.maven.surefire.junitplatform.JUnitPlatformProvider.invoke(JUnitPlatformProvider.java:122) ~[surefire-junit-platform-3.1.2.jar:3.1.2]
	at org.apache.maven.surefire.booter.ForkedBooter.runSuitesInProcess(ForkedBooter.java:385) ~[surefire-booter-3.1.2.jar:3.1.2]
	at org.apache.maven.surefire.booter.ForkedBooter.execute(ForkedBooter.java:162) ~[surefire-booter-3.1.2.jar:3.1.2]
	at org.apache.maven.surefire.booter.ForkedBooter.run(ForkedBooter.java:507) ~[surefire-booter-3.1.2.jar:3.1.2]
	at org.apache.maven.surefire.booter.ForkedBooter.main(ForkedBooter.java:495) ~[surefire-booter-3.1.2.jar:3.1.2]
2026-04-23 01:12:49.594 INFO  [main] b.s.s.impl.OrderBusinessServiceImpl - Getting completed orders count: artistId=2
2026-04-23 01:12:49.595 INFO  [main] b.s.s.impl.OrderBusinessServiceImpl - Getting orders by artist from data-service: artistId=2
2026-04-23 01:12:49.605 INFO  [main] b.s.s.impl.OrderBusinessServiceImpl - Getting completed orders count: artistId=2
2026-04-23 01:12:49.605 INFO  [main] b.s.s.impl.OrderBusinessServiceImpl - Getting orders by artist from data-service: artistId=2
2026-04-23 01:12:49.609 INFO  [main] b.s.s.impl.OrderBusinessServiceImpl - Getting orders by artist from data-service: artistId=2
2026-04-23 01:12:49.613 INFO  [main] b.s.s.impl.OrderBusinessServiceImpl - Getting order from data-service: orderId=1
2026-04-23 01:12:49.614 INFO  [main] b.s.s.impl.OrderBusinessServiceImpl - Order found: OrderDto(id=1, customerId=1, customerName=ivan, artistId=2, artistName=petr, status=IN_PROGRESS, description=Test order, price=1000, finalFileUrl=null, createdAt=2026-04-23T01:12:49.613428189, completedAt=null)
2026-04-23 01:12:49.619 INFO  [main] b.s.s.impl.OrderBusinessServiceImpl - Starting order: orderId=1
2026-04-23 01:12:49.620 ERROR [main] b.s.s.impl.OrderBusinessServiceImpl - Error starting order: Client error
java.lang.RuntimeException: Client error
	at by.step.service.impl.OrderBusinessServiceImpl.startOrder(OrderBusinessServiceImpl.java:209) ~[classes/:na]
	at by.step.service.OrderBusinessServiceTest.lambda$startOrder_WhenException_ThrowsRuntimeException$2(OrderBusinessServiceTest.java:296) ~[test-classes/:na]
	at org.assertj.core.api.ThrowableAssert.catchThrowable(ThrowableAssert.java:63) ~[assertj-core-3.24.2.jar:na]
	at org.assertj.core.api.AssertionsForClassTypes.catchThrowable(AssertionsForClassTypes.java:892) ~[assertj-core-3.24.2.jar:na]
	at org.assertj.core.api.AssertionsForClassTypes.assertThatThrownBy(AssertionsForClassTypes.java:746) ~[assertj-core-3.24.2.jar:na]
	at by.step.service.OrderBusinessServiceTest.startOrder_WhenException_ThrowsRuntimeException(OrderBusinessServiceTest.java:296) ~[test-classes/:na]
	at java.base/jdk.internal.reflect.NativeMethodAccessorImpl.invoke0(Native Method) ~[na:na]
	at java.base/jdk.internal.reflect.NativeMethodAccessorImpl.invoke(NativeMethodAccessorImpl.java:77) ~[na:na]
	at java.base/jdk.internal.reflect.DelegatingMethodAccessorImpl.invoke(DelegatingMethodAccessorImpl.java:43) ~[na:na]
	at java.base/java.lang.reflect.Method.invoke(Method.java:569) ~[na:na]
	at org.junit.platform.commons.util.ReflectionUtils.invokeMethod(ReflectionUtils.java:728) ~[junit-platform-commons-1.10.1.jar:1.10.1]
	at org.junit.jupiter.engine.execution.MethodInvocation.proceed(MethodInvocation.java:60) ~[junit-jupiter-engine-5.10.1.jar:5.10.1]
	at org.junit.jupiter.engine.execution.InvocationInterceptorChain$ValidatingInvocation.proceed(InvocationInterceptorChain.java:131) ~[junit-jupiter-engine-5.10.1.jar:5.10.1]
	at org.junit.jupiter.engine.extension.TimeoutExtension.intercept(TimeoutExtension.java:156) ~[junit-jupiter-engine-5.10.1.jar:5.10.1]
	at org.junit.jupiter.engine.extension.TimeoutExtension.interceptTestableMethod(TimeoutExtension.java:147) ~[junit-jupiter-engine-5.10.1.jar:5.10.1]
	at org.junit.jupiter.engine.extension.TimeoutExtension.interceptTestMethod(TimeoutExtension.java:86) ~[junit-jupiter-engine-5.10.1.jar:5.10.1]
	at org.junit.jupiter.engine.execution.InterceptingExecutableInvoker$ReflectiveInterceptorCall.lambda$ofVoidMethod$0(InterceptingExecutableInvoker.java:103) ~[junit-jupiter-engine-5.10.1.jar:5.10.1]
	at org.junit.jupiter.engine.execution.InterceptingExecutableInvoker.lambda$invoke$0(InterceptingExecutableInvoker.java:93) ~[junit-jupiter-engine-5.10.1.jar:5.10.1]
	at org.junit.jupiter.engine.execution.InvocationInterceptorChain$InterceptedInvocation.proceed(InvocationInterceptorChain.java:106) ~[junit-jupiter-engine-5.10.1.jar:5.10.1]
	at org.junit.jupiter.engine.execution.InvocationInterceptorChain.proceed(InvocationInterceptorChain.java:64) ~[junit-jupiter-engine-5.10.1.jar:5.10.1]
	at org.junit.jupiter.engine.execution.InvocationInterceptorChain.chainAndInvoke(InvocationInterceptorChain.java:45) ~[junit-jupiter-engine-5.10.1.jar:5.10.1]
	at org.junit.jupiter.engine.execution.InvocationInterceptorChain.invoke(InvocationInterceptorChain.java:37) ~[junit-jupiter-engine-5.10.1.jar:5.10.1]
	at org.junit.jupiter.engine.execution.InterceptingExecutableInvoker.invoke(InterceptingExecutableInvoker.java:92) ~[junit-jupiter-engine-5.10.1.jar:5.10.1]
	at org.junit.jupiter.engine.execution.InterceptingExecutableInvoker.invoke(InterceptingExecutableInvoker.java:86) ~[junit-jupiter-engine-5.10.1.jar:5.10.1]
	at org.junit.jupiter.engine.descriptor.TestMethodTestDescriptor.lambda$invokeTestMethod$7(TestMethodTestDescriptor.java:218) ~[junit-jupiter-engine-5.10.1.jar:5.10.1]
	at org.junit.platform.engine.support.hierarchical.ThrowableCollector.execute(ThrowableCollector.java:73) ~[junit-platform-engine-1.10.1.jar:1.10.1]
	at org.junit.jupiter.engine.descriptor.TestMethodTestDescriptor.invokeTestMethod(TestMethodTestDescriptor.java:214) ~[junit-jupiter-engine-5.10.1.jar:5.10.1]
	at org.junit.jupiter.engine.descriptor.TestMethodTestDescriptor.execute(TestMethodTestDescriptor.java:139) ~[junit-jupiter-engine-5.10.1.jar:5.10.1]
	at org.junit.jupiter.engine.descriptor.TestMethodTestDescriptor.execute(TestMethodTestDescriptor.java:69) ~[junit-jupiter-engine-5.10.1.jar:5.10.1]
	at org.junit.platform.engine.support.hierarchical.NodeTestTask.lambda$executeRecursively$6(NodeTestTask.java:151) ~[junit-platform-engine-1.10.1.jar:1.10.1]
	at org.junit.platform.engine.support.hierarchical.ThrowableCollector.execute(ThrowableCollector.java:73) ~[junit-platform-engine-1.10.1.jar:1.10.1]
	at org.junit.platform.engine.support.hierarchical.NodeTestTask.lambda$executeRecursively$8(NodeTestTask.java:141) ~[junit-platform-engine-1.10.1.jar:1.10.1]
	at org.junit.platform.engine.support.hierarchical.Node.around(Node.java:137) ~[junit-platform-engine-1.10.1.jar:1.10.1]
	at org.junit.platform.engine.support.hierarchical.NodeTestTask.lambda$executeRecursively$9(NodeTestTask.java:139) ~[junit-platform-engine-1.10.1.jar:1.10.1]
	at org.junit.platform.engine.support.hierarchical.ThrowableCollector.execute(ThrowableCollector.java:73) ~[junit-platform-engine-1.10.1.jar:1.10.1]
	at org.junit.platform.engine.support.hierarchical.NodeTestTask.executeRecursively(NodeTestTask.java:138) ~[junit-platform-engine-1.10.1.jar:1.10.1]
	at org.junit.platform.engine.support.hierarchical.NodeTestTask.execute(NodeTestTask.java:95) ~[junit-platform-engine-1.10.1.jar:1.10.1]
	at java.base/java.util.ArrayList.forEach(ArrayList.java:1511) ~[na:na]
	at org.junit.platform.engine.support.hierarchical.SameThreadHierarchicalTestExecutorService.invokeAll(SameThreadHierarchicalTestExecutorService.java:41) ~[junit-platform-engine-1.10.1.jar:1.10.1]
	at org.junit.platform.engine.support.hierarchical.NodeTestTask.lambda$executeRecursively$6(NodeTestTask.java:155) ~[junit-platform-engine-1.10.1.jar:1.10.1]
	at org.junit.platform.engine.support.hierarchical.ThrowableCollector.execute(ThrowableCollector.java:73) ~[junit-platform-engine-1.10.1.jar:1.10.1]
	at org.junit.platform.engine.support.hierarchical.NodeTestTask.lambda$executeRecursively$8(NodeTestTask.java:141) ~[junit-platform-engine-1.10.1.jar:1.10.1]
	at org.junit.platform.engine.support.hierarchical.Node.around(Node.java:137) ~[junit-platform-engine-1.10.1.jar:1.10.1]
	at org.junit.platform.engine.support.hierarchical.NodeTestTask.lambda$executeRecursively$9(NodeTestTask.java:139) ~[junit-platform-engine-1.10.1.jar:1.10.1]
	at org.junit.platform.engine.support.hierarchical.ThrowableCollector.execute(ThrowableCollector.java:73) ~[junit-platform-engine-1.10.1.jar:1.10.1]
	at org.junit.platform.engine.support.hierarchical.NodeTestTask.executeRecursively(NodeTestTask.java:138) ~[junit-platform-engine-1.10.1.jar:1.10.1]
	at org.junit.platform.engine.support.hierarchical.NodeTestTask.execute(NodeTestTask.java:95) ~[junit-platform-engine-1.10.1.jar:1.10.1]
	at java.base/java.util.ArrayList.forEach(ArrayList.java:1511) ~[na:na]
	at org.junit.platform.engine.support.hierarchical.SameThreadHierarchicalTestExecutorService.invokeAll(SameThreadHierarchicalTestExecutorService.java:41) ~[junit-platform-engine-1.10.1.jar:1.10.1]
	at org.junit.platform.engine.support.hierarchical.NodeTestTask.lambda$executeRecursively$6(NodeTestTask.java:155) ~[junit-platform-engine-1.10.1.jar:1.10.1]
	at org.junit.platform.engine.support.hierarchical.ThrowableCollector.execute(ThrowableCollector.java:73) ~[junit-platform-engine-1.10.1.jar:1.10.1]
	at org.junit.platform.engine.support.hierarchical.NodeTestTask.lambda$executeRecursively$8(NodeTestTask.java:141) ~[junit-platform-engine-1.10.1.jar:1.10.1]
	at org.junit.platform.engine.support.hierarchical.Node.around(Node.java:137) ~[junit-platform-engine-1.10.1.jar:1.10.1]
	at org.junit.platform.engine.support.hierarchical.NodeTestTask.lambda$executeRecursively$9(NodeTestTask.java:139) ~[junit-platform-engine-1.10.1.jar:1.10.1]
	at org.junit.platform.engine.support.hierarchical.ThrowableCollector.execute(ThrowableCollector.java:73) ~[junit-platform-engine-1.10.1.jar:1.10.1]
	at org.junit.platform.engine.support.hierarchical.NodeTestTask.executeRecursively(NodeTestTask.java:138) ~[junit-platform-engine-1.10.1.jar:1.10.1]
	at org.junit.platform.engine.support.hierarchical.NodeTestTask.execute(NodeTestTask.java:95) ~[junit-platform-engine-1.10.1.jar:1.10.1]
	at org.junit.platform.engine.support.hierarchical.SameThreadHierarchicalTestExecutorService.submit(SameThreadHierarchicalTestExecutorService.java:35) ~[junit-platform-engine-1.10.1.jar:1.10.1]
	at org.junit.platform.engine.support.hierarchical.HierarchicalTestExecutor.execute(HierarchicalTestExecutor.java:57) ~[junit-platform-engine-1.10.1.jar:1.10.1]
	at org.junit.platform.engine.support.hierarchical.HierarchicalTestEngine.execute(HierarchicalTestEngine.java:54) ~[junit-platform-engine-1.10.1.jar:1.10.1]
	at org.junit.platform.launcher.core.EngineExecutionOrchestrator.execute(EngineExecutionOrchestrator.java:198) ~[junit-platform-launcher-1.10.1.jar:1.10.1]
	at org.junit.platform.launcher.core.EngineExecutionOrchestrator.execute(EngineExecutionOrchestrator.java:169) ~[junit-platform-launcher-1.10.1.jar:1.10.1]
	at org.junit.platform.launcher.core.EngineExecutionOrchestrator.execute(EngineExecutionOrchestrator.java:93) ~[junit-platform-launcher-1.10.1.jar:1.10.1]
	at org.junit.platform.launcher.core.EngineExecutionOrchestrator.lambda$execute$0(EngineExecutionOrchestrator.java:58) ~[junit-platform-launcher-1.10.1.jar:1.10.1]
	at org.junit.platform.launcher.core.EngineExecutionOrchestrator.withInterceptedStreams(EngineExecutionOrchestrator.java:141) ~[junit-platform-launcher-1.10.1.jar:1.10.1]
	at org.junit.platform.launcher.core.EngineExecutionOrchestrator.execute(EngineExecutionOrchestrator.java:57) ~[junit-platform-launcher-1.10.1.jar:1.10.1]
	at org.junit.platform.launcher.core.DefaultLauncher.execute(DefaultLauncher.java:103) ~[junit-platform-launcher-1.10.1.jar:1.10.1]
	at org.junit.platform.launcher.core.DefaultLauncher.execute(DefaultLauncher.java:85) ~[junit-platform-launcher-1.10.1.jar:1.10.1]
	at org.junit.platform.launcher.core.DelegatingLauncher.execute(DelegatingLauncher.java:47) ~[junit-platform-launcher-1.10.1.jar:1.10.1]
	at org.apache.maven.surefire.junitplatform.LazyLauncher.execute(LazyLauncher.java:56) ~[surefire-junit-platform-3.1.2.jar:3.1.2]
	at org.apache.maven.surefire.junitplatform.JUnitPlatformProvider.execute(JUnitPlatformProvider.java:184) ~[surefire-junit-platform-3.1.2.jar:3.1.2]
	at org.apache.maven.surefire.junitplatform.JUnitPlatformProvider.invokeAllTests(JUnitPlatformProvider.java:148) ~[surefire-junit-platform-3.1.2.jar:3.1.2]
	at org.apache.maven.surefire.junitplatform.JUnitPlatformProvider.invoke(JUnitPlatformProvider.java:122) ~[surefire-junit-platform-3.1.2.jar:3.1.2]
	at org.apache.maven.surefire.booter.ForkedBooter.runSuitesInProcess(ForkedBooter.java:385) ~[surefire-booter-3.1.2.jar:3.1.2]
	at org.apache.maven.surefire.booter.ForkedBooter.execute(ForkedBooter.java:162) ~[surefire-booter-3.1.2.jar:3.1.2]
	at org.apache.maven.surefire.booter.ForkedBooter.run(ForkedBooter.java:507) ~[surefire-booter-3.1.2.jar:3.1.2]
	at org.apache.maven.surefire.booter.ForkedBooter.main(ForkedBooter.java:495) ~[surefire-booter-3.1.2.jar:3.1.2]
2026-04-23 01:12:49.625 INFO  [main] b.s.s.impl.OrderBusinessServiceImpl - Getting completed orders count: artistId=2
2026-04-23 01:12:49.626 INFO  [main] b.s.s.impl.OrderBusinessServiceImpl - Getting orders by artist from data-service: artistId=2
2026-04-23 01:12:49.629 INFO  [main] b.s.s.impl.OrderBusinessServiceImpl - Submitting order for review: orderId=1, finalFileUrl=file-url.png
2026-04-23 01:12:49.630 ERROR [main] b.s.s.impl.OrderBusinessServiceImpl - Error submitting order for review: Client error
java.lang.RuntimeException: Client error
	at by.step.service.impl.OrderBusinessServiceImpl.submitForReview(OrderBusinessServiceImpl.java:273) ~[classes/:na]
	at by.step.service.OrderBusinessServiceTest.lambda$submitForReview_WhenException_ThrowsRuntimeException$0(OrderBusinessServiceTest.java:190) ~[test-classes/:na]
	at org.assertj.core.api.ThrowableAssert.catchThrowable(ThrowableAssert.java:63) ~[assertj-core-3.24.2.jar:na]
	at org.assertj.core.api.AssertionsForClassTypes.catchThrowable(AssertionsForClassTypes.java:892) ~[assertj-core-3.24.2.jar:na]
	at org.assertj.core.api.AssertionsForClassTypes.assertThatThrownBy(AssertionsForClassTypes.java:746) ~[assertj-core-3.24.2.jar:na]
	at by.step.service.OrderBusinessServiceTest.submitForReview_WhenException_ThrowsRuntimeException(OrderBusinessServiceTest.java:190) ~[test-classes/:na]
	at java.base/jdk.internal.reflect.NativeMethodAccessorImpl.invoke0(Native Method) ~[na:na]
	at java.base/jdk.internal.reflect.NativeMethodAccessorImpl.invoke(NativeMethodAccessorImpl.java:77) ~[na:na]
	at java.base/jdk.internal.reflect.DelegatingMethodAccessorImpl.invoke(DelegatingMethodAccessorImpl.java:43) ~[na:na]
	at java.base/java.lang.reflect.Method.invoke(Method.java:569) ~[na:na]
	at org.junit.platform.commons.util.ReflectionUtils.invokeMethod(ReflectionUtils.java:728) ~[junit-platform-commons-1.10.1.jar:1.10.1]
	at org.junit.jupiter.engine.execution.MethodInvocation.proceed(MethodInvocation.java:60) ~[junit-jupiter-engine-5.10.1.jar:5.10.1]
	at org.junit.jupiter.engine.execution.InvocationInterceptorChain$ValidatingInvocation.proceed(InvocationInterceptorChain.java:131) ~[junit-jupiter-engine-5.10.1.jar:5.10.1]
	at org.junit.jupiter.engine.extension.TimeoutExtension.intercept(TimeoutExtension.java:156) ~[junit-jupiter-engine-5.10.1.jar:5.10.1]
	at org.junit.jupiter.engine.extension.TimeoutExtension.interceptTestableMethod(TimeoutExtension.java:147) ~[junit-jupiter-engine-5.10.1.jar:5.10.1]
	at org.junit.jupiter.engine.extension.TimeoutExtension.interceptTestMethod(TimeoutExtension.java:86) ~[junit-jupiter-engine-5.10.1.jar:5.10.1]
	at org.junit.jupiter.engine.execution.InterceptingExecutableInvoker$ReflectiveInterceptorCall.lambda$ofVoidMethod$0(InterceptingExecutableInvoker.java:103) ~[junit-jupiter-engine-5.10.1.jar:5.10.1]
	at org.junit.jupiter.engine.execution.InterceptingExecutableInvoker.lambda$invoke$0(InterceptingExecutableInvoker.java:93) ~[junit-jupiter-engine-5.10.1.jar:5.10.1]
	at org.junit.jupiter.engine.execution.InvocationInterceptorChain$InterceptedInvocation.proceed(InvocationInterceptorChain.java:106) ~[junit-jupiter-engine-5.10.1.jar:5.10.1]
	at org.junit.jupiter.engine.execution.InvocationInterceptorChain.proceed(InvocationInterceptorChain.java:64) ~[junit-jupiter-engine-5.10.1.jar:5.10.1]
	at org.junit.jupiter.engine.execution.InvocationInterceptorChain.chainAndInvoke(InvocationInterceptorChain.java:45) ~[junit-jupiter-engine-5.10.1.jar:5.10.1]
	at org.junit.jupiter.engine.execution.InvocationInterceptorChain.invoke(InvocationInterceptorChain.java:37) ~[junit-jupiter-engine-5.10.1.jar:5.10.1]
	at org.junit.jupiter.engine.execution.InterceptingExecutableInvoker.invoke(InterceptingExecutableInvoker.java:92) ~[junit-jupiter-engine-5.10.1.jar:5.10.1]
	at org.junit.jupiter.engine.execution.InterceptingExecutableInvoker.invoke(InterceptingExecutableInvoker.java:86) ~[junit-jupiter-engine-5.10.1.jar:5.10.1]
	at org.junit.jupiter.engine.descriptor.TestMethodTestDescriptor.lambda$invokeTestMethod$7(TestMethodTestDescriptor.java:218) ~[junit-jupiter-engine-5.10.1.jar:5.10.1]
	at org.junit.platform.engine.support.hierarchical.ThrowableCollector.execute(ThrowableCollector.java:73) ~[junit-platform-engine-1.10.1.jar:1.10.1]
	at org.junit.jupiter.engine.descriptor.TestMethodTestDescriptor.invokeTestMethod(TestMethodTestDescriptor.java:214) ~[junit-jupiter-engine-5.10.1.jar:5.10.1]
	at org.junit.jupiter.engine.descriptor.TestMethodTestDescriptor.execute(TestMethodTestDescriptor.java:139) ~[junit-jupiter-engine-5.10.1.jar:5.10.1]
	at org.junit.jupiter.engine.descriptor.TestMethodTestDescriptor.execute(TestMethodTestDescriptor.java:69) ~[junit-jupiter-engine-5.10.1.jar:5.10.1]
	at org.junit.platform.engine.support.hierarchical.NodeTestTask.lambda$executeRecursively$6(NodeTestTask.java:151) ~[junit-platform-engine-1.10.1.jar:1.10.1]
	at org.junit.platform.engine.support.hierarchical.ThrowableCollector.execute(ThrowableCollector.java:73) ~[junit-platform-engine-1.10.1.jar:1.10.1]
	at org.junit.platform.engine.support.hierarchical.NodeTestTask.lambda$executeRecursively$8(NodeTestTask.java:141) ~[junit-platform-engine-1.10.1.jar:1.10.1]
	at org.junit.platform.engine.support.hierarchical.Node.around(Node.java:137) ~[junit-platform-engine-1.10.1.jar:1.10.1]
	at org.junit.platform.engine.support.hierarchical.NodeTestTask.lambda$executeRecursively$9(NodeTestTask.java:139) ~[junit-platform-engine-1.10.1.jar:1.10.1]
	at org.junit.platform.engine.support.hierarchical.ThrowableCollector.execute(ThrowableCollector.java:73) ~[junit-platform-engine-1.10.1.jar:1.10.1]
	at org.junit.platform.engine.support.hierarchical.NodeTestTask.executeRecursively(NodeTestTask.java:138) ~[junit-platform-engine-1.10.1.jar:1.10.1]
	at org.junit.platform.engine.support.hierarchical.NodeTestTask.execute(NodeTestTask.java:95) ~[junit-platform-engine-1.10.1.jar:1.10.1]
	at java.base/java.util.ArrayList.forEach(ArrayList.java:1511) ~[na:na]
	at org.junit.platform.engine.support.hierarchical.SameThreadHierarchicalTestExecutorService.invokeAll(SameThreadHierarchicalTestExecutorService.java:41) ~[junit-platform-engine-1.10.1.jar:1.10.1]
	at org.junit.platform.engine.support.hierarchical.NodeTestTask.lambda$executeRecursively$6(NodeTestTask.java:155) ~[junit-platform-engine-1.10.1.jar:1.10.1]
	at org.junit.platform.engine.support.hierarchical.ThrowableCollector.execute(ThrowableCollector.java:73) ~[junit-platform-engine-1.10.1.jar:1.10.1]
	at org.junit.platform.engine.support.hierarchical.NodeTestTask.lambda$executeRecursively$8(NodeTestTask.java:141) ~[junit-platform-engine-1.10.1.jar:1.10.1]
	at org.junit.platform.engine.support.hierarchical.Node.around(Node.java:137) ~[junit-platform-engine-1.10.1.jar:1.10.1]
	at org.junit.platform.engine.support.hierarchical.NodeTestTask.lambda$executeRecursively$9(NodeTestTask.java:139) ~[junit-platform-engine-1.10.1.jar:1.10.1]
	at org.junit.platform.engine.support.hierarchical.ThrowableCollector.execute(ThrowableCollector.java:73) ~[junit-platform-engine-1.10.1.jar:1.10.1]
	at org.junit.platform.engine.support.hierarchical.NodeTestTask.executeRecursively(NodeTestTask.java:138) ~[junit-platform-engine-1.10.1.jar:1.10.1]
	at org.junit.platform.engine.support.hierarchical.NodeTestTask.execute(NodeTestTask.java:95) ~[junit-platform-engine-1.10.1.jar:1.10.1]
	at java.base/java.util.ArrayList.forEach(ArrayList.java:1511) ~[na:na]
	at org.junit.platform.engine.support.hierarchical.SameThreadHierarchicalTestExecutorService.invokeAll(SameThreadHierarchicalTestExecutorService.java:41) ~[junit-platform-engine-1.10.1.jar:1.10.1]
	at org.junit.platform.engine.support.hierarchical.NodeTestTask.lambda$executeRecursively$6(NodeTestTask.java:155) ~[junit-platform-engine-1.10.1.jar:1.10.1]
	at org.junit.platform.engine.support.hierarchical.ThrowableCollector.execute(ThrowableCollector.java:73) ~[junit-platform-engine-1.10.1.jar:1.10.1]
	at org.junit.platform.engine.support.hierarchical.NodeTestTask.lambda$executeRecursively$8(NodeTestTask.java:141) ~[junit-platform-engine-1.10.1.jar:1.10.1]
	at org.junit.platform.engine.support.hierarchical.Node.around(Node.java:137) ~[junit-platform-engine-1.10.1.jar:1.10.1]
	at org.junit.platform.engine.support.hierarchical.NodeTestTask.lambda$executeRecursively$9(NodeTestTask.java:139) ~[junit-platform-engine-1.10.1.jar:1.10.1]
	at org.junit.platform.engine.support.hierarchical.ThrowableCollector.execute(ThrowableCollector.java:73) ~[junit-platform-engine-1.10.1.jar:1.10.1]
	at org.junit.platform.engine.support.hierarchical.NodeTestTask.executeRecursively(NodeTestTask.java:138) ~[junit-platform-engine-1.10.1.jar:1.10.1]
	at org.junit.platform.engine.support.hierarchical.NodeTestTask.execute(NodeTestTask.java:95) ~[junit-platform-engine-1.10.1.jar:1.10.1]
	at org.junit.platform.engine.support.hierarchical.SameThreadHierarchicalTestExecutorService.submit(SameThreadHierarchicalTestExecutorService.java:35) ~[junit-platform-engine-1.10.1.jar:1.10.1]
	at org.junit.platform.engine.support.hierarchical.HierarchicalTestExecutor.execute(HierarchicalTestExecutor.java:57) ~[junit-platform-engine-1.10.1.jar:1.10.1]
	at org.junit.platform.engine.support.hierarchical.HierarchicalTestEngine.execute(HierarchicalTestEngine.java:54) ~[junit-platform-engine-1.10.1.jar:1.10.1]
	at org.junit.platform.launcher.core.EngineExecutionOrchestrator.execute(EngineExecutionOrchestrator.java:198) ~[junit-platform-launcher-1.10.1.jar:1.10.1]
	at org.junit.platform.launcher.core.EngineExecutionOrchestrator.execute(EngineExecutionOrchestrator.java:169) ~[junit-platform-launcher-1.10.1.jar:1.10.1]
	at org.junit.platform.launcher.core.EngineExecutionOrchestrator.execute(EngineExecutionOrchestrator.java:93) ~[junit-platform-launcher-1.10.1.jar:1.10.1]
	at org.junit.platform.launcher.core.EngineExecutionOrchestrator.lambda$execute$0(EngineExecutionOrchestrator.java:58) ~[junit-platform-launcher-1.10.1.jar:1.10.1]
	at org.junit.platform.launcher.core.EngineExecutionOrchestrator.withInterceptedStreams(EngineExecutionOrchestrator.java:141) ~[junit-platform-launcher-1.10.1.jar:1.10.1]
	at org.junit.platform.launcher.core.EngineExecutionOrchestrator.execute(EngineExecutionOrchestrator.java:57) ~[junit-platform-launcher-1.10.1.jar:1.10.1]
	at org.junit.platform.launcher.core.DefaultLauncher.execute(DefaultLauncher.java:103) ~[junit-platform-launcher-1.10.1.jar:1.10.1]
	at org.junit.platform.launcher.core.DefaultLauncher.execute(DefaultLauncher.java:85) ~[junit-platform-launcher-1.10.1.jar:1.10.1]
	at org.junit.platform.launcher.core.DelegatingLauncher.execute(DelegatingLauncher.java:47) ~[junit-platform-launcher-1.10.1.jar:1.10.1]
	at org.apache.maven.surefire.junitplatform.LazyLauncher.execute(LazyLauncher.java:56) ~[surefire-junit-platform-3.1.2.jar:3.1.2]
	at org.apache.maven.surefire.junitplatform.JUnitPlatformProvider.execute(JUnitPlatformProvider.java:184) ~[surefire-junit-platform-3.1.2.jar:3.1.2]
	at org.apache.maven.surefire.junitplatform.JUnitPlatformProvider.invokeAllTests(JUnitPlatformProvider.java:148) ~[surefire-junit-platform-3.1.2.jar:3.1.2]
	at org.apache.maven.surefire.junitplatform.JUnitPlatformProvider.invoke(JUnitPlatformProvider.java:122) ~[surefire-junit-platform-3.1.2.jar:3.1.2]
	at org.apache.maven.surefire.booter.ForkedBooter.runSuitesInProcess(ForkedBooter.java:385) ~[surefire-booter-3.1.2.jar:3.1.2]
	at org.apache.maven.surefire.booter.ForkedBooter.execute(ForkedBooter.java:162) ~[surefire-booter-3.1.2.jar:3.1.2]
	at org.apache.maven.surefire.booter.ForkedBooter.run(ForkedBooter.java:507) ~[surefire-booter-3.1.2.jar:3.1.2]
	at org.apache.maven.surefire.booter.ForkedBooter.main(ForkedBooter.java:495) ~[surefire-booter-3.1.2.jar:3.1.2]
2026-04-23 01:12:49.635 INFO  [main] b.s.s.impl.OrderBusinessServiceImpl - Getting orders by status from data-service: status=NEW
2026-04-23 01:12:49.638 INFO  [main] b.s.s.impl.OrderBusinessServiceImpl - Starting order: orderId=1
2026-04-23 01:12:49.639 INFO  [main] b.s.s.impl.OrderBusinessServiceImpl - Order started successfully
2026-04-23 01:12:49.642 INFO  [main] b.s.s.impl.OrderBusinessServiceImpl - Creating order: customerId=1, artistId=2, price=1000
2026-04-23 01:12:49.643 ERROR [main] b.s.s.impl.OrderBusinessServiceImpl - Error creating order: API Error
java.lang.RuntimeException: API Error
	at by.step.service.impl.OrderBusinessServiceImpl.createOrder(OrderBusinessServiceImpl.java:50) ~[classes/:na]
	at by.step.service.OrderBusinessServiceTest.lambda$createOrder_WhenException_ThrowsRuntimeException$7(OrderBusinessServiceTest.java:380) ~[test-classes/:na]
	at org.assertj.core.api.ThrowableAssert.catchThrowable(ThrowableAssert.java:63) ~[assertj-core-3.24.2.jar:na]
	at org.assertj.core.api.AssertionsForClassTypes.catchThrowable(AssertionsForClassTypes.java:892) ~[assertj-core-3.24.2.jar:na]
	at org.assertj.core.api.AssertionsForClassTypes.assertThatThrownBy(AssertionsForClassTypes.java:746) ~[assertj-core-3.24.2.jar:na]
	at by.step.service.OrderBusinessServiceTest.createOrder_WhenException_ThrowsRuntimeException(OrderBusinessServiceTest.java:380) ~[test-classes/:na]
	at java.base/jdk.internal.reflect.NativeMethodAccessorImpl.invoke0(Native Method) ~[na:na]
	at java.base/jdk.internal.reflect.NativeMethodAccessorImpl.invoke(NativeMethodAccessorImpl.java:77) ~[na:na]
	at java.base/jdk.internal.reflect.DelegatingMethodAccessorImpl.invoke(DelegatingMethodAccessorImpl.java:43) ~[na:na]
	at java.base/java.lang.reflect.Method.invoke(Method.java:569) ~[na:na]
	at org.junit.platform.commons.util.ReflectionUtils.invokeMethod(ReflectionUtils.java:728) ~[junit-platform-commons-1.10.1.jar:1.10.1]
	at org.junit.jupiter.engine.execution.MethodInvocation.proceed(MethodInvocation.java:60) ~[junit-jupiter-engine-5.10.1.jar:5.10.1]
	at org.junit.jupiter.engine.execution.InvocationInterceptorChain$ValidatingInvocation.proceed(InvocationInterceptorChain.java:131) ~[junit-jupiter-engine-5.10.1.jar:5.10.1]
	at org.junit.jupiter.engine.extension.TimeoutExtension.intercept(TimeoutExtension.java:156) ~[junit-jupiter-engine-5.10.1.jar:5.10.1]
	at org.junit.jupiter.engine.extension.TimeoutExtension.interceptTestableMethod(TimeoutExtension.java:147) ~[junit-jupiter-engine-5.10.1.jar:5.10.1]
	at org.junit.jupiter.engine.extension.TimeoutExtension.interceptTestMethod(TimeoutExtension.java:86) ~[junit-jupiter-engine-5.10.1.jar:5.10.1]
	at org.junit.jupiter.engine.execution.InterceptingExecutableInvoker$ReflectiveInterceptorCall.lambda$ofVoidMethod$0(InterceptingExecutableInvoker.java:103) ~[junit-jupiter-engine-5.10.1.jar:5.10.1]
	at org.junit.jupiter.engine.execution.InterceptingExecutableInvoker.lambda$invoke$0(InterceptingExecutableInvoker.java:93) ~[junit-jupiter-engine-5.10.1.jar:5.10.1]
	at org.junit.jupiter.engine.execution.InvocationInterceptorChain$InterceptedInvocation.proceed(InvocationInterceptorChain.java:106) ~[junit-jupiter-engine-5.10.1.jar:5.10.1]
	at org.junit.jupiter.engine.execution.InvocationInterceptorChain.proceed(InvocationInterceptorChain.java:64) ~[junit-jupiter-engine-5.10.1.jar:5.10.1]
	at org.junit.jupiter.engine.execution.InvocationInterceptorChain.chainAndInvoke(InvocationInterceptorChain.java:45) ~[junit-jupiter-engine-5.10.1.jar:5.10.1]
	at org.junit.jupiter.engine.execution.InvocationInterceptorChain.invoke(InvocationInterceptorChain.java:37) ~[junit-jupiter-engine-5.10.1.jar:5.10.1]
	at org.junit.jupiter.engine.execution.InterceptingExecutableInvoker.invoke(InterceptingExecutableInvoker.java:92) ~[junit-jupiter-engine-5.10.1.jar:5.10.1]
	at org.junit.jupiter.engine.execution.InterceptingExecutableInvoker.invoke(InterceptingExecutableInvoker.java:86) ~[junit-jupiter-engine-5.10.1.jar:5.10.1]
	at org.junit.jupiter.engine.descriptor.TestMethodTestDescriptor.lambda$invokeTestMethod$7(TestMethodTestDescriptor.java:218) ~[junit-jupiter-engine-5.10.1.jar:5.10.1]
	at org.junit.platform.engine.support.hierarchical.ThrowableCollector.execute(ThrowableCollector.java:73) ~[junit-platform-engine-1.10.1.jar:1.10.1]
	at org.junit.jupiter.engine.descriptor.TestMethodTestDescriptor.invokeTestMethod(TestMethodTestDescriptor.java:214) ~[junit-jupiter-engine-5.10.1.jar:5.10.1]
	at org.junit.jupiter.engine.descriptor.TestMethodTestDescriptor.execute(TestMethodTestDescriptor.java:139) ~[junit-jupiter-engine-5.10.1.jar:5.10.1]
	at org.junit.jupiter.engine.descriptor.TestMethodTestDescriptor.execute(TestMethodTestDescriptor.java:69) ~[junit-jupiter-engine-5.10.1.jar:5.10.1]
	at org.junit.platform.engine.support.hierarchical.NodeTestTask.lambda$executeRecursively$6(NodeTestTask.java:151) ~[junit-platform-engine-1.10.1.jar:1.10.1]
	at org.junit.platform.engine.support.hierarchical.ThrowableCollector.execute(ThrowableCollector.java:73) ~[junit-platform-engine-1.10.1.jar:1.10.1]
	at org.junit.platform.engine.support.hierarchical.NodeTestTask.lambda$executeRecursively$8(NodeTestTask.java:141) ~[junit-platform-engine-1.10.1.jar:1.10.1]
	at org.junit.platform.engine.support.hierarchical.Node.around(Node.java:137) ~[junit-platform-engine-1.10.1.jar:1.10.1]
	at org.junit.platform.engine.support.hierarchical.NodeTestTask.lambda$executeRecursively$9(NodeTestTask.java:139) ~[junit-platform-engine-1.10.1.jar:1.10.1]
	at org.junit.platform.engine.support.hierarchical.ThrowableCollector.execute(ThrowableCollector.java:73) ~[junit-platform-engine-1.10.1.jar:1.10.1]
	at org.junit.platform.engine.support.hierarchical.NodeTestTask.executeRecursively(NodeTestTask.java:138) ~[junit-platform-engine-1.10.1.jar:1.10.1]
	at org.junit.platform.engine.support.hierarchical.NodeTestTask.execute(NodeTestTask.java:95) ~[junit-platform-engine-1.10.1.jar:1.10.1]
	at java.base/java.util.ArrayList.forEach(ArrayList.java:1511) ~[na:na]
	at org.junit.platform.engine.support.hierarchical.SameThreadHierarchicalTestExecutorService.invokeAll(SameThreadHierarchicalTestExecutorService.java:41) ~[junit-platform-engine-1.10.1.jar:1.10.1]
	at org.junit.platform.engine.support.hierarchical.NodeTestTask.lambda$executeRecursively$6(NodeTestTask.java:155) ~[junit-platform-engine-1.10.1.jar:1.10.1]
	at org.junit.platform.engine.support.hierarchical.ThrowableCollector.execute(ThrowableCollector.java:73) ~[junit-platform-engine-1.10.1.jar:1.10.1]
	at org.junit.platform.engine.support.hierarchical.NodeTestTask.lambda$executeRecursively$8(NodeTestTask.java:141) ~[junit-platform-engine-1.10.1.jar:1.10.1]
	at org.junit.platform.engine.support.hierarchical.Node.around(Node.java:137) ~[junit-platform-engine-1.10.1.jar:1.10.1]
	at org.junit.platform.engine.support.hierarchical.NodeTestTask.lambda$executeRecursively$9(NodeTestTask.java:139) ~[junit-platform-engine-1.10.1.jar:1.10.1]
	at org.junit.platform.engine.support.hierarchical.ThrowableCollector.execute(ThrowableCollector.java:73) ~[junit-platform-engine-1.10.1.jar:1.10.1]
	at org.junit.platform.engine.support.hierarchical.NodeTestTask.executeRecursively(NodeTestTask.java:138) ~[junit-platform-engine-1.10.1.jar:1.10.1]
	at org.junit.platform.engine.support.hierarchical.NodeTestTask.execute(NodeTestTask.java:95) ~[junit-platform-engine-1.10.1.jar:1.10.1]
	at java.base/java.util.ArrayList.forEach(ArrayList.java:1511) ~[na:na]
	at org.junit.platform.engine.support.hierarchical.SameThreadHierarchicalTestExecutorService.invokeAll(SameThreadHierarchicalTestExecutorService.java:41) ~[junit-platform-engine-1.10.1.jar:1.10.1]
	at org.junit.platform.engine.support.hierarchical.NodeTestTask.lambda$executeRecursively$6(NodeTestTask.java:155) ~[junit-platform-engine-1.10.1.jar:1.10.1]
	at org.junit.platform.engine.support.hierarchical.ThrowableCollector.execute(ThrowableCollector.java:73) ~[junit-platform-engine-1.10.1.jar:1.10.1]
	at org.junit.platform.engine.support.hierarchical.NodeTestTask.lambda$executeRecursively$8(NodeTestTask.java:141) ~[junit-platform-engine-1.10.1.jar:1.10.1]
	at org.junit.platform.engine.support.hierarchical.Node.around(Node.java:137) ~[junit-platform-engine-1.10.1.jar:1.10.1]
	at org.junit.platform.engine.support.hierarchical.NodeTestTask.lambda$executeRecursively$9(NodeTestTask.java:139) ~[junit-platform-engine-1.10.1.jar:1.10.1]
	at org.junit.platform.engine.support.hierarchical.ThrowableCollector.execute(ThrowableCollector.java:73) ~[junit-platform-engine-1.10.1.jar:1.10.1]
	at org.junit.platform.engine.support.hierarchical.NodeTestTask.executeRecursively(NodeTestTask.java:138) ~[junit-platform-engine-1.10.1.jar:1.10.1]
	at org.junit.platform.engine.support.hierarchical.NodeTestTask.execute(NodeTestTask.java:95) ~[junit-platform-engine-1.10.1.jar:1.10.1]
	at org.junit.platform.engine.support.hierarchical.SameThreadHierarchicalTestExecutorService.submit(SameThreadHierarchicalTestExecutorService.java:35) ~[junit-platform-engine-1.10.1.jar:1.10.1]
	at org.junit.platform.engine.support.hierarchical.HierarchicalTestExecutor.execute(HierarchicalTestExecutor.java:57) ~[junit-platform-engine-1.10.1.jar:1.10.1]
	at org.junit.platform.engine.support.hierarchical.HierarchicalTestEngine.execute(HierarchicalTestEngine.java:54) ~[junit-platform-engine-1.10.1.jar:1.10.1]
	at org.junit.platform.launcher.core.EngineExecutionOrchestrator.execute(EngineExecutionOrchestrator.java:198) ~[junit-platform-launcher-1.10.1.jar:1.10.1]
	at org.junit.platform.launcher.core.EngineExecutionOrchestrator.execute(EngineExecutionOrchestrator.java:169) ~[junit-platform-launcher-1.10.1.jar:1.10.1]
	at org.junit.platform.launcher.core.EngineExecutionOrchestrator.execute(EngineExecutionOrchestrator.java:93) ~[junit-platform-launcher-1.10.1.jar:1.10.1]
	at org.junit.platform.launcher.core.EngineExecutionOrchestrator.lambda$execute$0(EngineExecutionOrchestrator.java:58) ~[junit-platform-launcher-1.10.1.jar:1.10.1]
	at org.junit.platform.launcher.core.EngineExecutionOrchestrator.withInterceptedStreams(EngineExecutionOrchestrator.java:141) ~[junit-platform-launcher-1.10.1.jar:1.10.1]
	at org.junit.platform.launcher.core.EngineExecutionOrchestrator.execute(EngineExecutionOrchestrator.java:57) ~[junit-platform-launcher-1.10.1.jar:1.10.1]
	at org.junit.platform.launcher.core.DefaultLauncher.execute(DefaultLauncher.java:103) ~[junit-platform-launcher-1.10.1.jar:1.10.1]
	at org.junit.platform.launcher.core.DefaultLauncher.execute(DefaultLauncher.java:85) ~[junit-platform-launcher-1.10.1.jar:1.10.1]
	at org.junit.platform.launcher.core.DelegatingLauncher.execute(DelegatingLauncher.java:47) ~[junit-platform-launcher-1.10.1.jar:1.10.1]
	at org.apache.maven.surefire.junitplatform.LazyLauncher.execute(LazyLauncher.java:56) ~[surefire-junit-platform-3.1.2.jar:3.1.2]
	at org.apache.maven.surefire.junitplatform.JUnitPlatformProvider.execute(JUnitPlatformProvider.java:184) ~[surefire-junit-platform-3.1.2.jar:3.1.2]
	at org.apache.maven.surefire.junitplatform.JUnitPlatformProvider.invokeAllTests(JUnitPlatformProvider.java:148) ~[surefire-junit-platform-3.1.2.jar:3.1.2]
	at org.apache.maven.surefire.junitplatform.JUnitPlatformProvider.invoke(JUnitPlatformProvider.java:122) ~[surefire-junit-platform-3.1.2.jar:3.1.2]
	at org.apache.maven.surefire.booter.ForkedBooter.runSuitesInProcess(ForkedBooter.java:385) ~[surefire-booter-3.1.2.jar:3.1.2]
	at org.apache.maven.surefire.booter.ForkedBooter.execute(ForkedBooter.java:162) ~[surefire-booter-3.1.2.jar:3.1.2]
	at org.apache.maven.surefire.booter.ForkedBooter.run(ForkedBooter.java:507) ~[surefire-booter-3.1.2.jar:3.1.2]
	at org.apache.maven.surefire.booter.ForkedBooter.main(ForkedBooter.java:495) ~[surefire-booter-3.1.2.jar:3.1.2]
2026-04-23 01:12:49.648 INFO  [main] b.s.s.impl.OrderBusinessServiceImpl - Completing order: orderId=1
2026-04-23 01:12:49.649 ERROR [main] b.s.s.impl.OrderBusinessServiceImpl - Error completing order: Client error
java.lang.RuntimeException: Client error
	at by.step.service.impl.OrderBusinessServiceImpl.completeOrder(OrderBusinessServiceImpl.java:230) ~[classes/:na]
	at by.step.service.OrderBusinessServiceTest.lambda$completeOrder_WhenException_ThrowsRuntimeException$3(OrderBusinessServiceTest.java:306) ~[test-classes/:na]
	at org.assertj.core.api.ThrowableAssert.catchThrowable(ThrowableAssert.java:63) ~[assertj-core-3.24.2.jar:na]
	at org.assertj.core.api.AssertionsForClassTypes.catchThrowable(AssertionsForClassTypes.java:892) ~[assertj-core-3.24.2.jar:na]
	at org.assertj.core.api.AssertionsForClassTypes.assertThatThrownBy(AssertionsForClassTypes.java:746) ~[assertj-core-3.24.2.jar:na]
	at by.step.service.OrderBusinessServiceTest.completeOrder_WhenException_ThrowsRuntimeException(OrderBusinessServiceTest.java:306) ~[test-classes/:na]
	at java.base/jdk.internal.reflect.NativeMethodAccessorImpl.invoke0(Native Method) ~[na:na]
	at java.base/jdk.internal.reflect.NativeMethodAccessorImpl.invoke(NativeMethodAccessorImpl.java:77) ~[na:na]
	at java.base/jdk.internal.reflect.DelegatingMethodAccessorImpl.invoke(DelegatingMethodAccessorImpl.java:43) ~[na:na]
	at java.base/java.lang.reflect.Method.invoke(Method.java:569) ~[na:na]
	at org.junit.platform.commons.util.ReflectionUtils.invokeMethod(ReflectionUtils.java:728) ~[junit-platform-commons-1.10.1.jar:1.10.1]
	at org.junit.jupiter.engine.execution.MethodInvocation.proceed(MethodInvocation.java:60) ~[junit-jupiter-engine-5.10.1.jar:5.10.1]
	at org.junit.jupiter.engine.execution.InvocationInterceptorChain$ValidatingInvocation.proceed(InvocationInterceptorChain.java:131) ~[junit-jupiter-engine-5.10.1.jar:5.10.1]
	at org.junit.jupiter.engine.extension.TimeoutExtension.intercept(TimeoutExtension.java:156) ~[junit-jupiter-engine-5.10.1.jar:5.10.1]
	at org.junit.jupiter.engine.extension.TimeoutExtension.interceptTestableMethod(TimeoutExtension.java:147) ~[junit-jupiter-engine-5.10.1.jar:5.10.1]
	at org.junit.jupiter.engine.extension.TimeoutExtension.interceptTestMethod(TimeoutExtension.java:86) ~[junit-jupiter-engine-5.10.1.jar:5.10.1]
	at org.junit.jupiter.engine.execution.InterceptingExecutableInvoker$ReflectiveInterceptorCall.lambda$ofVoidMethod$0(InterceptingExecutableInvoker.java:103) ~[junit-jupiter-engine-5.10.1.jar:5.10.1]
	at org.junit.jupiter.engine.execution.InterceptingExecutableInvoker.lambda$invoke$0(InterceptingExecutableInvoker.java:93) ~[junit-jupiter-engine-5.10.1.jar:5.10.1]
	at org.junit.jupiter.engine.execution.InvocationInterceptorChain$InterceptedInvocation.proceed(InvocationInterceptorChain.java:106) ~[junit-jupiter-engine-5.10.1.jar:5.10.1]
	at org.junit.jupiter.engine.execution.InvocationInterceptorChain.proceed(InvocationInterceptorChain.java:64) ~[junit-jupiter-engine-5.10.1.jar:5.10.1]
	at org.junit.jupiter.engine.execution.InvocationInterceptorChain.chainAndInvoke(InvocationInterceptorChain.java:45) ~[junit-jupiter-engine-5.10.1.jar:5.10.1]
	at org.junit.jupiter.engine.execution.InvocationInterceptorChain.invoke(InvocationInterceptorChain.java:37) ~[junit-jupiter-engine-5.10.1.jar:5.10.1]
	at org.junit.jupiter.engine.execution.InterceptingExecutableInvoker.invoke(InterceptingExecutableInvoker.java:92) ~[junit-jupiter-engine-5.10.1.jar:5.10.1]
	at org.junit.jupiter.engine.execution.InterceptingExecutableInvoker.invoke(InterceptingExecutableInvoker.java:86) ~[junit-jupiter-engine-5.10.1.jar:5.10.1]
	at org.junit.jupiter.engine.descriptor.TestMethodTestDescriptor.lambda$invokeTestMethod$7(TestMethodTestDescriptor.java:218) ~[junit-jupiter-engine-5.10.1.jar:5.10.1]
	at org.junit.platform.engine.support.hierarchical.ThrowableCollector.execute(ThrowableCollector.java:73) ~[junit-platform-engine-1.10.1.jar:1.10.1]
	at org.junit.jupiter.engine.descriptor.TestMethodTestDescriptor.invokeTestMethod(TestMethodTestDescriptor.java:214) ~[junit-jupiter-engine-5.10.1.jar:5.10.1]
	at org.junit.jupiter.engine.descriptor.TestMethodTestDescriptor.execute(TestMethodTestDescriptor.java:139) ~[junit-jupiter-engine-5.10.1.jar:5.10.1]
	at org.junit.jupiter.engine.descriptor.TestMethodTestDescriptor.execute(TestMethodTestDescriptor.java:69) ~[junit-jupiter-engine-5.10.1.jar:5.10.1]
	at org.junit.platform.engine.support.hierarchical.NodeTestTask.lambda$executeRecursively$6(NodeTestTask.java:151) ~[junit-platform-engine-1.10.1.jar:1.10.1]
	at org.junit.platform.engine.support.hierarchical.ThrowableCollector.execute(ThrowableCollector.java:73) ~[junit-platform-engine-1.10.1.jar:1.10.1]
	at org.junit.platform.engine.support.hierarchical.NodeTestTask.lambda$executeRecursively$8(NodeTestTask.java:141) ~[junit-platform-engine-1.10.1.jar:1.10.1]
	at org.junit.platform.engine.support.hierarchical.Node.around(Node.java:137) ~[junit-platform-engine-1.10.1.jar:1.10.1]
	at org.junit.platform.engine.support.hierarchical.NodeTestTask.lambda$executeRecursively$9(NodeTestTask.java:139) ~[junit-platform-engine-1.10.1.jar:1.10.1]
	at org.junit.platform.engine.support.hierarchical.ThrowableCollector.execute(ThrowableCollector.java:73) ~[junit-platform-engine-1.10.1.jar:1.10.1]
	at org.junit.platform.engine.support.hierarchical.NodeTestTask.executeRecursively(NodeTestTask.java:138) ~[junit-platform-engine-1.10.1.jar:1.10.1]
	at org.junit.platform.engine.support.hierarchical.NodeTestTask.execute(NodeTestTask.java:95) ~[junit-platform-engine-1.10.1.jar:1.10.1]
	at java.base/java.util.ArrayList.forEach(ArrayList.java:1511) ~[na:na]
	at org.junit.platform.engine.support.hierarchical.SameThreadHierarchicalTestExecutorService.invokeAll(SameThreadHierarchicalTestExecutorService.java:41) ~[junit-platform-engine-1.10.1.jar:1.10.1]
	at org.junit.platform.engine.support.hierarchical.NodeTestTask.lambda$executeRecursively$6(NodeTestTask.java:155) ~[junit-platform-engine-1.10.1.jar:1.10.1]
	at org.junit.platform.engine.support.hierarchical.ThrowableCollector.execute(ThrowableCollector.java:73) ~[junit-platform-engine-1.10.1.jar:1.10.1]
	at org.junit.platform.engine.support.hierarchical.NodeTestTask.lambda$executeRecursively$8(NodeTestTask.java:141) ~[junit-platform-engine-1.10.1.jar:1.10.1]
	at org.junit.platform.engine.support.hierarchical.Node.around(Node.java:137) ~[junit-platform-engine-1.10.1.jar:1.10.1]
	at org.junit.platform.engine.support.hierarchical.NodeTestTask.lambda$executeRecursively$9(NodeTestTask.java:139) ~[junit-platform-engine-1.10.1.jar:1.10.1]
	at org.junit.platform.engine.support.hierarchical.ThrowableCollector.execute(ThrowableCollector.java:73) ~[junit-platform-engine-1.10.1.jar:1.10.1]
	at org.junit.platform.engine.support.hierarchical.NodeTestTask.executeRecursively(NodeTestTask.java:138) ~[junit-platform-engine-1.10.1.jar:1.10.1]
	at org.junit.platform.engine.support.hierarchical.NodeTestTask.execute(NodeTestTask.java:95) ~[junit-platform-engine-1.10.1.jar:1.10.1]
	at java.base/java.util.ArrayList.forEach(ArrayList.java:1511) ~[na:na]
	at org.junit.platform.engine.support.hierarchical.SameThreadHierarchicalTestExecutorService.invokeAll(SameThreadHierarchicalTestExecutorService.java:41) ~[junit-platform-engine-1.10.1.jar:1.10.1]
	at org.junit.platform.engine.support.hierarchical.NodeTestTask.lambda$executeRecursively$6(NodeTestTask.java:155) ~[junit-platform-engine-1.10.1.jar:1.10.1]
	at org.junit.platform.engine.support.hierarchical.ThrowableCollector.execute(ThrowableCollector.java:73) ~[junit-platform-engine-1.10.1.jar:1.10.1]
	at org.junit.platform.engine.support.hierarchical.NodeTestTask.lambda$executeRecursively$8(NodeTestTask.java:141) ~[junit-platform-engine-1.10.1.jar:1.10.1]
	at org.junit.platform.engine.support.hierarchical.Node.around(Node.java:137) ~[junit-platform-engine-1.10.1.jar:1.10.1]
	at org.junit.platform.engine.support.hierarchical.NodeTestTask.lambda$executeRecursively$9(NodeTestTask.java:139) ~[junit-platform-engine-1.10.1.jar:1.10.1]
	at org.junit.platform.engine.support.hierarchical.ThrowableCollector.execute(ThrowableCollector.java:73) ~[junit-platform-engine-1.10.1.jar:1.10.1]
	at org.junit.platform.engine.support.hierarchical.NodeTestTask.executeRecursively(NodeTestTask.java:138) ~[junit-platform-engine-1.10.1.jar:1.10.1]
	at org.junit.platform.engine.support.hierarchical.NodeTestTask.execute(NodeTestTask.java:95) ~[junit-platform-engine-1.10.1.jar:1.10.1]
	at org.junit.platform.engine.support.hierarchical.SameThreadHierarchicalTestExecutorService.submit(SameThreadHierarchicalTestExecutorService.java:35) ~[junit-platform-engine-1.10.1.jar:1.10.1]
	at org.junit.platform.engine.support.hierarchical.HierarchicalTestExecutor.execute(HierarchicalTestExecutor.java:57) ~[junit-platform-engine-1.10.1.jar:1.10.1]
	at org.junit.platform.engine.support.hierarchical.HierarchicalTestEngine.execute(HierarchicalTestEngine.java:54) ~[junit-platform-engine-1.10.1.jar:1.10.1]
	at org.junit.platform.launcher.core.EngineExecutionOrchestrator.execute(EngineExecutionOrchestrator.java:198) ~[junit-platform-launcher-1.10.1.jar:1.10.1]
	at org.junit.platform.launcher.core.EngineExecutionOrchestrator.execute(EngineExecutionOrchestrator.java:169) ~[junit-platform-launcher-1.10.1.jar:1.10.1]
	at org.junit.platform.launcher.core.EngineExecutionOrchestrator.execute(EngineExecutionOrchestrator.java:93) ~[junit-platform-launcher-1.10.1.jar:1.10.1]
	at org.junit.platform.launcher.core.EngineExecutionOrchestrator.lambda$execute$0(EngineExecutionOrchestrator.java:58) ~[junit-platform-launcher-1.10.1.jar:1.10.1]
	at org.junit.platform.launcher.core.EngineExecutionOrchestrator.withInterceptedStreams(EngineExecutionOrchestrator.java:141) ~[junit-platform-launcher-1.10.1.jar:1.10.1]
	at org.junit.platform.launcher.core.EngineExecutionOrchestrator.execute(EngineExecutionOrchestrator.java:57) ~[junit-platform-launcher-1.10.1.jar:1.10.1]
	at org.junit.platform.launcher.core.DefaultLauncher.execute(DefaultLauncher.java:103) ~[junit-platform-launcher-1.10.1.jar:1.10.1]
	at org.junit.platform.launcher.core.DefaultLauncher.execute(DefaultLauncher.java:85) ~[junit-platform-launcher-1.10.1.jar:1.10.1]
	at org.junit.platform.launcher.core.DelegatingLauncher.execute(DelegatingLauncher.java:47) ~[junit-platform-launcher-1.10.1.jar:1.10.1]
	at org.apache.maven.surefire.junitplatform.LazyLauncher.execute(LazyLauncher.java:56) ~[surefire-junit-platform-3.1.2.jar:3.1.2]
	at org.apache.maven.surefire.junitplatform.JUnitPlatformProvider.execute(JUnitPlatformProvider.java:184) ~[surefire-junit-platform-3.1.2.jar:3.1.2]
	at org.apache.maven.surefire.junitplatform.JUnitPlatformProvider.invokeAllTests(JUnitPlatformProvider.java:148) ~[surefire-junit-platform-3.1.2.jar:3.1.2]
	at org.apache.maven.surefire.junitplatform.JUnitPlatformProvider.invoke(JUnitPlatformProvider.java:122) ~[surefire-junit-platform-3.1.2.jar:3.1.2]
	at org.apache.maven.surefire.booter.ForkedBooter.runSuitesInProcess(ForkedBooter.java:385) ~[surefire-booter-3.1.2.jar:3.1.2]
	at org.apache.maven.surefire.booter.ForkedBooter.execute(ForkedBooter.java:162) ~[surefire-booter-3.1.2.jar:3.1.2]
	at org.apache.maven.surefire.booter.ForkedBooter.run(ForkedBooter.java:507) ~[surefire-booter-3.1.2.jar:3.1.2]
	at org.apache.maven.surefire.booter.ForkedBooter.main(ForkedBooter.java:495) ~[surefire-booter-3.1.2.jar:3.1.2]
2026-04-23 01:12:49.654 INFO  [main] b.s.s.impl.OrderBusinessServiceImpl - Calculating total spent: customerId=1
2026-04-23 01:12:49.655 INFO  [main] b.s.s.impl.OrderBusinessServiceImpl - Getting orders by customer from data-service: customerId=1
2026-04-23 01:12:49.658 INFO  [main] b.s.s.impl.OrderBusinessServiceImpl - Getting completed orders count: artistId=2
2026-04-23 01:12:49.658 INFO  [main] b.s.s.impl.OrderBusinessServiceImpl - Getting orders by artist from data-service: artistId=2
2026-04-23 01:12:49.659 ERROR [main] b.s.s.impl.OrderBusinessServiceImpl - Error getting orders by artist 2: API Error
java.lang.RuntimeException: API Error
	at by.step.service.impl.OrderBusinessServiceImpl.getOrdersByArtist(OrderBusinessServiceImpl.java:120) ~[classes/:na]
	at by.step.service.impl.OrderBusinessServiceImpl.getCompletedOrdersCount(OrderBusinessServiceImpl.java:331) ~[classes/:na]
	at by.step.service.OrderBusinessServiceTest.getCompletedOrdersCount_WhenException_ReturnsZero(OrderBusinessServiceTest.java:435) ~[test-classes/:na]
	at java.base/jdk.internal.reflect.NativeMethodAccessorImpl.invoke0(Native Method) ~[na:na]
	at java.base/jdk.internal.reflect.NativeMethodAccessorImpl.invoke(NativeMethodAccessorImpl.java:77) ~[na:na]
	at java.base/jdk.internal.reflect.DelegatingMethodAccessorImpl.invoke(DelegatingMethodAccessorImpl.java:43) ~[na:na]
	at java.base/java.lang.reflect.Method.invoke(Method.java:569) ~[na:na]
	at org.junit.platform.commons.util.ReflectionUtils.invokeMethod(ReflectionUtils.java:728) ~[junit-platform-commons-1.10.1.jar:1.10.1]
	at org.junit.jupiter.engine.execution.MethodInvocation.proceed(MethodInvocation.java:60) ~[junit-jupiter-engine-5.10.1.jar:5.10.1]
	at org.junit.jupiter.engine.execution.InvocationInterceptorChain$ValidatingInvocation.proceed(InvocationInterceptorChain.java:131) ~[junit-jupiter-engine-5.10.1.jar:5.10.1]
	at org.junit.jupiter.engine.extension.TimeoutExtension.intercept(TimeoutExtension.java:156) ~[junit-jupiter-engine-5.10.1.jar:5.10.1]
	at org.junit.jupiter.engine.extension.TimeoutExtension.interceptTestableMethod(TimeoutExtension.java:147) ~[junit-jupiter-engine-5.10.1.jar:5.10.1]
	at org.junit.jupiter.engine.extension.TimeoutExtension.interceptTestMethod(TimeoutExtension.java:86) ~[junit-jupiter-engine-5.10.1.jar:5.10.1]
	at org.junit.jupiter.engine.execution.InterceptingExecutableInvoker$ReflectiveInterceptorCall.lambda$ofVoidMethod$0(InterceptingExecutableInvoker.java:103) ~[junit-jupiter-engine-5.10.1.jar:5.10.1]
	at org.junit.jupiter.engine.execution.InterceptingExecutableInvoker.lambda$invoke$0(InterceptingExecutableInvoker.java:93) ~[junit-jupiter-engine-5.10.1.jar:5.10.1]
	at org.junit.jupiter.engine.execution.InvocationInterceptorChain$InterceptedInvocation.proceed(InvocationInterceptorChain.java:106) ~[junit-jupiter-engine-5.10.1.jar:5.10.1]
	at org.junit.jupiter.engine.execution.InvocationInterceptorChain.proceed(InvocationInterceptorChain.java:64) ~[junit-jupiter-engine-5.10.1.jar:5.10.1]
	at org.junit.jupiter.engine.execution.InvocationInterceptorChain.chainAndInvoke(InvocationInterceptorChain.java:45) ~[junit-jupiter-engine-5.10.1.jar:5.10.1]
	at org.junit.jupiter.engine.execution.InvocationInterceptorChain.invoke(InvocationInterceptorChain.java:37) ~[junit-jupiter-engine-5.10.1.jar:5.10.1]
	at org.junit.jupiter.engine.execution.InterceptingExecutableInvoker.invoke(InterceptingExecutableInvoker.java:92) ~[junit-jupiter-engine-5.10.1.jar:5.10.1]
	at org.junit.jupiter.engine.execution.InterceptingExecutableInvoker.invoke(InterceptingExecutableInvoker.java:86) ~[junit-jupiter-engine-5.10.1.jar:5.10.1]
	at org.junit.jupiter.engine.descriptor.TestMethodTestDescriptor.lambda$invokeTestMethod$7(TestMethodTestDescriptor.java:218) ~[junit-jupiter-engine-5.10.1.jar:5.10.1]
	at org.junit.platform.engine.support.hierarchical.ThrowableCollector.execute(ThrowableCollector.java:73) ~[junit-platform-engine-1.10.1.jar:1.10.1]
	at org.junit.jupiter.engine.descriptor.TestMethodTestDescriptor.invokeTestMethod(TestMethodTestDescriptor.java:214) ~[junit-jupiter-engine-5.10.1.jar:5.10.1]
	at org.junit.jupiter.engine.descriptor.TestMethodTestDescriptor.execute(TestMethodTestDescriptor.java:139) ~[junit-jupiter-engine-5.10.1.jar:5.10.1]
	at org.junit.jupiter.engine.descriptor.TestMethodTestDescriptor.execute(TestMethodTestDescriptor.java:69) ~[junit-jupiter-engine-5.10.1.jar:5.10.1]
	at org.junit.platform.engine.support.hierarchical.NodeTestTask.lambda$executeRecursively$6(NodeTestTask.java:151) ~[junit-platform-engine-1.10.1.jar:1.10.1]
	at org.junit.platform.engine.support.hierarchical.ThrowableCollector.execute(ThrowableCollector.java:73) ~[junit-platform-engine-1.10.1.jar:1.10.1]
	at org.junit.platform.engine.support.hierarchical.NodeTestTask.lambda$executeRecursively$8(NodeTestTask.java:141) ~[junit-platform-engine-1.10.1.jar:1.10.1]
	at org.junit.platform.engine.support.hierarchical.Node.around(Node.java:137) ~[junit-platform-engine-1.10.1.jar:1.10.1]
	at org.junit.platform.engine.support.hierarchical.NodeTestTask.lambda$executeRecursively$9(NodeTestTask.java:139) ~[junit-platform-engine-1.10.1.jar:1.10.1]
	at org.junit.platform.engine.support.hierarchical.ThrowableCollector.execute(ThrowableCollector.java:73) ~[junit-platform-engine-1.10.1.jar:1.10.1]
	at org.junit.platform.engine.support.hierarchical.NodeTestTask.executeRecursively(NodeTestTask.java:138) ~[junit-platform-engine-1.10.1.jar:1.10.1]
	at org.junit.platform.engine.support.hierarchical.NodeTestTask.execute(NodeTestTask.java:95) ~[junit-platform-engine-1.10.1.jar:1.10.1]
	at java.base/java.util.ArrayList.forEach(ArrayList.java:1511) ~[na:na]
	at org.junit.platform.engine.support.hierarchical.SameThreadHierarchicalTestExecutorService.invokeAll(SameThreadHierarchicalTestExecutorService.java:41) ~[junit-platform-engine-1.10.1.jar:1.10.1]
	at org.junit.platform.engine.support.hierarchical.NodeTestTask.lambda$executeRecursively$6(NodeTestTask.java:155) ~[junit-platform-engine-1.10.1.jar:1.10.1]
	at org.junit.platform.engine.support.hierarchical.ThrowableCollector.execute(ThrowableCollector.java:73) ~[junit-platform-engine-1.10.1.jar:1.10.1]
	at org.junit.platform.engine.support.hierarchical.NodeTestTask.lambda$executeRecursively$8(NodeTestTask.java:141) ~[junit-platform-engine-1.10.1.jar:1.10.1]
	at org.junit.platform.engine.support.hierarchical.Node.around(Node.java:137) ~[junit-platform-engine-1.10.1.jar:1.10.1]
	at org.junit.platform.engine.support.hierarchical.NodeTestTask.lambda$executeRecursively$9(NodeTestTask.java:139) ~[junit-platform-engine-1.10.1.jar:1.10.1]
	at org.junit.platform.engine.support.hierarchical.ThrowableCollector.execute(ThrowableCollector.java:73) ~[junit-platform-engine-1.10.1.jar:1.10.1]
	at org.junit.platform.engine.support.hierarchical.NodeTestTask.executeRecursively(NodeTestTask.java:138) ~[junit-platform-engine-1.10.1.jar:1.10.1]
	at org.junit.platform.engine.support.hierarchical.NodeTestTask.execute(NodeTestTask.java:95) ~[junit-platform-engine-1.10.1.jar:1.10.1]
	at java.base/java.util.ArrayList.forEach(ArrayList.java:1511) ~[na:na]
	at org.junit.platform.engine.support.hierarchical.SameThreadHierarchicalTestExecutorService.invokeAll(SameThreadHierarchicalTestExecutorService.java:41) ~[junit-platform-engine-1.10.1.jar:1.10.1]
	at org.junit.platform.engine.support.hierarchical.NodeTestTask.lambda$executeRecursively$6(NodeTestTask.java:155) ~[junit-platform-engine-1.10.1.jar:1.10.1]
	at org.junit.platform.engine.support.hierarchical.ThrowableCollector.execute(ThrowableCollector.java:73) ~[junit-platform-engine-1.10.1.jar:1.10.1]
	at org.junit.platform.engine.support.hierarchical.NodeTestTask.lambda$executeRecursively$8(NodeTestTask.java:141) ~[junit-platform-engine-1.10.1.jar:1.10.1]
	at org.junit.platform.engine.support.hierarchical.Node.around(Node.java:137) ~[junit-platform-engine-1.10.1.jar:1.10.1]
	at org.junit.platform.engine.support.hierarchical.NodeTestTask.lambda$executeRecursively$9(NodeTestTask.java:139) ~[junit-platform-engine-1.10.1.jar:1.10.1]
	at org.junit.platform.engine.support.hierarchical.ThrowableCollector.execute(ThrowableCollector.java:73) ~[junit-platform-engine-1.10.1.jar:1.10.1]
	at org.junit.platform.engine.support.hierarchical.NodeTestTask.executeRecursively(NodeTestTask.java:138) ~[junit-platform-engine-1.10.1.jar:1.10.1]
	at org.junit.platform.engine.support.hierarchical.NodeTestTask.execute(NodeTestTask.java:95) ~[junit-platform-engine-1.10.1.jar:1.10.1]
	at org.junit.platform.engine.support.hierarchical.SameThreadHierarchicalTestExecutorService.submit(SameThreadHierarchicalTestExecutorService.java:35) ~[junit-platform-engine-1.10.1.jar:1.10.1]
	at org.junit.platform.engine.support.hierarchical.HierarchicalTestExecutor.execute(HierarchicalTestExecutor.java:57) ~[junit-platform-engine-1.10.1.jar:1.10.1]
	at org.junit.platform.engine.support.hierarchical.HierarchicalTestEngine.execute(HierarchicalTestEngine.java:54) ~[junit-platform-engine-1.10.1.jar:1.10.1]
	at org.junit.platform.launcher.core.EngineExecutionOrchestrator.execute(EngineExecutionOrchestrator.java:198) ~[junit-platform-launcher-1.10.1.jar:1.10.1]
	at org.junit.platform.launcher.core.EngineExecutionOrchestrator.execute(EngineExecutionOrchestrator.java:169) ~[junit-platform-launcher-1.10.1.jar:1.10.1]
	at org.junit.platform.launcher.core.EngineExecutionOrchestrator.execute(EngineExecutionOrchestrator.java:93) ~[junit-platform-launcher-1.10.1.jar:1.10.1]
	at org.junit.platform.launcher.core.EngineExecutionOrchestrator.lambda$execute$0(EngineExecutionOrchestrator.java:58) ~[junit-platform-launcher-1.10.1.jar:1.10.1]
	at org.junit.platform.launcher.core.EngineExecutionOrchestrator.withInterceptedStreams(EngineExecutionOrchestrator.java:141) ~[junit-platform-launcher-1.10.1.jar:1.10.1]
	at org.junit.platform.launcher.core.EngineExecutionOrchestrator.execute(EngineExecutionOrchestrator.java:57) ~[junit-platform-launcher-1.10.1.jar:1.10.1]
	at org.junit.platform.launcher.core.DefaultLauncher.execute(DefaultLauncher.java:103) ~[junit-platform-launcher-1.10.1.jar:1.10.1]
	at org.junit.platform.launcher.core.DefaultLauncher.execute(DefaultLauncher.java:85) ~[junit-platform-launcher-1.10.1.jar:1.10.1]
	at org.junit.platform.launcher.core.DelegatingLauncher.execute(DelegatingLauncher.java:47) ~[junit-platform-launcher-1.10.1.jar:1.10.1]
	at org.apache.maven.surefire.junitplatform.LazyLauncher.execute(LazyLauncher.java:56) ~[surefire-junit-platform-3.1.2.jar:3.1.2]
	at org.apache.maven.surefire.junitplatform.JUnitPlatformProvider.execute(JUnitPlatformProvider.java:184) ~[surefire-junit-platform-3.1.2.jar:3.1.2]
	at org.apache.maven.surefire.junitplatform.JUnitPlatformProvider.invokeAllTests(JUnitPlatformProvider.java:148) ~[surefire-junit-platform-3.1.2.jar:3.1.2]
	at org.apache.maven.surefire.junitplatform.JUnitPlatformProvider.invoke(JUnitPlatformProvider.java:122) ~[surefire-junit-platform-3.1.2.jar:3.1.2]
	at org.apache.maven.surefire.booter.ForkedBooter.runSuitesInProcess(ForkedBooter.java:385) ~[surefire-booter-3.1.2.jar:3.1.2]
	at org.apache.maven.surefire.booter.ForkedBooter.execute(ForkedBooter.java:162) ~[surefire-booter-3.1.2.jar:3.1.2]
	at org.apache.maven.surefire.booter.ForkedBooter.run(ForkedBooter.java:507) ~[surefire-booter-3.1.2.jar:3.1.2]
	at org.apache.maven.surefire.booter.ForkedBooter.main(ForkedBooter.java:495) ~[surefire-booter-3.1.2.jar:3.1.2]
2026-04-23 01:12:49.663 INFO  [main] b.s.s.impl.OrderBusinessServiceImpl - Updating order status: orderId=1, status=COMPLETED
2026-04-23 01:12:49.664 ERROR [main] b.s.s.impl.OrderBusinessServiceImpl - Error updating order status: Client error
java.lang.RuntimeException: Client error
	at by.step.service.impl.OrderBusinessServiceImpl.updateOrderStatus(OrderBusinessServiceImpl.java:167) ~[classes/:na]
	at by.step.service.OrderBusinessServiceTest.lambda$updateOrderStatus_WhenException_ThrowsRuntimeException$5(OrderBusinessServiceTest.java:326) ~[test-classes/:na]
	at org.assertj.core.api.ThrowableAssert.catchThrowable(ThrowableAssert.java:63) ~[assertj-core-3.24.2.jar:na]
	at org.assertj.core.api.AssertionsForClassTypes.catchThrowable(AssertionsForClassTypes.java:892) ~[assertj-core-3.24.2.jar:na]
	at org.assertj.core.api.AssertionsForClassTypes.assertThatThrownBy(AssertionsForClassTypes.java:746) ~[assertj-core-3.24.2.jar:na]
	at by.step.service.OrderBusinessServiceTest.updateOrderStatus_WhenException_ThrowsRuntimeException(OrderBusinessServiceTest.java:326) ~[test-classes/:na]
	at java.base/jdk.internal.reflect.NativeMethodAccessorImpl.invoke0(Native Method) ~[na:na]
	at java.base/jdk.internal.reflect.NativeMethodAccessorImpl.invoke(NativeMethodAccessorImpl.java:77) ~[na:na]
	at java.base/jdk.internal.reflect.DelegatingMethodAccessorImpl.invoke(DelegatingMethodAccessorImpl.java:43) ~[na:na]
	at java.base/java.lang.reflect.Method.invoke(Method.java:569) ~[na:na]
	at org.junit.platform.commons.util.ReflectionUtils.invokeMethod(ReflectionUtils.java:728) ~[junit-platform-commons-1.10.1.jar:1.10.1]
	at org.junit.jupiter.engine.execution.MethodInvocation.proceed(MethodInvocation.java:60) ~[junit-jupiter-engine-5.10.1.jar:5.10.1]
	at org.junit.jupiter.engine.execution.InvocationInterceptorChain$ValidatingInvocation.proceed(InvocationInterceptorChain.java:131) ~[junit-jupiter-engine-5.10.1.jar:5.10.1]
	at org.junit.jupiter.engine.extension.TimeoutExtension.intercept(TimeoutExtension.java:156) ~[junit-jupiter-engine-5.10.1.jar:5.10.1]
	at org.junit.jupiter.engine.extension.TimeoutExtension.interceptTestableMethod(TimeoutExtension.java:147) ~[junit-jupiter-engine-5.10.1.jar:5.10.1]
	at org.junit.jupiter.engine.extension.TimeoutExtension.interceptTestMethod(TimeoutExtension.java:86) ~[junit-jupiter-engine-5.10.1.jar:5.10.1]
	at org.junit.jupiter.engine.execution.InterceptingExecutableInvoker$ReflectiveInterceptorCall.lambda$ofVoidMethod$0(InterceptingExecutableInvoker.java:103) ~[junit-jupiter-engine-5.10.1.jar:5.10.1]
	at org.junit.jupiter.engine.execution.InterceptingExecutableInvoker.lambda$invoke$0(InterceptingExecutableInvoker.java:93) ~[junit-jupiter-engine-5.10.1.jar:5.10.1]
	at org.junit.jupiter.engine.execution.InvocationInterceptorChain$InterceptedInvocation.proceed(InvocationInterceptorChain.java:106) ~[junit-jupiter-engine-5.10.1.jar:5.10.1]
	at org.junit.jupiter.engine.execution.InvocationInterceptorChain.proceed(InvocationInterceptorChain.java:64) ~[junit-jupiter-engine-5.10.1.jar:5.10.1]
	at org.junit.jupiter.engine.execution.InvocationInterceptorChain.chainAndInvoke(InvocationInterceptorChain.java:45) ~[junit-jupiter-engine-5.10.1.jar:5.10.1]
	at org.junit.jupiter.engine.execution.InvocationInterceptorChain.invoke(InvocationInterceptorChain.java:37) ~[junit-jupiter-engine-5.10.1.jar:5.10.1]
	at org.junit.jupiter.engine.execution.InterceptingExecutableInvoker.invoke(InterceptingExecutableInvoker.java:92) ~[junit-jupiter-engine-5.10.1.jar:5.10.1]
	at org.junit.jupiter.engine.execution.InterceptingExecutableInvoker.invoke(InterceptingExecutableInvoker.java:86) ~[junit-jupiter-engine-5.10.1.jar:5.10.1]
	at org.junit.jupiter.engine.descriptor.TestMethodTestDescriptor.lambda$invokeTestMethod$7(TestMethodTestDescriptor.java:218) ~[junit-jupiter-engine-5.10.1.jar:5.10.1]
	at org.junit.platform.engine.support.hierarchical.ThrowableCollector.execute(ThrowableCollector.java:73) ~[junit-platform-engine-1.10.1.jar:1.10.1]
	at org.junit.jupiter.engine.descriptor.TestMethodTestDescriptor.invokeTestMethod(TestMethodTestDescriptor.java:214) ~[junit-jupiter-engine-5.10.1.jar:5.10.1]
	at org.junit.jupiter.engine.descriptor.TestMethodTestDescriptor.execute(TestMethodTestDescriptor.java:139) ~[junit-jupiter-engine-5.10.1.jar:5.10.1]
	at org.junit.jupiter.engine.descriptor.TestMethodTestDescriptor.execute(TestMethodTestDescriptor.java:69) ~[junit-jupiter-engine-5.10.1.jar:5.10.1]
	at org.junit.platform.engine.support.hierarchical.NodeTestTask.lambda$executeRecursively$6(NodeTestTask.java:151) ~[junit-platform-engine-1.10.1.jar:1.10.1]
	at org.junit.platform.engine.support.hierarchical.ThrowableCollector.execute(ThrowableCollector.java:73) ~[junit-platform-engine-1.10.1.jar:1.10.1]
	at org.junit.platform.engine.support.hierarchical.NodeTestTask.lambda$executeRecursively$8(NodeTestTask.java:141) ~[junit-platform-engine-1.10.1.jar:1.10.1]
	at org.junit.platform.engine.support.hierarchical.Node.around(Node.java:137) ~[junit-platform-engine-1.10.1.jar:1.10.1]
	at org.junit.platform.engine.support.hierarchical.NodeTestTask.lambda$executeRecursively$9(NodeTestTask.java:139) ~[junit-platform-engine-1.10.1.jar:1.10.1]
	at org.junit.platform.engine.support.hierarchical.ThrowableCollector.execute(ThrowableCollector.java:73) ~[junit-platform-engine-1.10.1.jar:1.10.1]
	at org.junit.platform.engine.support.hierarchical.NodeTestTask.executeRecursively(NodeTestTask.java:138) ~[junit-platform-engine-1.10.1.jar:1.10.1]
	at org.junit.platform.engine.support.hierarchical.NodeTestTask.execute(NodeTestTask.java:95) ~[junit-platform-engine-1.10.1.jar:1.10.1]
	at java.base/java.util.ArrayList.forEach(ArrayList.java:1511) ~[na:na]
	at org.junit.platform.engine.support.hierarchical.SameThreadHierarchicalTestExecutorService.invokeAll(SameThreadHierarchicalTestExecutorService.java:41) ~[junit-platform-engine-1.10.1.jar:1.10.1]
	at org.junit.platform.engine.support.hierarchical.NodeTestTask.lambda$executeRecursively$6(NodeTestTask.java:155) ~[junit-platform-engine-1.10.1.jar:1.10.1]
	at org.junit.platform.engine.support.hierarchical.ThrowableCollector.execute(ThrowableCollector.java:73) ~[junit-platform-engine-1.10.1.jar:1.10.1]
	at org.junit.platform.engine.support.hierarchical.NodeTestTask.lambda$executeRecursively$8(NodeTestTask.java:141) ~[junit-platform-engine-1.10.1.jar:1.10.1]
	at org.junit.platform.engine.support.hierarchical.Node.around(Node.java:137) ~[junit-platform-engine-1.10.1.jar:1.10.1]
	at org.junit.platform.engine.support.hierarchical.NodeTestTask.lambda$executeRecursively$9(NodeTestTask.java:139) ~[junit-platform-engine-1.10.1.jar:1.10.1]
	at org.junit.platform.engine.support.hierarchical.ThrowableCollector.execute(ThrowableCollector.java:73) ~[junit-platform-engine-1.10.1.jar:1.10.1]
	at org.junit.platform.engine.support.hierarchical.NodeTestTask.executeRecursively(NodeTestTask.java:138) ~[junit-platform-engine-1.10.1.jar:1.10.1]
	at org.junit.platform.engine.support.hierarchical.NodeTestTask.execute(NodeTestTask.java:95) ~[junit-platform-engine-1.10.1.jar:1.10.1]
	at java.base/java.util.ArrayList.forEach(ArrayList.java:1511) ~[na:na]
	at org.junit.platform.engine.support.hierarchical.SameThreadHierarchicalTestExecutorService.invokeAll(SameThreadHierarchicalTestExecutorService.java:41) ~[junit-platform-engine-1.10.1.jar:1.10.1]
	at org.junit.platform.engine.support.hierarchical.NodeTestTask.lambda$executeRecursively$6(NodeTestTask.java:155) ~[junit-platform-engine-1.10.1.jar:1.10.1]
	at org.junit.platform.engine.support.hierarchical.ThrowableCollector.execute(ThrowableCollector.java:73) ~[junit-platform-engine-1.10.1.jar:1.10.1]
	at org.junit.platform.engine.support.hierarchical.NodeTestTask.lambda$executeRecursively$8(NodeTestTask.java:141) ~[junit-platform-engine-1.10.1.jar:1.10.1]
	at org.junit.platform.engine.support.hierarchical.Node.around(Node.java:137) ~[junit-platform-engine-1.10.1.jar:1.10.1]
	at org.junit.platform.engine.support.hierarchical.NodeTestTask.lambda$executeRecursively$9(NodeTestTask.java:139) ~[junit-platform-engine-1.10.1.jar:1.10.1]
	at org.junit.platform.engine.support.hierarchical.ThrowableCollector.execute(ThrowableCollector.java:73) ~[junit-platform-engine-1.10.1.jar:1.10.1]
	at org.junit.platform.engine.support.hierarchical.NodeTestTask.executeRecursively(NodeTestTask.java:138) ~[junit-platform-engine-1.10.1.jar:1.10.1]
	at org.junit.platform.engine.support.hierarchical.NodeTestTask.execute(NodeTestTask.java:95) ~[junit-platform-engine-1.10.1.jar:1.10.1]
	at org.junit.platform.engine.support.hierarchical.SameThreadHierarchicalTestExecutorService.submit(SameThreadHierarchicalTestExecutorService.java:35) ~[junit-platform-engine-1.10.1.jar:1.10.1]
	at org.junit.platform.engine.support.hierarchical.HierarchicalTestExecutor.execute(HierarchicalTestExecutor.java:57) ~[junit-platform-engine-1.10.1.jar:1.10.1]
	at org.junit.platform.engine.support.hierarchical.HierarchicalTestEngine.execute(HierarchicalTestEngine.java:54) ~[junit-platform-engine-1.10.1.jar:1.10.1]
	at org.junit.platform.launcher.core.EngineExecutionOrchestrator.execute(EngineExecutionOrchestrator.java:198) ~[junit-platform-launcher-1.10.1.jar:1.10.1]
	at org.junit.platform.launcher.core.EngineExecutionOrchestrator.execute(EngineExecutionOrchestrator.java:169) ~[junit-platform-launcher-1.10.1.jar:1.10.1]
	at org.junit.platform.launcher.core.EngineExecutionOrchestrator.execute(EngineExecutionOrchestrator.java:93) ~[junit-platform-launcher-1.10.1.jar:1.10.1]
	at org.junit.platform.launcher.core.EngineExecutionOrchestrator.lambda$execute$0(EngineExecutionOrchestrator.java:58) ~[junit-platform-launcher-1.10.1.jar:1.10.1]
	at org.junit.platform.launcher.core.EngineExecutionOrchestrator.withInterceptedStreams(EngineExecutionOrchestrator.java:141) ~[junit-platform-launcher-1.10.1.jar:1.10.1]
	at org.junit.platform.launcher.core.EngineExecutionOrchestrator.execute(EngineExecutionOrchestrator.java:57) ~[junit-platform-launcher-1.10.1.jar:1.10.1]
	at org.junit.platform.launcher.core.DefaultLauncher.execute(DefaultLauncher.java:103) ~[junit-platform-launcher-1.10.1.jar:1.10.1]
	at org.junit.platform.launcher.core.DefaultLauncher.execute(DefaultLauncher.java:85) ~[junit-platform-launcher-1.10.1.jar:1.10.1]
	at org.junit.platform.launcher.core.DelegatingLauncher.execute(DelegatingLauncher.java:47) ~[junit-platform-launcher-1.10.1.jar:1.10.1]
	at org.apache.maven.surefire.junitplatform.LazyLauncher.execute(LazyLauncher.java:56) ~[surefire-junit-platform-3.1.2.jar:3.1.2]
	at org.apache.maven.surefire.junitplatform.JUnitPlatformProvider.execute(JUnitPlatformProvider.java:184) ~[surefire-junit-platform-3.1.2.jar:3.1.2]
	at org.apache.maven.surefire.junitplatform.JUnitPlatformProvider.invokeAllTests(JUnitPlatformProvider.java:148) ~[surefire-junit-platform-3.1.2.jar:3.1.2]
	at org.apache.maven.surefire.junitplatform.JUnitPlatformProvider.invoke(JUnitPlatformProvider.java:122) ~[surefire-junit-platform-3.1.2.jar:3.1.2]
	at org.apache.maven.surefire.booter.ForkedBooter.runSuitesInProcess(ForkedBooter.java:385) ~[surefire-booter-3.1.2.jar:3.1.2]
	at org.apache.maven.surefire.booter.ForkedBooter.execute(ForkedBooter.java:162) ~[surefire-booter-3.1.2.jar:3.1.2]
	at org.apache.maven.surefire.booter.ForkedBooter.run(ForkedBooter.java:507) ~[surefire-booter-3.1.2.jar:3.1.2]
	at org.apache.maven.surefire.booter.ForkedBooter.main(ForkedBooter.java:495) ~[surefire-booter-3.1.2.jar:3.1.2]
2026-04-23 01:12:49.668 INFO  [main] b.s.s.impl.OrderBusinessServiceImpl - Getting orders by artist from data-service: artistId=2
2026-04-23 01:12:49.671 INFO  [main] b.s.s.impl.OrderBusinessServiceImpl - Getting orders by customer from data-service: customerId=1
2026-04-23 01:12:49.674 INFO  [main] b.s.s.impl.OrderBusinessServiceImpl - Calculating total spent: customerId=1
2026-04-23 01:12:49.675 INFO  [main] b.s.s.impl.OrderBusinessServiceImpl - Getting orders by customer from data-service: customerId=1
2026-04-23 01:12:49.676 ERROR [main] b.s.s.impl.OrderBusinessServiceImpl - Error getting orders by customer 1: API Error
java.lang.RuntimeException: API Error
	at by.step.service.impl.OrderBusinessServiceImpl.getOrdersByCustomer(OrderBusinessServiceImpl.java:97) ~[classes/:na]
	at by.step.service.impl.OrderBusinessServiceImpl.calculateTotalSpent(OrderBusinessServiceImpl.java:310) ~[classes/:na]
	at by.step.service.OrderBusinessServiceTest.calculateTotalSpent_WhenException_ReturnsZero(OrderBusinessServiceTest.java:424) ~[test-classes/:na]
	at java.base/jdk.internal.reflect.NativeMethodAccessorImpl.invoke0(Native Method) ~[na:na]
	at java.base/jdk.internal.reflect.NativeMethodAccessorImpl.invoke(NativeMethodAccessorImpl.java:77) ~[na:na]
	at java.base/jdk.internal.reflect.DelegatingMethodAccessorImpl.invoke(DelegatingMethodAccessorImpl.java:43) ~[na:na]
	at java.base/java.lang.reflect.Method.invoke(Method.java:569) ~[na:na]
	at org.junit.platform.commons.util.ReflectionUtils.invokeMethod(ReflectionUtils.java:728) ~[junit-platform-commons-1.10.1.jar:1.10.1]
	at org.junit.jupiter.engine.execution.MethodInvocation.proceed(MethodInvocation.java:60) ~[junit-jupiter-engine-5.10.1.jar:5.10.1]
	at org.junit.jupiter.engine.execution.InvocationInterceptorChain$ValidatingInvocation.proceed(InvocationInterceptorChain.java:131) ~[junit-jupiter-engine-5.10.1.jar:5.10.1]
	at org.junit.jupiter.engine.extension.TimeoutExtension.intercept(TimeoutExtension.java:156) ~[junit-jupiter-engine-5.10.1.jar:5.10.1]
	at org.junit.jupiter.engine.extension.TimeoutExtension.interceptTestableMethod(TimeoutExtension.java:147) ~[junit-jupiter-engine-5.10.1.jar:5.10.1]
	at org.junit.jupiter.engine.extension.TimeoutExtension.interceptTestMethod(TimeoutExtension.java:86) ~[junit-jupiter-engine-5.10.1.jar:5.10.1]
	at org.junit.jupiter.engine.execution.InterceptingExecutableInvoker$ReflectiveInterceptorCall.lambda$ofVoidMethod$0(InterceptingExecutableInvoker.java:103) ~[junit-jupiter-engine-5.10.1.jar:5.10.1]
	at org.junit.jupiter.engine.execution.InterceptingExecutableInvoker.lambda$invoke$0(InterceptingExecutableInvoker.java:93) ~[junit-jupiter-engine-5.10.1.jar:5.10.1]
	at org.junit.jupiter.engine.execution.InvocationInterceptorChain$InterceptedInvocation.proceed(InvocationInterceptorChain.java:106) ~[junit-jupiter-engine-5.10.1.jar:5.10.1]
	at org.junit.jupiter.engine.execution.InvocationInterceptorChain.proceed(InvocationInterceptorChain.java:64) ~[junit-jupiter-engine-5.10.1.jar:5.10.1]
	at org.junit.jupiter.engine.execution.InvocationInterceptorChain.chainAndInvoke(InvocationInterceptorChain.java:45) ~[junit-jupiter-engine-5.10.1.jar:5.10.1]
	at org.junit.jupiter.engine.execution.InvocationInterceptorChain.invoke(InvocationInterceptorChain.java:37) ~[junit-jupiter-engine-5.10.1.jar:5.10.1]
	at org.junit.jupiter.engine.execution.InterceptingExecutableInvoker.invoke(InterceptingExecutableInvoker.java:92) ~[junit-jupiter-engine-5.10.1.jar:5.10.1]
	at org.junit.jupiter.engine.execution.InterceptingExecutableInvoker.invoke(InterceptingExecutableInvoker.java:86) ~[junit-jupiter-engine-5.10.1.jar:5.10.1]
	at org.junit.jupiter.engine.descriptor.TestMethodTestDescriptor.lambda$invokeTestMethod$7(TestMethodTestDescriptor.java:218) ~[junit-jupiter-engine-5.10.1.jar:5.10.1]
	at org.junit.platform.engine.support.hierarchical.ThrowableCollector.execute(ThrowableCollector.java:73) ~[junit-platform-engine-1.10.1.jar:1.10.1]
	at org.junit.jupiter.engine.descriptor.TestMethodTestDescriptor.invokeTestMethod(TestMethodTestDescriptor.java:214) ~[junit-jupiter-engine-5.10.1.jar:5.10.1]
	at org.junit.jupiter.engine.descriptor.TestMethodTestDescriptor.execute(TestMethodTestDescriptor.java:139) ~[junit-jupiter-engine-5.10.1.jar:5.10.1]
	at org.junit.jupiter.engine.descriptor.TestMethodTestDescriptor.execute(TestMethodTestDescriptor.java:69) ~[junit-jupiter-engine-5.10.1.jar:5.10.1]
	at org.junit.platform.engine.support.hierarchical.NodeTestTask.lambda$executeRecursively$6(NodeTestTask.java:151) ~[junit-platform-engine-1.10.1.jar:1.10.1]
	at org.junit.platform.engine.support.hierarchical.ThrowableCollector.execute(ThrowableCollector.java:73) ~[junit-platform-engine-1.10.1.jar:1.10.1]
	at org.junit.platform.engine.support.hierarchical.NodeTestTask.lambda$executeRecursively$8(NodeTestTask.java:141) ~[junit-platform-engine-1.10.1.jar:1.10.1]
	at org.junit.platform.engine.support.hierarchical.Node.around(Node.java:137) ~[junit-platform-engine-1.10.1.jar:1.10.1]
	at org.junit.platform.engine.support.hierarchical.NodeTestTask.lambda$executeRecursively$9(NodeTestTask.java:139) ~[junit-platform-engine-1.10.1.jar:1.10.1]
	at org.junit.platform.engine.support.hierarchical.ThrowableCollector.execute(ThrowableCollector.java:73) ~[junit-platform-engine-1.10.1.jar:1.10.1]
	at org.junit.platform.engine.support.hierarchical.NodeTestTask.executeRecursively(NodeTestTask.java:138) ~[junit-platform-engine-1.10.1.jar:1.10.1]
	at org.junit.platform.engine.support.hierarchical.NodeTestTask.execute(NodeTestTask.java:95) ~[junit-platform-engine-1.10.1.jar:1.10.1]
	at java.base/java.util.ArrayList.forEach(ArrayList.java:1511) ~[na:na]
	at org.junit.platform.engine.support.hierarchical.SameThreadHierarchicalTestExecutorService.invokeAll(SameThreadHierarchicalTestExecutorService.java:41) ~[junit-platform-engine-1.10.1.jar:1.10.1]
	at org.junit.platform.engine.support.hierarchical.NodeTestTask.lambda$executeRecursively$6(NodeTestTask.java:155) ~[junit-platform-engine-1.10.1.jar:1.10.1]
	at org.junit.platform.engine.support.hierarchical.ThrowableCollector.execute(ThrowableCollector.java:73) ~[junit-platform-engine-1.10.1.jar:1.10.1]
	at org.junit.platform.engine.support.hierarchical.NodeTestTask.lambda$executeRecursively$8(NodeTestTask.java:141) ~[junit-platform-engine-1.10.1.jar:1.10.1]
	at org.junit.platform.engine.support.hierarchical.Node.around(Node.java:137) ~[junit-platform-engine-1.10.1.jar:1.10.1]
	at org.junit.platform.engine.support.hierarchical.NodeTestTask.lambda$executeRecursively$9(NodeTestTask.java:139) ~[junit-platform-engine-1.10.1.jar:1.10.1]
	at org.junit.platform.engine.support.hierarchical.ThrowableCollector.execute(ThrowableCollector.java:73) ~[junit-platform-engine-1.10.1.jar:1.10.1]
	at org.junit.platform.engine.support.hierarchical.NodeTestTask.executeRecursively(NodeTestTask.java:138) ~[junit-platform-engine-1.10.1.jar:1.10.1]
	at org.junit.platform.engine.support.hierarchical.NodeTestTask.execute(NodeTestTask.java:95) ~[junit-platform-engine-1.10.1.jar:1.10.1]
	at java.base/java.util.ArrayList.forEach(ArrayList.java:1511) ~[na:na]
	at org.junit.platform.engine.support.hierarchical.SameThreadHierarchicalTestExecutorService.invokeAll(SameThreadHierarchicalTestExecutorService.java:41) ~[junit-platform-engine-1.10.1.jar:1.10.1]
	at org.junit.platform.engine.support.hierarchical.NodeTestTask.lambda$executeRecursively$6(NodeTestTask.java:155) ~[junit-platform-engine-1.10.1.jar:1.10.1]
	at org.junit.platform.engine.support.hierarchical.ThrowableCollector.execute(ThrowableCollector.java:73) ~[junit-platform-engine-1.10.1.jar:1.10.1]
	at org.junit.platform.engine.support.hierarchical.NodeTestTask.lambda$executeRecursively$8(NodeTestTask.java:141) ~[junit-platform-engine-1.10.1.jar:1.10.1]
	at org.junit.platform.engine.support.hierarchical.Node.around(Node.java:137) ~[junit-platform-engine-1.10.1.jar:1.10.1]
	at org.junit.platform.engine.support.hierarchical.NodeTestTask.lambda$executeRecursively$9(NodeTestTask.java:139) ~[junit-platform-engine-1.10.1.jar:1.10.1]
	at org.junit.platform.engine.support.hierarchical.ThrowableCollector.execute(ThrowableCollector.java:73) ~[junit-platform-engine-1.10.1.jar:1.10.1]
	at org.junit.platform.engine.support.hierarchical.NodeTestTask.executeRecursively(NodeTestTask.java:138) ~[junit-platform-engine-1.10.1.jar:1.10.1]
	at org.junit.platform.engine.support.hierarchical.NodeTestTask.execute(NodeTestTask.java:95) ~[junit-platform-engine-1.10.1.jar:1.10.1]
	at org.junit.platform.engine.support.hierarchical.SameThreadHierarchicalTestExecutorService.submit(SameThreadHierarchicalTestExecutorService.java:35) ~[junit-platform-engine-1.10.1.jar:1.10.1]
	at org.junit.platform.engine.support.hierarchical.HierarchicalTestExecutor.execute(HierarchicalTestExecutor.java:57) ~[junit-platform-engine-1.10.1.jar:1.10.1]
	at org.junit.platform.engine.support.hierarchical.HierarchicalTestEngine.execute(HierarchicalTestEngine.java:54) ~[junit-platform-engine-1.10.1.jar:1.10.1]
	at org.junit.platform.launcher.core.EngineExecutionOrchestrator.execute(EngineExecutionOrchestrator.java:198) ~[junit-platform-launcher-1.10.1.jar:1.10.1]
	at org.junit.platform.launcher.core.EngineExecutionOrchestrator.execute(EngineExecutionOrchestrator.java:169) ~[junit-platform-launcher-1.10.1.jar:1.10.1]
	at org.junit.platform.launcher.core.EngineExecutionOrchestrator.execute(EngineExecutionOrchestrator.java:93) ~[junit-platform-launcher-1.10.1.jar:1.10.1]
	at org.junit.platform.launcher.core.EngineExecutionOrchestrator.lambda$execute$0(EngineExecutionOrchestrator.java:58) ~[junit-platform-launcher-1.10.1.jar:1.10.1]
	at org.junit.platform.launcher.core.EngineExecutionOrchestrator.withInterceptedStreams(EngineExecutionOrchestrator.java:141) ~[junit-platform-launcher-1.10.1.jar:1.10.1]
	at org.junit.platform.launcher.core.EngineExecutionOrchestrator.execute(EngineExecutionOrchestrator.java:57) ~[junit-platform-launcher-1.10.1.jar:1.10.1]
	at org.junit.platform.launcher.core.DefaultLauncher.execute(DefaultLauncher.java:103) ~[junit-platform-launcher-1.10.1.jar:1.10.1]
	at org.junit.platform.launcher.core.DefaultLauncher.execute(DefaultLauncher.java:85) ~[junit-platform-launcher-1.10.1.jar:1.10.1]
	at org.junit.platform.launcher.core.DelegatingLauncher.execute(DelegatingLauncher.java:47) ~[junit-platform-launcher-1.10.1.jar:1.10.1]
	at org.apache.maven.surefire.junitplatform.LazyLauncher.execute(LazyLauncher.java:56) ~[surefire-junit-platform-3.1.2.jar:3.1.2]
	at org.apache.maven.surefire.junitplatform.JUnitPlatformProvider.execute(JUnitPlatformProvider.java:184) ~[surefire-junit-platform-3.1.2.jar:3.1.2]
	at org.apache.maven.surefire.junitplatform.JUnitPlatformProvider.invokeAllTests(JUnitPlatformProvider.java:148) ~[surefire-junit-platform-3.1.2.jar:3.1.2]
	at org.apache.maven.surefire.junitplatform.JUnitPlatformProvider.invoke(JUnitPlatformProvider.java:122) ~[surefire-junit-platform-3.1.2.jar:3.1.2]
	at org.apache.maven.surefire.booter.ForkedBooter.runSuitesInProcess(ForkedBooter.java:385) ~[surefire-booter-3.1.2.jar:3.1.2]
	at org.apache.maven.surefire.booter.ForkedBooter.execute(ForkedBooter.java:162) ~[surefire-booter-3.1.2.jar:3.1.2]
	at org.apache.maven.surefire.booter.ForkedBooter.run(ForkedBooter.java:507) ~[surefire-booter-3.1.2.jar:3.1.2]
	at org.apache.maven.surefire.booter.ForkedBooter.main(ForkedBooter.java:495) ~[surefire-booter-3.1.2.jar:3.1.2]
2026-04-23 01:12:49.680 INFO  [main] b.s.s.impl.OrderBusinessServiceImpl - Getting orders by status from data-service: status=NEW
2026-04-23 01:12:49.684 INFO  [main] b.s.s.impl.OrderBusinessServiceImpl - Submitting order for review: orderId=1, finalFileUrl=file-url.png
2026-04-23 01:12:49.685 INFO  [main] b.s.s.impl.OrderBusinessServiceImpl - Order submitted for review successfully
2026-04-23 01:12:49.690 INFO  [main] b.s.s.impl.UserBusinessServiceImpl - Getting all users
2026-04-23 01:12:49.690 ERROR [main] b.s.s.impl.UserBusinessServiceImpl - Error getting all users: API Error
2026-04-23 01:12:49.694 INFO  [main] b.s.s.impl.UserBusinessServiceImpl - Subtracting from balance: userId=1, amount=500
2026-04-23 01:12:49.694 ERROR [main] b.s.s.impl.UserBusinessServiceImpl - Error subtracting from balance: API Error
2026-04-23 01:12:49.697 INFO  [main] b.s.s.impl.UserBusinessServiceImpl - Checking balance: userId=1, amount=500
2026-04-23 01:12:49.698 ERROR [main] b.s.s.impl.UserBusinessServiceImpl - Error checking balance: API Error
2026-04-23 01:12:49.703 INFO  [main] b.s.s.impl.UserBusinessServiceImpl - Checking balance: userId=1, amount=500
2026-04-23 01:12:49.706 INFO  [main] b.s.s.impl.UserBusinessServiceImpl - Adding to balance: userId=1, amount=500
2026-04-23 01:12:49.708 ERROR [main] b.s.s.impl.UserBusinessServiceImpl - Error adding to balance: API Error
2026-04-23 01:12:49.710 INFO  [main] b.s.s.impl.UserBusinessServiceImpl - Getting users by role: role=USER
2026-04-23 01:12:49.713 INFO  [main] b.s.s.impl.UserBusinessServiceImpl - Updating balance: userId=1, newBalance=2000
2026-04-23 01:12:49.714 ERROR [main] b.s.s.impl.UserBusinessServiceImpl - Error updating balance: API Error
2026-04-23 01:12:49.717 INFO  [main] b.s.s.impl.UserBusinessServiceImpl - Getting users by role: role=USER
2026-04-23 01:12:49.718 ERROR [main] b.s.s.impl.UserBusinessServiceImpl - Error getting users by role USER: API Error
2026-04-23 01:12:49.721 INFO  [main] b.s.s.impl.UserBusinessServiceImpl - Getting user by username: ivan
2026-04-23 01:12:49.722 ERROR [main] b.s.s.impl.UserBusinessServiceImpl - Error getting user by username ivan: API Error
2026-04-23 01:12:49.724 INFO  [main] b.s.s.impl.UserBusinessServiceImpl - Getting all users
2026-04-23 01:12:49.728 INFO  [main] b.s.s.impl.UserBusinessServiceImpl - Getting user by username: ivan
2026-04-23 01:12:49.730 INFO  [main] b.s.s.impl.UserBusinessServiceImpl - Updating user role: userId=1, role=ARTIST
2026-04-23 01:12:49.733 INFO  [main] b.s.s.impl.UserBusinessServiceImpl - Updating balance: userId=1, newBalance=2000
2026-04-23 01:12:49.739 INFO  [main] b.s.s.impl.UserBusinessServiceImpl - Получение всех пользователей с пагинацией: page=0, size=10
2026-04-23 01:12:49.753 INFO  [main] b.s.s.impl.UserBusinessServiceImpl - Получение пользователей по роли USER с пагинацией: page=0, size=10
2026-04-23 01:12:49.756 INFO  [main] b.s.s.impl.UserBusinessServiceImpl - Adding to balance: userId=1, amount=500
2026-04-23 01:12:49.758 INFO  [main] b.s.s.impl.UserBusinessServiceImpl - Getting user by Id: id=1
2026-04-23 01:12:49.759 INFO  [main] b.s.s.impl.UserBusinessServiceImpl - Found user: UserDto(id=1, username=ivan, email=ivan@example.com, role=USER, balance=1000, registeredAt=2026-04-23T01:12:49.758473533)
2026-04-23 01:12:49.764 INFO  [main] b.s.s.impl.UserBusinessServiceImpl - Getting user by Id: id=1
2026-04-23 01:12:49.765 ERROR [main] b.s.s.impl.UserBusinessServiceImpl - Error getting user by id 1: API Error
java.lang.RuntimeException: API Error
	at by.step.service.impl.UserBusinessServiceImpl.getUserById(UserBusinessServiceImpl.java:46) ~[classes/:na]
	at by.step.service.UserBusinessServiceTest.lambda$getUserById_WhenException_ThrowsRuntimeException$0(UserBusinessServiceTest.java:190) ~[test-classes/:na]
	at org.assertj.core.api.ThrowableAssert.catchThrowable(ThrowableAssert.java:63) ~[assertj-core-3.24.2.jar:na]
	at org.assertj.core.api.AssertionsForClassTypes.catchThrowable(AssertionsForClassTypes.java:892) ~[assertj-core-3.24.2.jar:na]
	at org.assertj.core.api.Assertions.catchThrowable(Assertions.java:1366) ~[assertj-core-3.24.2.jar:na]
	at org.assertj.core.api.Assertions.assertThatThrownBy(Assertions.java:1210) ~[assertj-core-3.24.2.jar:na]
	at by.step.service.UserBusinessServiceTest.getUserById_WhenException_ThrowsRuntimeException(UserBusinessServiceTest.java:190) ~[test-classes/:na]
	at java.base/jdk.internal.reflect.NativeMethodAccessorImpl.invoke0(Native Method) ~[na:na]
	at java.base/jdk.internal.reflect.NativeMethodAccessorImpl.invoke(NativeMethodAccessorImpl.java:77) ~[na:na]
	at java.base/jdk.internal.reflect.DelegatingMethodAccessorImpl.invoke(DelegatingMethodAccessorImpl.java:43) ~[na:na]
	at java.base/java.lang.reflect.Method.invoke(Method.java:569) ~[na:na]
	at org.junit.platform.commons.util.ReflectionUtils.invokeMethod(ReflectionUtils.java:728) ~[junit-platform-commons-1.10.1.jar:1.10.1]
	at org.junit.jupiter.engine.execution.MethodInvocation.proceed(MethodInvocation.java:60) ~[junit-jupiter-engine-5.10.1.jar:5.10.1]
	at org.junit.jupiter.engine.execution.InvocationInterceptorChain$ValidatingInvocation.proceed(InvocationInterceptorChain.java:131) ~[junit-jupiter-engine-5.10.1.jar:5.10.1]
	at org.junit.jupiter.engine.extension.TimeoutExtension.intercept(TimeoutExtension.java:156) ~[junit-jupiter-engine-5.10.1.jar:5.10.1]
	at org.junit.jupiter.engine.extension.TimeoutExtension.interceptTestableMethod(TimeoutExtension.java:147) ~[junit-jupiter-engine-5.10.1.jar:5.10.1]
	at org.junit.jupiter.engine.extension.TimeoutExtension.interceptTestMethod(TimeoutExtension.java:86) ~[junit-jupiter-engine-5.10.1.jar:5.10.1]
	at org.junit.jupiter.engine.execution.InterceptingExecutableInvoker$ReflectiveInterceptorCall.lambda$ofVoidMethod$0(InterceptingExecutableInvoker.java:103) ~[junit-jupiter-engine-5.10.1.jar:5.10.1]
	at org.junit.jupiter.engine.execution.InterceptingExecutableInvoker.lambda$invoke$0(InterceptingExecutableInvoker.java:93) ~[junit-jupiter-engine-5.10.1.jar:5.10.1]
	at org.junit.jupiter.engine.execution.InvocationInterceptorChain$InterceptedInvocation.proceed(InvocationInterceptorChain.java:106) ~[junit-jupiter-engine-5.10.1.jar:5.10.1]
	at org.junit.jupiter.engine.execution.InvocationInterceptorChain.proceed(InvocationInterceptorChain.java:64) ~[junit-jupiter-engine-5.10.1.jar:5.10.1]
	at org.junit.jupiter.engine.execution.InvocationInterceptorChain.chainAndInvoke(InvocationInterceptorChain.java:45) ~[junit-jupiter-engine-5.10.1.jar:5.10.1]
	at org.junit.jupiter.engine.execution.InvocationInterceptorChain.invoke(InvocationInterceptorChain.java:37) ~[junit-jupiter-engine-5.10.1.jar:5.10.1]
	at org.junit.jupiter.engine.execution.InterceptingExecutableInvoker.invoke(InterceptingExecutableInvoker.java:92) ~[junit-jupiter-engine-5.10.1.jar:5.10.1]
	at org.junit.jupiter.engine.execution.InterceptingExecutableInvoker.invoke(InterceptingExecutableInvoker.java:86) ~[junit-jupiter-engine-5.10.1.jar:5.10.1]
	at org.junit.jupiter.engine.descriptor.TestMethodTestDescriptor.lambda$invokeTestMethod$7(TestMethodTestDescriptor.java:218) ~[junit-jupiter-engine-5.10.1.jar:5.10.1]
	at org.junit.platform.engine.support.hierarchical.ThrowableCollector.execute(ThrowableCollector.java:73) ~[junit-platform-engine-1.10.1.jar:1.10.1]
	at org.junit.jupiter.engine.descriptor.TestMethodTestDescriptor.invokeTestMethod(TestMethodTestDescriptor.java:214) ~[junit-jupiter-engine-5.10.1.jar:5.10.1]
	at org.junit.jupiter.engine.descriptor.TestMethodTestDescriptor.execute(TestMethodTestDescriptor.java:139) ~[junit-jupiter-engine-5.10.1.jar:5.10.1]
	at org.junit.jupiter.engine.descriptor.TestMethodTestDescriptor.execute(TestMethodTestDescriptor.java:69) ~[junit-jupiter-engine-5.10.1.jar:5.10.1]
	at org.junit.platform.engine.support.hierarchical.NodeTestTask.lambda$executeRecursively$6(NodeTestTask.java:151) ~[junit-platform-engine-1.10.1.jar:1.10.1]
	at org.junit.platform.engine.support.hierarchical.ThrowableCollector.execute(ThrowableCollector.java:73) ~[junit-platform-engine-1.10.1.jar:1.10.1]
	at org.junit.platform.engine.support.hierarchical.NodeTestTask.lambda$executeRecursively$8(NodeTestTask.java:141) ~[junit-platform-engine-1.10.1.jar:1.10.1]
	at org.junit.platform.engine.support.hierarchical.Node.around(Node.java:137) ~[junit-platform-engine-1.10.1.jar:1.10.1]
	at org.junit.platform.engine.support.hierarchical.NodeTestTask.lambda$executeRecursively$9(NodeTestTask.java:139) ~[junit-platform-engine-1.10.1.jar:1.10.1]
	at org.junit.platform.engine.support.hierarchical.ThrowableCollector.execute(ThrowableCollector.java:73) ~[junit-platform-engine-1.10.1.jar:1.10.1]
	at org.junit.platform.engine.support.hierarchical.NodeTestTask.executeRecursively(NodeTestTask.java:138) ~[junit-platform-engine-1.10.1.jar:1.10.1]
	at org.junit.platform.engine.support.hierarchical.NodeTestTask.execute(NodeTestTask.java:95) ~[junit-platform-engine-1.10.1.jar:1.10.1]
	at java.base/java.util.ArrayList.forEach(ArrayList.java:1511) ~[na:na]
	at org.junit.platform.engine.support.hierarchical.SameThreadHierarchicalTestExecutorService.invokeAll(SameThreadHierarchicalTestExecutorService.java:41) ~[junit-platform-engine-1.10.1.jar:1.10.1]
	at org.junit.platform.engine.support.hierarchical.NodeTestTask.lambda$executeRecursively$6(NodeTestTask.java:155) ~[junit-platform-engine-1.10.1.jar:1.10.1]
	at org.junit.platform.engine.support.hierarchical.ThrowableCollector.execute(ThrowableCollector.java:73) ~[junit-platform-engine-1.10.1.jar:1.10.1]
	at org.junit.platform.engine.support.hierarchical.NodeTestTask.lambda$executeRecursively$8(NodeTestTask.java:141) ~[junit-platform-engine-1.10.1.jar:1.10.1]
	at org.junit.platform.engine.support.hierarchical.Node.around(Node.java:137) ~[junit-platform-engine-1.10.1.jar:1.10.1]
	at org.junit.platform.engine.support.hierarchical.NodeTestTask.lambda$executeRecursively$9(NodeTestTask.java:139) ~[junit-platform-engine-1.10.1.jar:1.10.1]
	at org.junit.platform.engine.support.hierarchical.ThrowableCollector.execute(ThrowableCollector.java:73) ~[junit-platform-engine-1.10.1.jar:1.10.1]
	at org.junit.platform.engine.support.hierarchical.NodeTestTask.executeRecursively(NodeTestTask.java:138) ~[junit-platform-engine-1.10.1.jar:1.10.1]
	at org.junit.platform.engine.support.hierarchical.NodeTestTask.execute(NodeTestTask.java:95) ~[junit-platform-engine-1.10.1.jar:1.10.1]
	at java.base/java.util.ArrayList.forEach(ArrayList.java:1511) ~[na:na]
	at org.junit.platform.engine.support.hierarchical.SameThreadHierarchicalTestExecutorService.invokeAll(SameThreadHierarchicalTestExecutorService.java:41) ~[junit-platform-engine-1.10.1.jar:1.10.1]
	at org.junit.platform.engine.support.hierarchical.NodeTestTask.lambda$executeRecursively$6(NodeTestTask.java:155) ~[junit-platform-engine-1.10.1.jar:1.10.1]
	at org.junit.platform.engine.support.hierarchical.ThrowableCollector.execute(ThrowableCollector.java:73) ~[junit-platform-engine-1.10.1.jar:1.10.1]
	at org.junit.platform.engine.support.hierarchical.NodeTestTask.lambda$executeRecursively$8(NodeTestTask.java:141) ~[junit-platform-engine-1.10.1.jar:1.10.1]
	at org.junit.platform.engine.support.hierarchical.Node.around(Node.java:137) ~[junit-platform-engine-1.10.1.jar:1.10.1]
	at org.junit.platform.engine.support.hierarchical.NodeTestTask.lambda$executeRecursively$9(NodeTestTask.java:139) ~[junit-platform-engine-1.10.1.jar:1.10.1]
	at org.junit.platform.engine.support.hierarchical.ThrowableCollector.execute(ThrowableCollector.java:73) ~[junit-platform-engine-1.10.1.jar:1.10.1]
	at org.junit.platform.engine.support.hierarchical.NodeTestTask.executeRecursively(NodeTestTask.java:138) ~[junit-platform-engine-1.10.1.jar:1.10.1]
	at org.junit.platform.engine.support.hierarchical.NodeTestTask.execute(NodeTestTask.java:95) ~[junit-platform-engine-1.10.1.jar:1.10.1]
	at org.junit.platform.engine.support.hierarchical.SameThreadHierarchicalTestExecutorService.submit(SameThreadHierarchicalTestExecutorService.java:35) ~[junit-platform-engine-1.10.1.jar:1.10.1]
	at org.junit.platform.engine.support.hierarchical.HierarchicalTestExecutor.execute(HierarchicalTestExecutor.java:57) ~[junit-platform-engine-1.10.1.jar:1.10.1]
	at org.junit.platform.engine.support.hierarchical.HierarchicalTestEngine.execute(HierarchicalTestEngine.java:54) ~[junit-platform-engine-1.10.1.jar:1.10.1]
	at org.junit.platform.launcher.core.EngineExecutionOrchestrator.execute(EngineExecutionOrchestrator.java:198) ~[junit-platform-launcher-1.10.1.jar:1.10.1]
	at org.junit.platform.launcher.core.EngineExecutionOrchestrator.execute(EngineExecutionOrchestrator.java:169) ~[junit-platform-launcher-1.10.1.jar:1.10.1]
	at org.junit.platform.launcher.core.EngineExecutionOrchestrator.execute(EngineExecutionOrchestrator.java:93) ~[junit-platform-launcher-1.10.1.jar:1.10.1]
	at org.junit.platform.launcher.core.EngineExecutionOrchestrator.lambda$execute$0(EngineExecutionOrchestrator.java:58) ~[junit-platform-launcher-1.10.1.jar:1.10.1]
	at org.junit.platform.launcher.core.EngineExecutionOrchestrator.withInterceptedStreams(EngineExecutionOrchestrator.java:141) ~[junit-platform-launcher-1.10.1.jar:1.10.1]
	at org.junit.platform.launcher.core.EngineExecutionOrchestrator.execute(EngineExecutionOrchestrator.java:57) ~[junit-platform-launcher-1.10.1.jar:1.10.1]
	at org.junit.platform.launcher.core.DefaultLauncher.execute(DefaultLauncher.java:103) ~[junit-platform-launcher-1.10.1.jar:1.10.1]
	at org.junit.platform.launcher.core.DefaultLauncher.execute(DefaultLauncher.java:85) ~[junit-platform-launcher-1.10.1.jar:1.10.1]
	at org.junit.platform.launcher.core.DelegatingLauncher.execute(DelegatingLauncher.java:47) ~[junit-platform-launcher-1.10.1.jar:1.10.1]
	at org.apache.maven.surefire.junitplatform.LazyLauncher.execute(LazyLauncher.java:56) ~[surefire-junit-platform-3.1.2.jar:3.1.2]
	at org.apache.maven.surefire.junitplatform.JUnitPlatformProvider.execute(JUnitPlatformProvider.java:184) ~[surefire-junit-platform-3.1.2.jar:3.1.2]
	at org.apache.maven.surefire.junitplatform.JUnitPlatformProvider.invokeAllTests(JUnitPlatformProvider.java:148) ~[surefire-junit-platform-3.1.2.jar:3.1.2]
	at org.apache.maven.surefire.junitplatform.JUnitPlatformProvider.invoke(JUnitPlatformProvider.java:122) ~[surefire-junit-platform-3.1.2.jar:3.1.2]
	at org.apache.maven.surefire.booter.ForkedBooter.runSuitesInProcess(ForkedBooter.java:385) ~[surefire-booter-3.1.2.jar:3.1.2]
	at org.apache.maven.surefire.booter.ForkedBooter.execute(ForkedBooter.java:162) ~[surefire-booter-3.1.2.jar:3.1.2]
	at org.apache.maven.surefire.booter.ForkedBooter.run(ForkedBooter.java:507) ~[surefire-booter-3.1.2.jar:3.1.2]
	at org.apache.maven.surefire.booter.ForkedBooter.main(ForkedBooter.java:495) ~[surefire-booter-3.1.2.jar:3.1.2]
2026-04-23 01:12:49.768 INFO  [main] b.s.s.impl.UserBusinessServiceImpl - Subtracting from balance: userId=1, amount=500
2026-04-23 01:21:49.151 INFO  [main] b.step.client.DataServiceClientTest - Starting DataServiceClientTest using Java 17.0.18 with PID 9742 (started by diman in /mnt/c/Users/diman/IdeaProjects/skin-market/business-service)
2026-04-23 01:21:49.160 DEBUG [main] b.step.client.DataServiceClientTest - Running with Spring Boot v3.2.0, Spring v6.1.1
2026-04-23 01:21:49.162 INFO  [main] b.step.client.DataServiceClientTest - The following 1 profile is active: "test"
2026-04-23 01:21:52.696 DEBUG [main] o.s.c.o.FeignClientsRegistrar$1 - Identified candidate component class: file [/mnt/c/Users/diman/IdeaProjects/skin-market/business-service/target/classes/by/step/client/DataServiceClient.class]
2026-04-23 01:21:54.243 INFO  [main] o.s.d.r.c.RepositoryConfigurationDelegate - Multiple Spring Data modules found, entering strict repository configuration mode
2026-04-23 01:21:54.282 INFO  [main] o.s.d.r.c.RepositoryConfigurationDelegate - Bootstrapping Spring Data Redis repositories in DEFAULT mode.
2026-04-23 01:21:54.900 INFO  [main] o.s.d.r.c.RepositoryConfigurationDelegate - Finished Spring Data repository scanning in 432 ms. Found 0 Redis repository interfaces.
2026-04-23 01:21:56.658 INFO  [main] o.s.cloud.context.scope.GenericScope - BeanFactory id=610c4573-1136-3747-b6ba-008697ae9a01
2026-04-23 01:22:05.208 DEBUG [main] o.s.c.o.FeignClientFactoryBean - Creating a FeignClientFactoryBean.
2026-04-23 01:22:12.983 WARN  [main] o.s.b.a.s.s.UserDetailsServiceAutoConfiguration - 

Using generated security password: bd56d033-6bec-4513-af79-6b6313d642f0

This generated password is for development use only. Your security configuration must be updated before running your application in production.

2026-04-23 01:22:14.970 INFO  [main] o.s.s.web.DefaultSecurityFilterChain - Will secure any request with [org.springframework.security.web.session.DisableEncodeUrlFilter@44e0a1ce, org.springframework.security.web.context.request.async.WebAsyncManagerIntegrationFilter@3650cc1a, org.springframework.security.web.context.SecurityContextHolderFilter@6871cd51, org.springframework.security.web.header.HeaderWriterFilter@77c8c772, org.springframework.web.filter.CorsFilter@600c5acf, org.springframework.security.web.authentication.logout.LogoutFilter@5a4c9b33, org.springframework.security.web.savedrequest.RequestCacheAwareFilter@5cb7311b, org.springframework.security.web.servletapi.SecurityContextHolderAwareRequestFilter@7e7f9843, org.springframework.security.web.authentication.AnonymousAuthenticationFilter@a64ca7f, org.springframework.security.web.access.ExceptionTranslationFilter@1aee6152, org.springframework.security.web.access.intercept.AuthorizationFilter@71a3205]
2026-04-23 01:22:17.936 INFO  [main] b.step.client.DataServiceClientTest - Started DataServiceClientTest in 32.22 seconds (process running for 39.017)
2026-04-23 01:22:18.467 DEBUG [main] by.step.client.DataServiceClient - [DataServiceClient#addToBalance] ---> POST http://localhost:11794/api/users/1/balance/add?amount=500 HTTP/1.1
2026-04-23 01:22:18.467 DEBUG [main] by.step.client.DataServiceClient - [DataServiceClient#addToBalance] ---> END HTTP (0-byte body)
2026-04-23 01:22:19.314 INFO  [qtp538968484-39] WireMock - Request received:
127.0.0.1 - POST /api/users/1/balance/add?amount=500

Accept: [*/*]
User-Agent: [Java/17.0.18]
Host: [localhost:11794]
Connection: [keep-alive]
Content-Type: [application/x-www-form-urlencoded]
Content-Length: [0]



Matched response definition:
{
  "status" : 200
}

Response:
HTTP/1.1 200
Matched-Stub-Id: [b54d50c1-543c-4419-8d2b-5b2d01a3135d]

2026-04-23 01:22:19.348 DEBUG [main] by.step.client.DataServiceClient - [DataServiceClient#addToBalance] <--- HTTP/1.1 200 OK (880ms)
2026-04-23 01:22:19.349 DEBUG [main] by.step.client.DataServiceClient - [DataServiceClient#addToBalance] matched-stub-id: b54d50c1-543c-4419-8d2b-5b2d01a3135d
2026-04-23 01:22:19.350 DEBUG [main] by.step.client.DataServiceClient - [DataServiceClient#addToBalance] transfer-encoding: chunked
2026-04-23 01:22:19.350 DEBUG [main] by.step.client.DataServiceClient - [DataServiceClient#addToBalance] vary: Accept-Encoding, User-Agent
2026-04-23 01:22:19.351 DEBUG [main] by.step.client.DataServiceClient - [DataServiceClient#addToBalance] 
2026-04-23 01:22:19.352 DEBUG [main] by.step.client.DataServiceClient - [DataServiceClient#addToBalance] <--- END HTTP (0-byte body)
2026-04-23 01:22:19.422 DEBUG [main] by.step.client.DataServiceClient - [DataServiceClient#getUserByUsername] ---> GET http://localhost:11794/api/users/username/ivan HTTP/1.1
2026-04-23 01:22:19.423 DEBUG [main] by.step.client.DataServiceClient - [DataServiceClient#getUserByUsername] ---> END HTTP (0-byte body)
2026-04-23 01:22:19.445 INFO  [qtp538968484-26] WireMock - Request received:
127.0.0.1 - GET /api/users/username/ivan

Accept: [*/*]
User-Agent: [Java/17.0.18]
Host: [localhost:11794]
Connection: [keep-alive]



Matched response definition:
{
  "status" : 200,
  "body" : "{\"id\":1,\"username\":\"ivan\",\"email\":\"ivan@example.com\",\"role\":\"USER\",\"balance\":1000,\"registeredAt\":\"2026-04-23T01:22:19.419565486\"}",
  "headers" : {
    "Content-Type" : "application/json"
  }
}

Response:
HTTP/1.1 200
Content-Type: [application/json]
Matched-Stub-Id: [2605cb6a-b2da-4514-8aa9-f006ee721beb]

2026-04-23 01:22:19.451 DEBUG [main] by.step.client.DataServiceClient - [DataServiceClient#getUserByUsername] <--- HTTP/1.1 200 OK (27ms)
2026-04-23 01:22:19.452 DEBUG [main] by.step.client.DataServiceClient - [DataServiceClient#getUserByUsername] content-type: application/json
2026-04-23 01:22:19.452 DEBUG [main] by.step.client.DataServiceClient - [DataServiceClient#getUserByUsername] matched-stub-id: 2605cb6a-b2da-4514-8aa9-f006ee721beb
2026-04-23 01:22:19.453 DEBUG [main] by.step.client.DataServiceClient - [DataServiceClient#getUserByUsername] transfer-encoding: chunked
2026-04-23 01:22:19.454 DEBUG [main] by.step.client.DataServiceClient - [DataServiceClient#getUserByUsername] vary: Accept-Encoding, User-Agent
2026-04-23 01:22:19.455 DEBUG [main] by.step.client.DataServiceClient - [DataServiceClient#getUserByUsername] 
2026-04-23 01:22:19.456 DEBUG [main] by.step.client.DataServiceClient - [DataServiceClient#getUserByUsername] {"id":1,"username":"ivan","email":"ivan@example.com","role":"USER","balance":1000,"registeredAt":"2026-04-23T01:22:19.419565486"}
2026-04-23 01:22:19.457 DEBUG [main] by.step.client.DataServiceClient - [DataServiceClient#getUserByUsername] <--- END HTTP (129-byte body)
2026-04-23 01:22:19.955 DEBUG [main] by.step.client.DataServiceClient - [DataServiceClient#getOrderById] ---> GET http://localhost:11794/api/orders/1 HTTP/1.1
2026-04-23 01:22:19.956 DEBUG [main] by.step.client.DataServiceClient - [DataServiceClient#getOrderById] ---> END HTTP (0-byte body)
2026-04-23 01:22:19.958 INFO  [qtp538968484-37] WireMock - Request received:
127.0.0.1 - GET /api/orders/1

Accept: [*/*]
User-Agent: [Java/17.0.18]
Host: [localhost:11794]
Connection: [keep-alive]



Matched response definition:
{
  "status" : 200,
  "body" : "{\"id\":1,\"customerId\":1,\"customerName\":\"ivan\",\"artistId\":2,\"artistName\":\"petr\",\"status\":\"IN_PROGRESS\",\"description\":\"Test order\",\"price\":1000,\"finalFileUrl\":null,\"createdAt\":\"2026-04-23T01:22:19.953559233\",\"completedAt\":null}",
  "headers" : {
    "Content-Type" : "application/json"
  }
}

Response:
HTTP/1.1 200
Content-Type: [application/json]
Matched-Stub-Id: [44bc9ce1-280e-4f0e-a5c1-d599b25252a8]

2026-04-23 01:22:19.962 DEBUG [main] by.step.client.DataServiceClient - [DataServiceClient#getOrderById] <--- HTTP/1.1 200 OK (5ms)
2026-04-23 01:22:19.963 DEBUG [main] by.step.client.DataServiceClient - [DataServiceClient#getOrderById] content-type: application/json
2026-04-23 01:22:19.964 DEBUG [main] by.step.client.DataServiceClient - [DataServiceClient#getOrderById] matched-stub-id: 44bc9ce1-280e-4f0e-a5c1-d599b25252a8
2026-04-23 01:22:19.965 DEBUG [main] by.step.client.DataServiceClient - [DataServiceClient#getOrderById] transfer-encoding: chunked
2026-04-23 01:22:19.966 DEBUG [main] by.step.client.DataServiceClient - [DataServiceClient#getOrderById] vary: Accept-Encoding, User-Agent
2026-04-23 01:22:19.966 DEBUG [main] by.step.client.DataServiceClient - [DataServiceClient#getOrderById] 
2026-04-23 01:22:19.967 DEBUG [main] by.step.client.DataServiceClient - [DataServiceClient#getOrderById] {"id":1,"customerId":1,"customerName":"ivan","artistId":2,"artistName":"petr","status":"IN_PROGRESS","description":"Test order","price":1000,"finalFileUrl":null,"createdAt":"2026-04-23T01:22:19.953559233","completedAt":null}
2026-04-23 01:22:19.968 DEBUG [main] by.step.client.DataServiceClient - [DataServiceClient#getOrderById] <--- END HTTP (224-byte body)
2026-04-23 01:22:19.989 DEBUG [main] by.step.client.DataServiceClient - [DataServiceClient#updateOrderStatus] ---> PUT http://localhost:11794/api/orders/1/status?status=COMPLETED HTTP/1.1
2026-04-23 01:22:19.990 DEBUG [main] by.step.client.DataServiceClient - [DataServiceClient#updateOrderStatus] ---> END HTTP (0-byte body)
2026-04-23 01:22:19.994 INFO  [qtp538968484-39] WireMock - Request received:
127.0.0.1 - PUT /api/orders/1/status?status=COMPLETED

Accept: [*/*]
User-Agent: [Java/17.0.18]
Host: [localhost:11794]
Connection: [keep-alive]
Content-Length: [0]



Matched response definition:
{
  "status" : 200
}

Response:
HTTP/1.1 200
Matched-Stub-Id: [d8defea2-a3bd-4fff-b34a-736e60cad576]

2026-04-23 01:22:19.996 DEBUG [main] by.step.client.DataServiceClient - [DataServiceClient#updateOrderStatus] <--- HTTP/1.1 200 OK (4ms)
2026-04-23 01:22:19.997 DEBUG [main] by.step.client.DataServiceClient - [DataServiceClient#updateOrderStatus] matched-stub-id: d8defea2-a3bd-4fff-b34a-736e60cad576
2026-04-23 01:22:19.998 DEBUG [main] by.step.client.DataServiceClient - [DataServiceClient#updateOrderStatus] transfer-encoding: chunked
2026-04-23 01:22:19.999 DEBUG [main] by.step.client.DataServiceClient - [DataServiceClient#updateOrderStatus] vary: Accept-Encoding, User-Agent
2026-04-23 01:22:20.000 DEBUG [main] by.step.client.DataServiceClient - [DataServiceClient#updateOrderStatus] 
2026-04-23 01:22:20.001 DEBUG [main] by.step.client.DataServiceClient - [DataServiceClient#updateOrderStatus] <--- END HTTP (0-byte body)
2026-04-23 01:22:20.010 DEBUG [main] by.step.client.DataServiceClient - [DataServiceClient#createOrder] ---> POST http://localhost:11794/api/orders?customerId=1&artistId=2&description=Test%20order&price=1000 HTTP/1.1
2026-04-23 01:22:20.012 DEBUG [main] by.step.client.DataServiceClient - [DataServiceClient#createOrder] ---> END HTTP (0-byte body)
2026-04-23 01:22:20.017 INFO  [qtp538968484-37] WireMock - Request received:
127.0.0.1 - POST /api/orders?customerId=1&artistId=2&description=Test%20order&price=1000

Accept: [*/*]
User-Agent: [Java/17.0.18]
Host: [localhost:11794]
Connection: [keep-alive]
Content-Type: [application/x-www-form-urlencoded]
Content-Length: [0]



Matched response definition:
{
  "status" : 200,
  "body" : "{\"id\":1,\"customerId\":1,\"customerName\":\"ivan\",\"artistId\":2,\"artistName\":\"petr\",\"status\":\"IN_PROGRESS\",\"description\":\"Test order\",\"price\":1000,\"finalFileUrl\":null,\"createdAt\":\"2026-04-23T01:22:20.007443861\",\"completedAt\":null}",
  "headers" : {
    "Content-Type" : "application/json"
  }
}

Response:
HTTP/1.1 200
Content-Type: [application/json]
Matched-Stub-Id: [a0a71fe0-9a60-430a-b395-1e3b19ee9fcc]

2026-04-23 01:22:20.019 DEBUG [main] by.step.client.DataServiceClient - [DataServiceClient#createOrder] <--- HTTP/1.1 200 OK (5ms)
2026-04-23 01:22:20.020 DEBUG [main] by.step.client.DataServiceClient - [DataServiceClient#createOrder] content-type: application/json
2026-04-23 01:22:20.021 DEBUG [main] by.step.client.DataServiceClient - [DataServiceClient#createOrder] matched-stub-id: a0a71fe0-9a60-430a-b395-1e3b19ee9fcc
2026-04-23 01:22:20.022 DEBUG [main] by.step.client.DataServiceClient - [DataServiceClient#createOrder] transfer-encoding: chunked
2026-04-23 01:22:20.023 DEBUG [main] by.step.client.DataServiceClient - [DataServiceClient#createOrder] vary: Accept-Encoding, User-Agent
2026-04-23 01:22:20.023 DEBUG [main] by.step.client.DataServiceClient - [DataServiceClient#createOrder] 
2026-04-23 01:22:20.024 DEBUG [main] by.step.client.DataServiceClient - [DataServiceClient#createOrder] {"id":1,"customerId":1,"customerName":"ivan","artistId":2,"artistName":"petr","status":"IN_PROGRESS","description":"Test order","price":1000,"finalFileUrl":null,"createdAt":"2026-04-23T01:22:20.007443861","completedAt":null}
2026-04-23 01:22:20.025 DEBUG [main] by.step.client.DataServiceClient - [DataServiceClient#createOrder] <--- END HTTP (224-byte body)
2026-04-23 01:22:20.035 DEBUG [main] by.step.client.DataServiceClient - [DataServiceClient#getAllUsers] ---> GET http://localhost:11794/api/users HTTP/1.1
2026-04-23 01:22:20.036 DEBUG [main] by.step.client.DataServiceClient - [DataServiceClient#getAllUsers] ---> END HTTP (0-byte body)
2026-04-23 01:22:20.038 INFO  [qtp538968484-39] WireMock - Request received:
127.0.0.1 - GET /api/users

Accept: [*/*]
User-Agent: [Java/17.0.18]
Host: [localhost:11794]
Connection: [keep-alive]



Matched response definition:
{
  "status" : 200,
  "body" : "[{\"id\":1,\"username\":\"ivan\",\"email\":\"ivan@example.com\",\"role\":\"USER\",\"balance\":1000,\"registeredAt\":\"2026-04-23T01:22:20.032266813\"}]",
  "headers" : {
    "Content-Type" : "application/json"
  }
}

Response:
HTTP/1.1 200
Content-Type: [application/json]
Matched-Stub-Id: [286e950d-7caa-4746-9960-2bbe7daca2e5]

2026-04-23 01:22:20.041 DEBUG [main] by.step.client.DataServiceClient - [DataServiceClient#getAllUsers] <--- HTTP/1.1 200 OK (4ms)
2026-04-23 01:22:20.042 DEBUG [main] by.step.client.DataServiceClient - [DataServiceClient#getAllUsers] content-type: application/json
2026-04-23 01:22:20.043 DEBUG [main] by.step.client.DataServiceClient - [DataServiceClient#getAllUsers] matched-stub-id: 286e950d-7caa-4746-9960-2bbe7daca2e5
2026-04-23 01:22:20.044 DEBUG [main] by.step.client.DataServiceClient - [DataServiceClient#getAllUsers] transfer-encoding: chunked
2026-04-23 01:22:20.045 DEBUG [main] by.step.client.DataServiceClient - [DataServiceClient#getAllUsers] vary: Accept-Encoding, User-Agent
2026-04-23 01:22:20.045 DEBUG [main] by.step.client.DataServiceClient - [DataServiceClient#getAllUsers] 
2026-04-23 01:22:20.046 DEBUG [main] by.step.client.DataServiceClient - [DataServiceClient#getAllUsers] [{"id":1,"username":"ivan","email":"ivan@example.com","role":"USER","balance":1000,"registeredAt":"2026-04-23T01:22:20.032266813"}]
2026-04-23 01:22:20.047 DEBUG [main] by.step.client.DataServiceClient - [DataServiceClient#getAllUsers] <--- END HTTP (131-byte body)
2026-04-23 01:22:20.113 DEBUG [main] by.step.client.DataServiceClient - [DataServiceClient#getUserById] ---> GET http://localhost:11794/api/users/1 HTTP/1.1
2026-04-23 01:22:20.114 DEBUG [main] by.step.client.DataServiceClient - [DataServiceClient#getUserById] ---> END HTTP (0-byte body)
2026-04-23 01:22:20.122 INFO  [qtp538968484-37] WireMock - Request received:
127.0.0.1 - GET /api/users/1

Accept: [*/*]
User-Agent: [Java/17.0.18]
Host: [localhost:11794]
Connection: [keep-alive]



Matched response definition:
{
  "status" : 200,
  "body" : "{\"id\":1,\"username\":\"ivan\",\"email\":\"ivan@example.com\",\"role\":\"USER\",\"balance\":1000,\"registeredAt\":\"2026-04-23T01:22:20.108523813\"}",
  "headers" : {
    "Content-Type" : "application/json"
  }
}

Response:
HTTP/1.1 200
Content-Type: [application/json]
Matched-Stub-Id: [fd7e5bf4-c944-4c5c-8603-6f8fc5015fba]

2026-04-23 01:22:20.126 DEBUG [main] by.step.client.DataServiceClient - [DataServiceClient#getUserById] <--- HTTP/1.1 200 OK (9ms)
2026-04-23 01:22:20.127 DEBUG [main] by.step.client.DataServiceClient - [DataServiceClient#getUserById] content-type: application/json
2026-04-23 01:22:20.129 DEBUG [main] by.step.client.DataServiceClient - [DataServiceClient#getUserById] matched-stub-id: fd7e5bf4-c944-4c5c-8603-6f8fc5015fba
2026-04-23 01:22:20.130 DEBUG [main] by.step.client.DataServiceClient - [DataServiceClient#getUserById] transfer-encoding: chunked
2026-04-23 01:22:20.131 DEBUG [main] by.step.client.DataServiceClient - [DataServiceClient#getUserById] vary: Accept-Encoding, User-Agent
2026-04-23 01:22:20.132 DEBUG [main] by.step.client.DataServiceClient - [DataServiceClient#getUserById] 
2026-04-23 01:22:20.135 DEBUG [main] by.step.client.DataServiceClient - [DataServiceClient#getUserById] {"id":1,"username":"ivan","email":"ivan@example.com","role":"USER","balance":1000,"registeredAt":"2026-04-23T01:22:20.108523813"}
2026-04-23 01:22:20.138 DEBUG [main] by.step.client.DataServiceClient - [DataServiceClient#getUserById] <--- END HTTP (129-byte body)
2026-04-23 01:22:20.261 INFO  [main] o.s.t.c.s.AnnotationConfigContextLoaderUtils - Could not detect default configuration classes for test class [by.step.client.DataServiceClientWireMockTest]: DataServiceClientWireMockTest does not declare any static, non-private, non-final, nested classes annotated with @Configuration.
2026-04-23 01:22:20.280 INFO  [main] o.s.b.t.c.SpringBootTestContextBootstrapper - Found @SpringBootConfiguration by.step.BusinessServiceApplication for test class by.step.client.DataServiceClientWireMockTest
2026-04-23 01:22:20.579 INFO  [main] b.s.c.DataServiceClientWireMockTest - Starting DataServiceClientWireMockTest using Java 17.0.18 with PID 9742 (started by diman in /mnt/c/Users/diman/IdeaProjects/skin-market/business-service)
2026-04-23 01:22:20.581 DEBUG [main] b.s.c.DataServiceClientWireMockTest - Running with Spring Boot v3.2.0, Spring v6.1.1
2026-04-23 01:22:20.582 INFO  [main] b.s.c.DataServiceClientWireMockTest - The following 1 profile is active: "basic"
2026-04-23 01:22:22.311 DEBUG [main] o.s.c.o.FeignClientsRegistrar$1 - Identified candidate component class: file [/mnt/c/Users/diman/IdeaProjects/skin-market/business-service/target/classes/by/step/client/DataServiceClient.class]
2026-04-23 01:22:22.370 INFO  [main] o.s.d.r.c.RepositoryConfigurationDelegate - Multiple Spring Data modules found, entering strict repository configuration mode
2026-04-23 01:22:22.371 INFO  [main] o.s.d.r.c.RepositoryConfigurationDelegate - Bootstrapping Spring Data Redis repositories in DEFAULT mode.
2026-04-23 01:22:22.572 INFO  [main] o.s.d.r.c.RepositoryConfigurationDelegate - Finished Spring Data repository scanning in 199 ms. Found 0 Redis repository interfaces.
2026-04-23 01:22:22.678 INFO  [main] o.s.cloud.context.scope.GenericScope - BeanFactory id=610c4573-1136-3747-b6ba-008697ae9a01
2026-04-23 01:22:22.727 DEBUG [main] o.s.c.o.FeignClientFactoryBean - Creating a FeignClientFactoryBean.
2026-04-23 01:22:22.907 WARN  [main] o.s.b.a.s.s.UserDetailsServiceAutoConfiguration - 

Using generated security password: d79b3aa2-766b-432c-914c-4668ddac51f7

This generated password is for development use only. Your security configuration must be updated before running your application in production.

2026-04-23 01:22:23.179 INFO  [main] o.s.s.web.DefaultSecurityFilterChain - Will secure any request with [org.springframework.security.web.session.DisableEncodeUrlFilter@453d742f, org.springframework.security.web.context.request.async.WebAsyncManagerIntegrationFilter@3cc78f08, org.springframework.security.web.context.SecurityContextHolderFilter@1986fae9, org.springframework.security.web.header.HeaderWriterFilter@377623e9, org.springframework.web.filter.CorsFilter@79994ef0, org.springframework.security.web.authentication.logout.LogoutFilter@44df2fa9, org.springframework.security.web.savedrequest.RequestCacheAwareFilter@ff0375e, org.springframework.security.web.servletapi.SecurityContextHolderAwareRequestFilter@6ccfdead, org.springframework.security.web.authentication.AnonymousAuthenticationFilter@612b1b5, org.springframework.security.web.access.ExceptionTranslationFilter@c3dfc39, org.springframework.security.web.access.intercept.AuthorizationFilter@47d70462]
2026-04-23 01:22:23.343 INFO  [main] b.s.c.DataServiceClientWireMockTest - Started DataServiceClientWireMockTest in 3.04 seconds (process running for 44.424)
2026-04-23 01:22:23.351 DEBUG [main] by.step.client.DataServiceClient - [DataServiceClient#getAllUsers] ---> GET http://localhost:10414/api/users HTTP/1.1
2026-04-23 01:22:23.352 DEBUG [main] by.step.client.DataServiceClient - [DataServiceClient#getAllUsers] ---> END HTTP (0-byte body)
2026-04-23 01:22:23.357 INFO  [qtp812902253-67] WireMock - Request received:
127.0.0.1 - GET /api/users

Accept: [*/*]
User-Agent: [Java/17.0.18]
Host: [localhost:10414]
Connection: [keep-alive]



Matched response definition:
{
  "status" : 200,
  "body" : "[\n    {\n        \"id\": 1,\n        \"username\": \"user1\",\n        \"email\": \"user1@example.com\",\n        \"role\": \"USER\",\n        \"balance\": 1000\n    },\n    {\n        \"id\": 2,\n        \"username\": \"artist1\",\n        \"email\": \"artist1@example.com\",\n        \"role\": \"ARTIST\",\n        \"balance\": 500\n    }\n]\n",
  "headers" : {
    "Content-Type" : "application/json"
  }
}

Response:
HTTP/1.1 200
Content-Type: [application/json]
Matched-Stub-Id: [52920418-5ba4-4ae3-9fb3-9a4acff75f4d]

2026-04-23 01:22:23.359 DEBUG [main] by.step.client.DataServiceClient - [DataServiceClient#getAllUsers] <--- HTTP/1.1 200 OK (6ms)
2026-04-23 01:22:23.360 DEBUG [main] by.step.client.DataServiceClient - [DataServiceClient#getAllUsers] content-type: application/json
2026-04-23 01:22:23.361 DEBUG [main] by.step.client.DataServiceClient - [DataServiceClient#getAllUsers] matched-stub-id: 52920418-5ba4-4ae3-9fb3-9a4acff75f4d
2026-04-23 01:22:23.362 DEBUG [main] by.step.client.DataServiceClient - [DataServiceClient#getAllUsers] transfer-encoding: chunked
2026-04-23 01:22:23.362 DEBUG [main] by.step.client.DataServiceClient - [DataServiceClient#getAllUsers] vary: Accept-Encoding, User-Agent
2026-04-23 01:22:23.362 DEBUG [main] by.step.client.DataServiceClient - [DataServiceClient#getAllUsers] 
2026-04-23 01:22:23.363 DEBUG [main] by.step.client.DataServiceClient - [DataServiceClient#getAllUsers] [
    {
        "id": 1,
        "username": "user1",
        "email": "user1@example.com",
        "role": "USER",
        "balance": 1000
    },
    {
        "id": 2,
        "username": "artist1",
        "email": "artist1@example.com",
        "role": "ARTIST",
        "balance": 500
    }
]

2026-04-23 01:22:23.364 DEBUG [main] by.step.client.DataServiceClient - [DataServiceClient#getAllUsers] <--- END HTTP (298-byte body)
2026-04-23 01:22:23.376 DEBUG [main] by.step.client.DataServiceClient - [DataServiceClient#getUserById] ---> GET http://localhost:10414/api/users/1 HTTP/1.1
2026-04-23 01:22:23.376 DEBUG [main] by.step.client.DataServiceClient - [DataServiceClient#getUserById] ---> END HTTP (0-byte body)
2026-04-23 01:22:23.380 INFO  [qtp812902253-54] WireMock - Request received:
127.0.0.1 - GET /api/users/1

Accept: [*/*]
User-Agent: [Java/17.0.18]
Host: [localhost:10414]
Connection: [keep-alive]



Matched response definition:
{
  "status" : 200,
  "body" : "{\n    \"id\": 1,\n    \"username\": \"testuser\",\n    \"email\": \"test@example.com\",\n    \"role\": \"USER\",\n    \"balance\": 1000,\n    \"registeredAt\": \"2024-01-01T10:00:00\"\n}\n",
  "headers" : {
    "Content-Type" : "application/json"
  }
}

Response:
HTTP/1.1 200
Content-Type: [application/json]
Matched-Stub-Id: [ed6860d5-3123-4941-8f95-8b6666e3a4a9]

2026-04-23 01:22:23.382 DEBUG [main] by.step.client.DataServiceClient - [DataServiceClient#getUserById] <--- HTTP/1.1 200 OK (4ms)
2026-04-23 01:22:23.383 DEBUG [main] by.step.client.DataServiceClient - [DataServiceClient#getUserById] content-type: application/json
2026-04-23 01:22:23.383 DEBUG [main] by.step.client.DataServiceClient - [DataServiceClient#getUserById] matched-stub-id: ed6860d5-3123-4941-8f95-8b6666e3a4a9
2026-04-23 01:22:23.384 DEBUG [main] by.step.client.DataServiceClient - [DataServiceClient#getUserById] transfer-encoding: chunked
2026-04-23 01:22:23.384 DEBUG [main] by.step.client.DataServiceClient - [DataServiceClient#getUserById] vary: Accept-Encoding, User-Agent
2026-04-23 01:22:23.385 DEBUG [main] by.step.client.DataServiceClient - [DataServiceClient#getUserById] 
2026-04-23 01:22:23.386 DEBUG [main] by.step.client.DataServiceClient - [DataServiceClient#getUserById] {
    "id": 1,
    "username": "testuser",
    "email": "test@example.com",
    "role": "USER",
    "balance": 1000,
    "registeredAt": "2024-01-01T10:00:00"
}

2026-04-23 01:22:23.387 DEBUG [main] by.step.client.DataServiceClient - [DataServiceClient#getUserById] <--- END HTTP (161-byte body)
2026-04-23 01:22:23.396 DEBUG [main] by.step.client.DataServiceClient - [DataServiceClient#addToBalance] ---> POST http://localhost:10414/api/users/1/balance/add?amount=500 HTTP/1.1
2026-04-23 01:22:23.398 DEBUG [main] by.step.client.DataServiceClient - [DataServiceClient#addToBalance] ---> END HTTP (0-byte body)
2026-04-23 01:22:23.402 INFO  [qtp812902253-65] WireMock - Request received:
127.0.0.1 - POST /api/users/1/balance/add?amount=500

Accept: [*/*]
User-Agent: [Java/17.0.18]
Host: [localhost:10414]
Connection: [keep-alive]
Content-Type: [application/x-www-form-urlencoded]
Content-Length: [0]



Matched response definition:
{
  "status" : 200
}

Response:
HTTP/1.1 200
Matched-Stub-Id: [fccbcd8e-b905-48d9-83b8-9e4572aa92bb]

2026-04-23 01:22:23.404 DEBUG [main] by.step.client.DataServiceClient - [DataServiceClient#addToBalance] <--- HTTP/1.1 200 OK (4ms)
2026-04-23 01:22:23.405 DEBUG [main] by.step.client.DataServiceClient - [DataServiceClient#addToBalance] matched-stub-id: fccbcd8e-b905-48d9-83b8-9e4572aa92bb
2026-04-23 01:22:23.406 DEBUG [main] by.step.client.DataServiceClient - [DataServiceClient#addToBalance] transfer-encoding: chunked
2026-04-23 01:22:23.407 DEBUG [main] by.step.client.DataServiceClient - [DataServiceClient#addToBalance] vary: Accept-Encoding, User-Agent
2026-04-23 01:22:23.408 DEBUG [main] by.step.client.DataServiceClient - [DataServiceClient#addToBalance] 
2026-04-23 01:22:23.409 DEBUG [main] by.step.client.DataServiceClient - [DataServiceClient#addToBalance] <--- END HTTP (0-byte body)
2026-04-23 01:22:23.430 DEBUG [main] by.step.client.DataServiceClient - [DataServiceClient#getUserById] ---> GET http://localhost:10414/api/users/999 HTTP/1.1
2026-04-23 01:22:23.431 DEBUG [main] by.step.client.DataServiceClient - [DataServiceClient#getUserById] ---> END HTTP (0-byte body)
2026-04-23 01:22:23.434 INFO  [qtp812902253-67] WireMock - Request received:
127.0.0.1 - GET /api/users/999

Accept: [*/*]
User-Agent: [Java/17.0.18]
Host: [localhost:10414]
Connection: [keep-alive]



Matched response definition:
{
  "status" : 404
}

Response:
HTTP/1.1 404
Matched-Stub-Id: [a5c23541-d6bc-45e5-a759-ab36f536d34a]

2026-04-23 01:22:23.436 DEBUG [main] by.step.client.DataServiceClient - [DataServiceClient#getUserById] <--- HTTP/1.1 404 Not Found (4ms)
2026-04-23 01:22:23.437 DEBUG [main] by.step.client.DataServiceClient - [DataServiceClient#getUserById] matched-stub-id: a5c23541-d6bc-45e5-a759-ab36f536d34a
2026-04-23 01:22:23.437 DEBUG [main] by.step.client.DataServiceClient - [DataServiceClient#getUserById] transfer-encoding: chunked
2026-04-23 01:22:23.438 DEBUG [main] by.step.client.DataServiceClient - [DataServiceClient#getUserById] 
2026-04-23 01:22:23.438 DEBUG [main] by.step.client.DataServiceClient - [DataServiceClient#getUserById] <--- END HTTP (0-byte body)
2026-04-23 01:22:23.523 INFO  [main] o.s.t.c.s.AnnotationConfigContextLoaderUtils - Could not detect default configuration classes for test class [by.step.controller.OrderControllerTest]: OrderControllerTest does not declare any static, non-private, non-final, nested classes annotated with @Configuration.
2026-04-23 01:22:23.767 INFO  [main] o.s.b.t.c.SpringBootTestContextBootstrapper - Found @SpringBootConfiguration by.step.BusinessServiceApplication for test class by.step.controller.OrderControllerTest
2026-04-23 01:22:23.943 INFO  [main] b.s.controller.OrderControllerTest - Starting OrderControllerTest using Java 17.0.18 with PID 9742 (started by diman in /mnt/c/Users/diman/IdeaProjects/skin-market/business-service)
2026-04-23 01:22:23.944 DEBUG [main] b.s.controller.OrderControllerTest - Running with Spring Boot v3.2.0, Spring v6.1.1
2026-04-23 01:22:23.945 INFO  [main] b.s.controller.OrderControllerTest - The following 1 profile is active: "basic"
2026-04-23 01:22:24.945 DEBUG [main] o.s.c.o.FeignClientsRegistrar$1 - Identified candidate component class: file [/mnt/c/Users/diman/IdeaProjects/skin-market/business-service/target/classes/by/step/client/DataServiceClient.class]
2026-04-23 01:22:25.523 DEBUG [main] o.s.c.o.FeignClientFactoryBean - Creating a FeignClientFactoryBean.
2026-04-23 01:22:25.812 WARN  [main] o.s.b.a.s.s.UserDetailsServiceAutoConfiguration - 

Using generated security password: 610cb7be-57c2-4705-9ba0-633ca47565c0

This generated password is for development use only. Your security configuration must be updated before running your application in production.

2026-04-23 01:22:25.868 INFO  [main] o.s.s.web.DefaultSecurityFilterChain - Will secure any request with [org.springframework.security.web.session.DisableEncodeUrlFilter@496e9377, org.springframework.security.web.context.request.async.WebAsyncManagerIntegrationFilter@6708b2e0, org.springframework.security.web.context.SecurityContextHolderFilter@71995ebb, org.springframework.security.web.header.HeaderWriterFilter@134e3596, org.springframework.web.filter.CorsFilter@590c6fc2, org.springframework.security.web.csrf.CsrfFilter@6002379e, org.springframework.security.web.authentication.logout.LogoutFilter@4d810b08, org.springframework.security.web.authentication.UsernamePasswordAuthenticationFilter@5b73fd45, org.springframework.security.web.authentication.ui.DefaultLoginPageGeneratingFilter@1ff45f6f, org.springframework.security.web.authentication.ui.DefaultLogoutPageGeneratingFilter@62b4cbf1, org.springframework.security.web.authentication.www.BasicAuthenticationFilter@d66ccae, org.springframework.security.web.savedrequest.RequestCacheAwareFilter@5639d1, org.springframework.security.web.servletapi.SecurityContextHolderAwareRequestFilter@7d7437d2, org.springframework.security.web.authentication.AnonymousAuthenticationFilter@5ffc19fb, org.springframework.security.web.access.ExceptionTranslationFilter@71d181c8, org.springframework.security.web.access.intercept.AuthorizationFilter@741421e5]
2026-04-23 01:22:26.022 INFO  [main] o.s.b.t.m.w.SpringBootMockServletContext - Initializing Spring TestDispatcherServlet ''
2026-04-23 01:22:26.023 INFO  [main] o.s.t.w.s.TestDispatcherServlet - Initializing Servlet ''
2026-04-23 01:22:26.025 INFO  [main] o.s.t.w.s.TestDispatcherServlet - Completed initialization in 1 ms
2026-04-23 01:22:26.045 INFO  [main] b.s.controller.OrderControllerTest - Started OrderControllerTest in 2.266 seconds (process running for 47.126)
2026-04-23 01:22:26.203 WARN  [main] o.s.w.s.h.HandlerMappingIntrospector - Cache miss for REQUEST dispatch to '/api/business/orders/1/complete' (previous null). Performing CorsConfiguration lookup. This is logged once only at WARN level, and every time at TRACE.
2026-04-23 01:22:26.382 INFO  [main] by.step.controller.OrderController - REST запрос: завершение заказа 1
2026-04-23 01:22:26.733 DEBUG [main] by.step.controller.OrderController - REST запрос: получение общей суммы расходов заказчика 1
2026-04-23 01:22:26.749 DEBUG [main] by.step.controller.OrderController - REST запрос: получение заказов художника 2
2026-04-23 01:22:26.814 DEBUG [main] by.step.controller.OrderController - REST запрос: получение заказов заказчика 1
2026-04-23 01:22:26.837 INFO  [main] by.step.controller.OrderController - REST запрос: обновление статуса заказа 1 на COMPLETED
2026-04-23 01:22:26.846 INFO  [main] by.step.controller.OrderController - REST запрос: отмена заказа 1
2026-04-23 01:22:26.856 INFO  [main] by.step.controller.OrderController - REST запрос: начало выполнения заказа 1
2026-04-23 01:22:27.233 INFO  [main] by.step.controller.OrderController - REST запрос: создание заказа от customerId=1 художнику artistId=2
2026-04-23 01:22:27.245 DEBUG [main] by.step.controller.OrderController - REST запрос: получение заказа по id=1
2026-04-23 01:22:27.269 INFO  [main] o.s.t.c.s.AnnotationConfigContextLoaderUtils - Could not detect default configuration classes for test class [by.step.controller.UserControllerTest]: UserControllerTest does not declare any static, non-private, non-final, nested classes annotated with @Configuration.
2026-04-23 01:22:27.296 INFO  [main] o.s.b.t.c.SpringBootTestContextBootstrapper - Found @SpringBootConfiguration by.step.BusinessServiceApplication for test class by.step.controller.UserControllerTest
2026-04-23 01:22:27.593 INFO  [main] b.step.controller.UserControllerTest - Starting UserControllerTest using Java 17.0.18 with PID 9742 (started by diman in /mnt/c/Users/diman/IdeaProjects/skin-market/business-service)
2026-04-23 01:22:27.594 DEBUG [main] b.step.controller.UserControllerTest - Running with Spring Boot v3.2.0, Spring v6.1.1
2026-04-23 01:22:27.595 INFO  [main] b.step.controller.UserControllerTest - The following 1 profile is active: "basic"
2026-04-23 01:22:28.515 DEBUG [main] o.s.c.o.FeignClientsRegistrar$1 - Identified candidate component class: file [/mnt/c/Users/diman/IdeaProjects/skin-market/business-service/target/classes/by/step/client/DataServiceClient.class]
2026-04-23 01:22:28.637 DEBUG [main] o.s.c.o.FeignClientFactoryBean - Creating a FeignClientFactoryBean.
2026-04-23 01:22:28.902 WARN  [main] o.s.b.a.s.s.UserDetailsServiceAutoConfiguration - 

Using generated security password: 3d8d8ec5-b2fc-4fc8-b2c2-8506f23154ac

This generated password is for development use only. Your security configuration must be updated before running your application in production.

2026-04-23 01:22:28.908 INFO  [main] o.s.s.web.DefaultSecurityFilterChain - Will secure any request with [org.springframework.security.web.session.DisableEncodeUrlFilter@7b38966a, org.springframework.security.web.context.request.async.WebAsyncManagerIntegrationFilter@56119537, org.springframework.security.web.context.SecurityContextHolderFilter@11f5ae46, org.springframework.security.web.header.HeaderWriterFilter@29bd5775, org.springframework.web.filter.CorsFilter@750f8631, org.springframework.security.web.csrf.CsrfFilter@44740404, org.springframework.security.web.authentication.logout.LogoutFilter@520c6438, org.springframework.security.web.authentication.UsernamePasswordAuthenticationFilter@521e3470, org.springframework.security.web.authentication.ui.DefaultLoginPageGeneratingFilter@354b5123, org.springframework.security.web.authentication.ui.DefaultLogoutPageGeneratingFilter@648accba, org.springframework.security.web.authentication.www.BasicAuthenticationFilter@99300fa, org.springframework.security.web.savedrequest.RequestCacheAwareFilter@75c5dc58, org.springframework.security.web.servletapi.SecurityContextHolderAwareRequestFilter@760ea668, org.springframework.security.web.authentication.AnonymousAuthenticationFilter@5b3e8d87, org.springframework.security.web.access.ExceptionTranslationFilter@4b291c34, org.springframework.security.web.access.intercept.AuthorizationFilter@5450822]
2026-04-23 01:22:28.913 INFO  [main] o.s.b.t.m.w.SpringBootMockServletContext - Initializing Spring TestDispatcherServlet ''
2026-04-23 01:22:28.914 INFO  [main] o.s.t.w.s.TestDispatcherServlet - Initializing Servlet ''
2026-04-23 01:22:28.915 INFO  [main] o.s.t.w.s.TestDispatcherServlet - Completed initialization in 1 ms
2026-04-23 01:22:28.921 INFO  [main] b.step.controller.UserControllerTest - Started UserControllerTest in 1.62 seconds (process running for 50.003)
2026-04-23 01:22:28.928 WARN  [main] o.s.w.s.h.HandlerMappingIntrospector - Cache miss for REQUEST dispatch to '/api/business/users/username/ivan' (previous null). Performing CorsConfiguration lookup. This is logged once only at WARN level, and every time at TRACE.
2026-04-23 01:22:28.952 DEBUG [main] by.step.controller.UserController - REST запрос: получение пользователя по username=ivan
2026-04-23 01:22:28.969 INFO  [main] by.step.controller.UserController - REST запрос: обновление баланса пользователя 1 до 2000
2026-04-23 01:22:28.977 DEBUG [main] by.step.controller.UserController - REST запрос: проверка баланса пользователя 1 на сумму 500
2026-04-23 01:22:28.995 DEBUG [main] by.step.controller.UserController - REST запрос: получение пользователей по роли USER
2026-04-23 01:22:29.017 INFO  [main] by.step.controller.UserController - REST запрос: списание с баланса пользователя 1 суммы 500
2026-04-23 01:22:29.038 DEBUG [main] by.step.controller.UserController - REST запрос: получение всех пользователей
2026-04-23 01:22:29.058 INFO  [main] by.step.controller.UserController - REST запрос: пополнение баланса пользователя 1 на 500
2026-04-23 01:22:29.075 DEBUG [main] by.step.controller.UserController - REST запрос: получение пользователя по id=1
2026-04-23 01:22:29.100 INFO  [main] o.s.t.c.s.AnnotationConfigContextLoaderUtils - Could not detect default configuration classes for test class [by.step.integration.DataServiceClientTest]: DataServiceClientTest does not declare any static, non-private, non-final, nested classes annotated with @Configuration.
2026-04-23 01:22:29.299 INFO  [main] o.s.b.t.c.SpringBootTestContextBootstrapper - Found @SpringBootConfiguration by.step.BusinessServiceApplication for test class by.step.integration.DataServiceClientTest
2026-04-23 01:22:29.495 INFO  [main] b.s.i.DataServiceClientTest - Starting DataServiceClientTest using Java 17.0.18 with PID 9742 (started by diman in /mnt/c/Users/diman/IdeaProjects/skin-market/business-service)
2026-04-23 01:22:29.496 DEBUG [main] b.s.i.DataServiceClientTest - Running with Spring Boot v3.2.0, Spring v6.1.1
2026-04-23 01:22:29.496 INFO  [main] b.s.i.DataServiceClientTest - The following 1 profile is active: "test"
2026-04-23 01:22:30.723 DEBUG [main] o.s.c.o.FeignClientsRegistrar$1 - Identified candidate component class: file [/mnt/c/Users/diman/IdeaProjects/skin-market/business-service/target/classes/by/step/client/DataServiceClient.class]
2026-04-23 01:22:30.761 INFO  [main] o.s.d.r.c.RepositoryConfigurationDelegate - Multiple Spring Data modules found, entering strict repository configuration mode
2026-04-23 01:22:30.762 INFO  [main] o.s.d.r.c.RepositoryConfigurationDelegate - Bootstrapping Spring Data Redis repositories in DEFAULT mode.
2026-04-23 01:22:30.856 INFO  [main] o.s.d.r.c.RepositoryConfigurationDelegate - Finished Spring Data repository scanning in 93 ms. Found 0 Redis repository interfaces.
2026-04-23 01:22:30.959 INFO  [main] o.s.cloud.context.scope.GenericScope - BeanFactory id=43cd07a4-9a61-3cef-a26e-e8e391c9507c
2026-04-23 01:22:30.982 DEBUG [main] o.s.c.o.FeignClientFactoryBean - Creating a FeignClientFactoryBean.
2026-04-23 01:22:31.122 WARN  [main] o.s.b.a.s.s.UserDetailsServiceAutoConfiguration - 

Using generated security password: c6dcf7b4-cf02-41e1-98b6-a9bc6de1ab87

This generated password is for development use only. Your security configuration must be updated before running your application in production.

2026-04-23 01:22:31.134 INFO  [main] o.s.s.web.DefaultSecurityFilterChain - Will secure any request with [org.springframework.security.web.session.DisableEncodeUrlFilter@16d27057, org.springframework.security.web.context.request.async.WebAsyncManagerIntegrationFilter@24c1cb14, org.springframework.security.web.context.SecurityContextHolderFilter@62869abc, org.springframework.security.web.header.HeaderWriterFilter@4e8d3f0b, org.springframework.security.web.authentication.logout.LogoutFilter@3ea19001, org.springframework.security.web.savedrequest.RequestCacheAwareFilter@9d2c0fd, org.springframework.security.web.servletapi.SecurityContextHolderAwareRequestFilter@4ff6af41, org.springframework.security.web.authentication.AnonymousAuthenticationFilter@5e801ee6, org.springframework.security.web.access.ExceptionTranslationFilter@74865c8a, org.springframework.security.web.access.intercept.AuthorizationFilter@5b9d55db]
2026-04-23 01:22:31.359 INFO  [main] b.s.i.DataServiceClientTest - Started DataServiceClientTest in 2.046 seconds (process running for 52.44)
2026-04-23 01:22:31.371 DEBUG [main] by.step.client.DataServiceClient - [DataServiceClient#addToBalance] ---> POST http://localhost:10861/api/users/1/balance/add?amount=500 HTTP/1.1
2026-04-23 01:22:31.372 DEBUG [main] by.step.client.DataServiceClient - [DataServiceClient#addToBalance] ---> END HTTP (0-byte body)
2026-04-23 01:22:31.379 INFO  [qtp1326097694-98] WireMock - Request received:
127.0.0.1 - POST /api/users/1/balance/add?amount=500

Accept: [*/*]
User-Agent: [Java/17.0.18]
Host: [localhost:10861]
Connection: [keep-alive]
Content-Type: [application/x-www-form-urlencoded]
Content-Length: [0]



Matched response definition:
{
  "status" : 200
}

Response:
HTTP/1.1 200
Matched-Stub-Id: [3b237416-5dd3-4bdb-853e-4137cad9746c]

2026-04-23 01:22:31.382 DEBUG [main] by.step.client.DataServiceClient - [DataServiceClient#addToBalance] <--- HTTP/1.1 200 OK (8ms)
2026-04-23 01:22:31.383 DEBUG [main] by.step.client.DataServiceClient - [DataServiceClient#addToBalance] matched-stub-id: 3b237416-5dd3-4bdb-853e-4137cad9746c
2026-04-23 01:22:31.384 DEBUG [main] by.step.client.DataServiceClient - [DataServiceClient#addToBalance] transfer-encoding: chunked
2026-04-23 01:22:31.385 DEBUG [main] by.step.client.DataServiceClient - [DataServiceClient#addToBalance] vary: Accept-Encoding, User-Agent
2026-04-23 01:22:31.385 DEBUG [main] by.step.client.DataServiceClient - [DataServiceClient#addToBalance] 
2026-04-23 01:22:31.386 DEBUG [main] by.step.client.DataServiceClient - [DataServiceClient#addToBalance] <--- END HTTP (0-byte body)
2026-04-23 01:22:31.392 DEBUG [main] by.step.client.DataServiceClient - [DataServiceClient#getUserByUsername] ---> GET http://localhost:10861/api/users/username/ivan HTTP/1.1
2026-04-23 01:22:31.393 DEBUG [main] by.step.client.DataServiceClient - [DataServiceClient#getUserByUsername] ---> END HTTP (0-byte body)
2026-04-23 01:22:31.396 INFO  [qtp1326097694-85] WireMock - Request received:
127.0.0.1 - GET /api/users/username/ivan

Accept: [*/*]
User-Agent: [Java/17.0.18]
Host: [localhost:10861]
Connection: [keep-alive]



Matched response definition:
{
  "status" : 200,
  "body" : "{\"id\":1,\"username\":\"ivan\",\"email\":\"ivan@example.com\",\"role\":\"USER\",\"balance\":1000,\"registeredAt\":\"2026-04-23T01:22:31.390669096\"}",
  "headers" : {
    "Content-Type" : "application/json"
  }
}

Response:
HTTP/1.1 200
Content-Type: [application/json]
Matched-Stub-Id: [327975cf-183b-46d7-b0e4-8ea238ab5690]

2026-04-23 01:22:31.399 DEBUG [main] by.step.client.DataServiceClient - [DataServiceClient#getUserByUsername] <--- HTTP/1.1 200 OK (5ms)
2026-04-23 01:22:31.400 DEBUG [main] by.step.client.DataServiceClient - [DataServiceClient#getUserByUsername] content-type: application/json
2026-04-23 01:22:31.401 DEBUG [main] by.step.client.DataServiceClient - [DataServiceClient#getUserByUsername] matched-stub-id: 327975cf-183b-46d7-b0e4-8ea238ab5690
2026-04-23 01:22:31.402 DEBUG [main] by.step.client.DataServiceClient - [DataServiceClient#getUserByUsername] transfer-encoding: chunked
2026-04-23 01:22:31.403 DEBUG [main] by.step.client.DataServiceClient - [DataServiceClient#getUserByUsername] vary: Accept-Encoding, User-Agent
2026-04-23 01:22:31.403 DEBUG [main] by.step.client.DataServiceClient - [DataServiceClient#getUserByUsername] 
2026-04-23 01:22:31.404 DEBUG [main] by.step.client.DataServiceClient - [DataServiceClient#getUserByUsername] {"id":1,"username":"ivan","email":"ivan@example.com","role":"USER","balance":1000,"registeredAt":"2026-04-23T01:22:31.390669096"}
2026-04-23 01:22:31.404 DEBUG [main] by.step.client.DataServiceClient - [DataServiceClient#getUserByUsername] <--- END HTTP (129-byte body)
2026-04-23 01:22:31.413 DEBUG [main] by.step.client.DataServiceClient - [DataServiceClient#getOrderById] ---> GET http://localhost:10861/api/orders/1 HTTP/1.1
2026-04-23 01:22:31.414 DEBUG [main] by.step.client.DataServiceClient - [DataServiceClient#getOrderById] ---> END HTTP (0-byte body)
2026-04-23 01:22:31.416 INFO  [qtp1326097694-96] WireMock - Request received:
127.0.0.1 - GET /api/orders/1

Accept: [*/*]
User-Agent: [Java/17.0.18]
Host: [localhost:10861]
Connection: [keep-alive]



Matched response definition:
{
  "status" : 200,
  "body" : "{\"id\":1,\"customerId\":1,\"customerName\":\"ivan\",\"artistId\":2,\"artistName\":\"petr\",\"status\":\"IN_PROGRESS\",\"description\":\"Test order\",\"price\":1000,\"finalFileUrl\":null,\"createdAt\":\"2026-04-23T01:22:31.411321343\",\"completedAt\":null}",
  "headers" : {
    "Content-Type" : "application/json"
  }
}

Response:
HTTP/1.1 200
Content-Type: [application/json]
Matched-Stub-Id: [5cdbbece-69c5-4493-8456-ab1b01ffd4fe]

2026-04-23 01:22:31.417 DEBUG [main] by.step.client.DataServiceClient - [DataServiceClient#getOrderById] <--- HTTP/1.1 200 OK (3ms)
2026-04-23 01:22:31.418 DEBUG [main] by.step.client.DataServiceClient - [DataServiceClient#getOrderById] content-type: application/json
2026-04-23 01:22:31.418 DEBUG [main] by.step.client.DataServiceClient - [DataServiceClient#getOrderById] matched-stub-id: 5cdbbece-69c5-4493-8456-ab1b01ffd4fe
2026-04-23 01:22:31.419 DEBUG [main] by.step.client.DataServiceClient - [DataServiceClient#getOrderById] transfer-encoding: chunked
2026-04-23 01:22:31.419 DEBUG [main] by.step.client.DataServiceClient - [DataServiceClient#getOrderById] vary: Accept-Encoding, User-Agent
2026-04-23 01:22:31.419 DEBUG [main] by.step.client.DataServiceClient - [DataServiceClient#getOrderById] 
2026-04-23 01:22:31.420 DEBUG [main] by.step.client.DataServiceClient - [DataServiceClient#getOrderById] {"id":1,"customerId":1,"customerName":"ivan","artistId":2,"artistName":"petr","status":"IN_PROGRESS","description":"Test order","price":1000,"finalFileUrl":null,"createdAt":"2026-04-23T01:22:31.411321343","completedAt":null}
2026-04-23 01:22:31.420 DEBUG [main] by.step.client.DataServiceClient - [DataServiceClient#getOrderById] <--- END HTTP (224-byte body)
2026-04-23 01:22:31.432 DEBUG [main] by.step.client.DataServiceClient - [DataServiceClient#updateOrderStatus] ---> PUT http://localhost:10861/api/orders/1/status?status=COMPLETED HTTP/1.1
2026-04-23 01:22:31.433 DEBUG [main] by.step.client.DataServiceClient - [DataServiceClient#updateOrderStatus] ---> END HTTP (0-byte body)
2026-04-23 01:22:31.435 INFO  [qtp1326097694-98] WireMock - Request received:
127.0.0.1 - PUT /api/orders/1/status?status=COMPLETED

Accept: [*/*]
User-Agent: [Java/17.0.18]
Host: [localhost:10861]
Connection: [keep-alive]
Content-Length: [0]



Matched response definition:
{
  "status" : 200
}

Response:
HTTP/1.1 200
Matched-Stub-Id: [026d7b67-2b83-499c-9c66-72c69e38cca4]

2026-04-23 01:22:31.436 DEBUG [main] by.step.client.DataServiceClient - [DataServiceClient#updateOrderStatus] <--- HTTP/1.1 200 OK (3ms)
2026-04-23 01:22:31.437 DEBUG [main] by.step.client.DataServiceClient - [DataServiceClient#updateOrderStatus] matched-stub-id: 026d7b67-2b83-499c-9c66-72c69e38cca4
2026-04-23 01:22:31.437 DEBUG [main] by.step.client.DataServiceClient - [DataServiceClient#updateOrderStatus] transfer-encoding: chunked
2026-04-23 01:22:31.438 DEBUG [main] by.step.client.DataServiceClient - [DataServiceClient#updateOrderStatus] vary: Accept-Encoding, User-Agent
2026-04-23 01:22:31.438 DEBUG [main] by.step.client.DataServiceClient - [DataServiceClient#updateOrderStatus] 
2026-04-23 01:22:31.438 DEBUG [main] by.step.client.DataServiceClient - [DataServiceClient#updateOrderStatus] <--- END HTTP (0-byte body)
2026-04-23 01:22:31.445 DEBUG [main] by.step.client.DataServiceClient - [DataServiceClient#createOrder] ---> POST http://localhost:10861/api/orders?customerId=1&artistId=2&description=Test%20order&price=1000 HTTP/1.1
2026-04-23 01:22:31.446 DEBUG [main] by.step.client.DataServiceClient - [DataServiceClient#createOrder] ---> END HTTP (0-byte body)
2026-04-23 01:22:31.451 INFO  [qtp1326097694-96] WireMock - Request received:
127.0.0.1 - POST /api/orders?customerId=1&artistId=2&description=Test%20order&price=1000

Accept: [*/*]
User-Agent: [Java/17.0.18]
Host: [localhost:10861]
Connection: [keep-alive]
Content-Type: [application/x-www-form-urlencoded]
Content-Length: [0]



Matched response definition:
{
  "status" : 200,
  "body" : "{\"id\":1,\"customerId\":1,\"customerName\":\"ivan\",\"artistId\":2,\"artistName\":\"petr\",\"status\":\"IN_PROGRESS\",\"description\":\"Test order\",\"price\":1000,\"finalFileUrl\":null,\"createdAt\":\"2026-04-23T01:22:31.443415348\",\"completedAt\":null}",
  "headers" : {
    "Content-Type" : "application/json"
  }
}

Response:
HTTP/1.1 200
Content-Type: [application/json]
Matched-Stub-Id: [4d8fd2bd-2e3e-456c-886a-5fbb38314bb2]

2026-04-23 01:22:31.452 DEBUG [main] by.step.client.DataServiceClient - [DataServiceClient#createOrder] <--- HTTP/1.1 200 OK (5ms)
2026-04-23 01:22:31.453 DEBUG [main] by.step.client.DataServiceClient - [DataServiceClient#createOrder] content-type: application/json
2026-04-23 01:22:31.453 DEBUG [main] by.step.client.DataServiceClient - [DataServiceClient#createOrder] matched-stub-id: 4d8fd2bd-2e3e-456c-886a-5fbb38314bb2
2026-04-23 01:22:31.454 DEBUG [main] by.step.client.DataServiceClient - [DataServiceClient#createOrder] transfer-encoding: chunked
2026-04-23 01:22:31.454 DEBUG [main] by.step.client.DataServiceClient - [DataServiceClient#createOrder] vary: Accept-Encoding, User-Agent
2026-04-23 01:22:31.454 DEBUG [main] by.step.client.DataServiceClient - [DataServiceClient#createOrder] 
2026-04-23 01:22:31.455 DEBUG [main] by.step.client.DataServiceClient - [DataServiceClient#createOrder] {"id":1,"customerId":1,"customerName":"ivan","artistId":2,"artistName":"petr","status":"IN_PROGRESS","description":"Test order","price":1000,"finalFileUrl":null,"createdAt":"2026-04-23T01:22:31.443415348","completedAt":null}
2026-04-23 01:22:31.455 DEBUG [main] by.step.client.DataServiceClient - [DataServiceClient#createOrder] <--- END HTTP (224-byte body)
2026-04-23 01:22:31.461 DEBUG [main] by.step.client.DataServiceClient - [DataServiceClient#getAllUsers] ---> GET http://localhost:10861/api/users HTTP/1.1
2026-04-23 01:22:31.462 DEBUG [main] by.step.client.DataServiceClient - [DataServiceClient#getAllUsers] ---> END HTTP (0-byte body)
2026-04-23 01:22:31.465 INFO  [qtp1326097694-98] WireMock - Request received:
127.0.0.1 - GET /api/users

Accept: [*/*]
User-Agent: [Java/17.0.18]
Host: [localhost:10861]
Connection: [keep-alive]



Matched response definition:
{
  "status" : 200,
  "body" : "[{\"id\":1,\"username\":\"ivan\",\"email\":\"ivan@example.com\",\"role\":\"USER\",\"balance\":1000,\"registeredAt\":\"2026-04-23T01:22:31.459982577\"}]",
  "headers" : {
    "Content-Type" : "application/json"
  }
}

Response:
HTTP/1.1 200
Content-Type: [application/json]
Matched-Stub-Id: [fb2a3e6f-9985-47b2-9a67-b34988700293]

2026-04-23 01:22:31.466 DEBUG [main] by.step.client.DataServiceClient - [DataServiceClient#getAllUsers] <--- HTTP/1.1 200 OK (3ms)
2026-04-23 01:22:31.466 DEBUG [main] by.step.client.DataServiceClient - [DataServiceClient#getAllUsers] content-type: application/json
2026-04-23 01:22:31.467 DEBUG [main] by.step.client.DataServiceClient - [DataServiceClient#getAllUsers] matched-stub-id: fb2a3e6f-9985-47b2-9a67-b34988700293
2026-04-23 01:22:31.467 DEBUG [main] by.step.client.DataServiceClient - [DataServiceClient#getAllUsers] transfer-encoding: chunked
2026-04-23 01:22:31.467 DEBUG [main] by.step.client.DataServiceClient - [DataServiceClient#getAllUsers] vary: Accept-Encoding, User-Agent
2026-04-23 01:22:31.468 DEBUG [main] by.step.client.DataServiceClient - [DataServiceClient#getAllUsers] 
2026-04-23 01:22:31.468 DEBUG [main] by.step.client.DataServiceClient - [DataServiceClient#getAllUsers] [{"id":1,"username":"ivan","email":"ivan@example.com","role":"USER","balance":1000,"registeredAt":"2026-04-23T01:22:31.459982577"}]
2026-04-23 01:22:31.469 DEBUG [main] by.step.client.DataServiceClient - [DataServiceClient#getAllUsers] <--- END HTTP (131-byte body)
2026-04-23 01:22:31.475 DEBUG [main] by.step.client.DataServiceClient - [DataServiceClient#getUserById] ---> GET http://localhost:10861/api/users/1 HTTP/1.1
2026-04-23 01:22:31.476 DEBUG [main] by.step.client.DataServiceClient - [DataServiceClient#getUserById] ---> END HTTP (0-byte body)
2026-04-23 01:22:31.478 INFO  [qtp1326097694-96] WireMock - Request received:
127.0.0.1 - GET /api/users/1

Accept: [*/*]
User-Agent: [Java/17.0.18]
Host: [localhost:10861]
Connection: [keep-alive]



Matched response definition:
{
  "status" : 200,
  "body" : "{\"id\":1,\"username\":\"ivan\",\"email\":\"ivan@example.com\",\"role\":\"USER\",\"balance\":1000,\"registeredAt\":\"2026-04-23T01:22:31.473843911\"}",
  "headers" : {
    "Content-Type" : "application/json"
  }
}

Response:
HTTP/1.1 200
Content-Type: [application/json]
Matched-Stub-Id: [66b30935-0e0c-418d-bed4-3e75855837b4]

2026-04-23 01:22:31.480 DEBUG [main] by.step.client.DataServiceClient - [DataServiceClient#getUserById] <--- HTTP/1.1 200 OK (3ms)
2026-04-23 01:22:31.480 DEBUG [main] by.step.client.DataServiceClient - [DataServiceClient#getUserById] content-type: application/json
2026-04-23 01:22:31.481 DEBUG [main] by.step.client.DataServiceClient - [DataServiceClient#getUserById] matched-stub-id: 66b30935-0e0c-418d-bed4-3e75855837b4
2026-04-23 01:22:31.481 DEBUG [main] by.step.client.DataServiceClient - [DataServiceClient#getUserById] transfer-encoding: chunked
2026-04-23 01:22:31.481 DEBUG [main] by.step.client.DataServiceClient - [DataServiceClient#getUserById] vary: Accept-Encoding, User-Agent
2026-04-23 01:22:31.482 DEBUG [main] by.step.client.DataServiceClient - [DataServiceClient#getUserById] 
2026-04-23 01:22:31.482 DEBUG [main] by.step.client.DataServiceClient - [DataServiceClient#getUserById] {"id":1,"username":"ivan","email":"ivan@example.com","role":"USER","balance":1000,"registeredAt":"2026-04-23T01:22:31.473843911"}
2026-04-23 01:22:31.482 DEBUG [main] by.step.client.DataServiceClient - [DataServiceClient#getUserById] <--- END HTTP (129-byte body)
2026-04-23 01:22:31.826 INFO  [main] b.s.s.impl.OrderBusinessServiceImpl - Calculating total spent: customerId=1
2026-04-23 01:22:31.827 INFO  [main] b.s.s.impl.OrderBusinessServiceImpl - Getting orders by customer from data-service: customerId=1
2026-04-23 01:22:31.862 INFO  [main] b.s.s.impl.OrderBusinessServiceImpl - Cancelling order: orderId=1
2026-04-23 01:22:31.864 INFO  [main] b.s.s.impl.OrderBusinessServiceImpl - Order cancelled successfully
2026-04-23 01:22:31.925 INFO  [main] b.s.s.impl.OrderBusinessServiceImpl - Getting orders by status from data-service: status=NEW
2026-04-23 01:22:31.926 ERROR [main] b.s.s.impl.OrderBusinessServiceImpl - Error getting orders by status NEW: API Error
java.lang.RuntimeException: API Error
	at by.step.service.impl.OrderBusinessServiceImpl.getOrdersByStatus(OrderBusinessServiceImpl.java:143) ~[classes/:na]
	at by.step.service.OrderBusinessServiceTest.getOrdersByStatus_WhenException_ReturnsEmptyList(OrderBusinessServiceTest.java:169) ~[test-classes/:na]
	at java.base/jdk.internal.reflect.NativeMethodAccessorImpl.invoke0(Native Method) ~[na:na]
	at java.base/jdk.internal.reflect.NativeMethodAccessorImpl.invoke(NativeMethodAccessorImpl.java:77) ~[na:na]
	at java.base/jdk.internal.reflect.DelegatingMethodAccessorImpl.invoke(DelegatingMethodAccessorImpl.java:43) ~[na:na]
	at java.base/java.lang.reflect.Method.invoke(Method.java:569) ~[na:na]
	at org.junit.platform.commons.util.ReflectionUtils.invokeMethod(ReflectionUtils.java:728) ~[junit-platform-commons-1.10.1.jar:1.10.1]
	at org.junit.jupiter.engine.execution.MethodInvocation.proceed(MethodInvocation.java:60) ~[junit-jupiter-engine-5.10.1.jar:5.10.1]
	at org.junit.jupiter.engine.execution.InvocationInterceptorChain$ValidatingInvocation.proceed(InvocationInterceptorChain.java:131) ~[junit-jupiter-engine-5.10.1.jar:5.10.1]
	at org.junit.jupiter.engine.extension.TimeoutExtension.intercept(TimeoutExtension.java:156) ~[junit-jupiter-engine-5.10.1.jar:5.10.1]
	at org.junit.jupiter.engine.extension.TimeoutExtension.interceptTestableMethod(TimeoutExtension.java:147) ~[junit-jupiter-engine-5.10.1.jar:5.10.1]
	at org.junit.jupiter.engine.extension.TimeoutExtension.interceptTestMethod(TimeoutExtension.java:86) ~[junit-jupiter-engine-5.10.1.jar:5.10.1]
	at org.junit.jupiter.engine.execution.InterceptingExecutableInvoker$ReflectiveInterceptorCall.lambda$ofVoidMethod$0(InterceptingExecutableInvoker.java:103) ~[junit-jupiter-engine-5.10.1.jar:5.10.1]
	at org.junit.jupiter.engine.execution.InterceptingExecutableInvoker.lambda$invoke$0(InterceptingExecutableInvoker.java:93) ~[junit-jupiter-engine-5.10.1.jar:5.10.1]
	at org.junit.jupiter.engine.execution.InvocationInterceptorChain$InterceptedInvocation.proceed(InvocationInterceptorChain.java:106) ~[junit-jupiter-engine-5.10.1.jar:5.10.1]
	at org.junit.jupiter.engine.execution.InvocationInterceptorChain.proceed(InvocationInterceptorChain.java:64) ~[junit-jupiter-engine-5.10.1.jar:5.10.1]
	at org.junit.jupiter.engine.execution.InvocationInterceptorChain.chainAndInvoke(InvocationInterceptorChain.java:45) ~[junit-jupiter-engine-5.10.1.jar:5.10.1]
	at org.junit.jupiter.engine.execution.InvocationInterceptorChain.invoke(InvocationInterceptorChain.java:37) ~[junit-jupiter-engine-5.10.1.jar:5.10.1]
	at org.junit.jupiter.engine.execution.InterceptingExecutableInvoker.invoke(InterceptingExecutableInvoker.java:92) ~[junit-jupiter-engine-5.10.1.jar:5.10.1]
	at org.junit.jupiter.engine.execution.InterceptingExecutableInvoker.invoke(InterceptingExecutableInvoker.java:86) ~[junit-jupiter-engine-5.10.1.jar:5.10.1]
	at org.junit.jupiter.engine.descriptor.TestMethodTestDescriptor.lambda$invokeTestMethod$7(TestMethodTestDescriptor.java:218) ~[junit-jupiter-engine-5.10.1.jar:5.10.1]
	at org.junit.platform.engine.support.hierarchical.ThrowableCollector.execute(ThrowableCollector.java:73) ~[junit-platform-engine-1.10.1.jar:1.10.1]
	at org.junit.jupiter.engine.descriptor.TestMethodTestDescriptor.invokeTestMethod(TestMethodTestDescriptor.java:214) ~[junit-jupiter-engine-5.10.1.jar:5.10.1]
	at org.junit.jupiter.engine.descriptor.TestMethodTestDescriptor.execute(TestMethodTestDescriptor.java:139) ~[junit-jupiter-engine-5.10.1.jar:5.10.1]
	at org.junit.jupiter.engine.descriptor.TestMethodTestDescriptor.execute(TestMethodTestDescriptor.java:69) ~[junit-jupiter-engine-5.10.1.jar:5.10.1]
	at org.junit.platform.engine.support.hierarchical.NodeTestTask.lambda$executeRecursively$6(NodeTestTask.java:151) ~[junit-platform-engine-1.10.1.jar:1.10.1]
	at org.junit.platform.engine.support.hierarchical.ThrowableCollector.execute(ThrowableCollector.java:73) ~[junit-platform-engine-1.10.1.jar:1.10.1]
	at org.junit.platform.engine.support.hierarchical.NodeTestTask.lambda$executeRecursively$8(NodeTestTask.java:141) ~[junit-platform-engine-1.10.1.jar:1.10.1]
	at org.junit.platform.engine.support.hierarchical.Node.around(Node.java:137) ~[junit-platform-engine-1.10.1.jar:1.10.1]
	at org.junit.platform.engine.support.hierarchical.NodeTestTask.lambda$executeRecursively$9(NodeTestTask.java:139) ~[junit-platform-engine-1.10.1.jar:1.10.1]
	at org.junit.platform.engine.support.hierarchical.ThrowableCollector.execute(ThrowableCollector.java:73) ~[junit-platform-engine-1.10.1.jar:1.10.1]
	at org.junit.platform.engine.support.hierarchical.NodeTestTask.executeRecursively(NodeTestTask.java:138) ~[junit-platform-engine-1.10.1.jar:1.10.1]
	at org.junit.platform.engine.support.hierarchical.NodeTestTask.execute(NodeTestTask.java:95) ~[junit-platform-engine-1.10.1.jar:1.10.1]
	at java.base/java.util.ArrayList.forEach(ArrayList.java:1511) ~[na:na]
	at org.junit.platform.engine.support.hierarchical.SameThreadHierarchicalTestExecutorService.invokeAll(SameThreadHierarchicalTestExecutorService.java:41) ~[junit-platform-engine-1.10.1.jar:1.10.1]
	at org.junit.platform.engine.support.hierarchical.NodeTestTask.lambda$executeRecursively$6(NodeTestTask.java:155) ~[junit-platform-engine-1.10.1.jar:1.10.1]
	at org.junit.platform.engine.support.hierarchical.ThrowableCollector.execute(ThrowableCollector.java:73) ~[junit-platform-engine-1.10.1.jar:1.10.1]
	at org.junit.platform.engine.support.hierarchical.NodeTestTask.lambda$executeRecursively$8(NodeTestTask.java:141) ~[junit-platform-engine-1.10.1.jar:1.10.1]
	at org.junit.platform.engine.support.hierarchical.Node.around(Node.java:137) ~[junit-platform-engine-1.10.1.jar:1.10.1]
	at org.junit.platform.engine.support.hierarchical.NodeTestTask.lambda$executeRecursively$9(NodeTestTask.java:139) ~[junit-platform-engine-1.10.1.jar:1.10.1]
	at org.junit.platform.engine.support.hierarchical.ThrowableCollector.execute(ThrowableCollector.java:73) ~[junit-platform-engine-1.10.1.jar:1.10.1]
	at org.junit.platform.engine.support.hierarchical.NodeTestTask.executeRecursively(NodeTestTask.java:138) ~[junit-platform-engine-1.10.1.jar:1.10.1]
	at org.junit.platform.engine.support.hierarchical.NodeTestTask.execute(NodeTestTask.java:95) ~[junit-platform-engine-1.10.1.jar:1.10.1]
	at java.base/java.util.ArrayList.forEach(ArrayList.java:1511) ~[na:na]
	at org.junit.platform.engine.support.hierarchical.SameThreadHierarchicalTestExecutorService.invokeAll(SameThreadHierarchicalTestExecutorService.java:41) ~[junit-platform-engine-1.10.1.jar:1.10.1]
	at org.junit.platform.engine.support.hierarchical.NodeTestTask.lambda$executeRecursively$6(NodeTestTask.java:155) ~[junit-platform-engine-1.10.1.jar:1.10.1]
	at org.junit.platform.engine.support.hierarchical.ThrowableCollector.execute(ThrowableCollector.java:73) ~[junit-platform-engine-1.10.1.jar:1.10.1]
	at org.junit.platform.engine.support.hierarchical.NodeTestTask.lambda$executeRecursively$8(NodeTestTask.java:141) ~[junit-platform-engine-1.10.1.jar:1.10.1]
	at org.junit.platform.engine.support.hierarchical.Node.around(Node.java:137) ~[junit-platform-engine-1.10.1.jar:1.10.1]
	at org.junit.platform.engine.support.hierarchical.NodeTestTask.lambda$executeRecursively$9(NodeTestTask.java:139) ~[junit-platform-engine-1.10.1.jar:1.10.1]
	at org.junit.platform.engine.support.hierarchical.ThrowableCollector.execute(ThrowableCollector.java:73) ~[junit-platform-engine-1.10.1.jar:1.10.1]
	at org.junit.platform.engine.support.hierarchical.NodeTestTask.executeRecursively(NodeTestTask.java:138) ~[junit-platform-engine-1.10.1.jar:1.10.1]
	at org.junit.platform.engine.support.hierarchical.NodeTestTask.execute(NodeTestTask.java:95) ~[junit-platform-engine-1.10.1.jar:1.10.1]
	at org.junit.platform.engine.support.hierarchical.SameThreadHierarchicalTestExecutorService.submit(SameThreadHierarchicalTestExecutorService.java:35) ~[junit-platform-engine-1.10.1.jar:1.10.1]
	at org.junit.platform.engine.support.hierarchical.HierarchicalTestExecutor.execute(HierarchicalTestExecutor.java:57) ~[junit-platform-engine-1.10.1.jar:1.10.1]
	at org.junit.platform.engine.support.hierarchical.HierarchicalTestEngine.execute(HierarchicalTestEngine.java:54) ~[junit-platform-engine-1.10.1.jar:1.10.1]
	at org.junit.platform.launcher.core.EngineExecutionOrchestrator.execute(EngineExecutionOrchestrator.java:198) ~[junit-platform-launcher-1.10.1.jar:1.10.1]
	at org.junit.platform.launcher.core.EngineExecutionOrchestrator.execute(EngineExecutionOrchestrator.java:169) ~[junit-platform-launcher-1.10.1.jar:1.10.1]
	at org.junit.platform.launcher.core.EngineExecutionOrchestrator.execute(EngineExecutionOrchestrator.java:93) ~[junit-platform-launcher-1.10.1.jar:1.10.1]
	at org.junit.platform.launcher.core.EngineExecutionOrchestrator.lambda$execute$0(EngineExecutionOrchestrator.java:58) ~[junit-platform-launcher-1.10.1.jar:1.10.1]
	at org.junit.platform.launcher.core.EngineExecutionOrchestrator.withInterceptedStreams(EngineExecutionOrchestrator.java:141) ~[junit-platform-launcher-1.10.1.jar:1.10.1]
	at org.junit.platform.launcher.core.EngineExecutionOrchestrator.execute(EngineExecutionOrchestrator.java:57) ~[junit-platform-launcher-1.10.1.jar:1.10.1]
	at org.junit.platform.launcher.core.DefaultLauncher.execute(DefaultLauncher.java:103) ~[junit-platform-launcher-1.10.1.jar:1.10.1]
	at org.junit.platform.launcher.core.DefaultLauncher.execute(DefaultLauncher.java:85) ~[junit-platform-launcher-1.10.1.jar:1.10.1]
	at org.junit.platform.launcher.core.DelegatingLauncher.execute(DelegatingLauncher.java:47) ~[junit-platform-launcher-1.10.1.jar:1.10.1]
	at org.apache.maven.surefire.junitplatform.LazyLauncher.execute(LazyLauncher.java:56) ~[surefire-junit-platform-3.1.2.jar:3.1.2]
	at org.apache.maven.surefire.junitplatform.JUnitPlatformProvider.execute(JUnitPlatformProvider.java:184) ~[surefire-junit-platform-3.1.2.jar:3.1.2]
	at org.apache.maven.surefire.junitplatform.JUnitPlatformProvider.invokeAllTests(JUnitPlatformProvider.java:148) ~[surefire-junit-platform-3.1.2.jar:3.1.2]
	at org.apache.maven.surefire.junitplatform.JUnitPlatformProvider.invoke(JUnitPlatformProvider.java:122) ~[surefire-junit-platform-3.1.2.jar:3.1.2]
	at org.apache.maven.surefire.booter.ForkedBooter.runSuitesInProcess(ForkedBooter.java:385) ~[surefire-booter-3.1.2.jar:3.1.2]
	at org.apache.maven.surefire.booter.ForkedBooter.execute(ForkedBooter.java:162) ~[surefire-booter-3.1.2.jar:3.1.2]
	at org.apache.maven.surefire.booter.ForkedBooter.run(ForkedBooter.java:507) ~[surefire-booter-3.1.2.jar:3.1.2]
	at org.apache.maven.surefire.booter.ForkedBooter.main(ForkedBooter.java:495) ~[surefire-booter-3.1.2.jar:3.1.2]
2026-04-23 01:22:31.953 INFO  [main] b.s.s.impl.OrderBusinessServiceImpl - Calculating total spent: customerId=1
2026-04-23 01:22:31.955 INFO  [main] b.s.s.impl.OrderBusinessServiceImpl - Getting orders by customer from data-service: customerId=1
2026-04-23 01:22:31.961 INFO  [main] b.s.s.impl.OrderBusinessServiceImpl - Getting artist earnings from data-service: artistId=2
2026-04-23 01:22:31.962 ERROR [main] b.s.s.impl.OrderBusinessServiceImpl - Error getting artist earnings: API Error
java.lang.RuntimeException: API Error
	at by.step.service.impl.OrderBusinessServiceImpl.getArtistEarnings(OrderBusinessServiceImpl.java:293) ~[classes/:na]
	at by.step.service.OrderBusinessServiceTest.getArtistEarnings_WhenException_ReturnsZero(OrderBusinessServiceTest.java:251) ~[test-classes/:na]
	at java.base/jdk.internal.reflect.NativeMethodAccessorImpl.invoke0(Native Method) ~[na:na]
	at java.base/jdk.internal.reflect.NativeMethodAccessorImpl.invoke(NativeMethodAccessorImpl.java:77) ~[na:na]
	at java.base/jdk.internal.reflect.DelegatingMethodAccessorImpl.invoke(DelegatingMethodAccessorImpl.java:43) ~[na:na]
	at java.base/java.lang.reflect.Method.invoke(Method.java:569) ~[na:na]
	at org.junit.platform.commons.util.ReflectionUtils.invokeMethod(ReflectionUtils.java:728) ~[junit-platform-commons-1.10.1.jar:1.10.1]
	at org.junit.jupiter.engine.execution.MethodInvocation.proceed(MethodInvocation.java:60) ~[junit-jupiter-engine-5.10.1.jar:5.10.1]
	at org.junit.jupiter.engine.execution.InvocationInterceptorChain$ValidatingInvocation.proceed(InvocationInterceptorChain.java:131) ~[junit-jupiter-engine-5.10.1.jar:5.10.1]
	at org.junit.jupiter.engine.extension.TimeoutExtension.intercept(TimeoutExtension.java:156) ~[junit-jupiter-engine-5.10.1.jar:5.10.1]
	at org.junit.jupiter.engine.extension.TimeoutExtension.interceptTestableMethod(TimeoutExtension.java:147) ~[junit-jupiter-engine-5.10.1.jar:5.10.1]
	at org.junit.jupiter.engine.extension.TimeoutExtension.interceptTestMethod(TimeoutExtension.java:86) ~[junit-jupiter-engine-5.10.1.jar:5.10.1]
	at org.junit.jupiter.engine.execution.InterceptingExecutableInvoker$ReflectiveInterceptorCall.lambda$ofVoidMethod$0(InterceptingExecutableInvoker.java:103) ~[junit-jupiter-engine-5.10.1.jar:5.10.1]
	at org.junit.jupiter.engine.execution.InterceptingExecutableInvoker.lambda$invoke$0(InterceptingExecutableInvoker.java:93) ~[junit-jupiter-engine-5.10.1.jar:5.10.1]
	at org.junit.jupiter.engine.execution.InvocationInterceptorChain$InterceptedInvocation.proceed(InvocationInterceptorChain.java:106) ~[junit-jupiter-engine-5.10.1.jar:5.10.1]
	at org.junit.jupiter.engine.execution.InvocationInterceptorChain.proceed(InvocationInterceptorChain.java:64) ~[junit-jupiter-engine-5.10.1.jar:5.10.1]
	at org.junit.jupiter.engine.execution.InvocationInterceptorChain.chainAndInvoke(InvocationInterceptorChain.java:45) ~[junit-jupiter-engine-5.10.1.jar:5.10.1]
	at org.junit.jupiter.engine.execution.InvocationInterceptorChain.invoke(InvocationInterceptorChain.java:37) ~[junit-jupiter-engine-5.10.1.jar:5.10.1]
	at org.junit.jupiter.engine.execution.InterceptingExecutableInvoker.invoke(InterceptingExecutableInvoker.java:92) ~[junit-jupiter-engine-5.10.1.jar:5.10.1]
	at org.junit.jupiter.engine.execution.InterceptingExecutableInvoker.invoke(InterceptingExecutableInvoker.java:86) ~[junit-jupiter-engine-5.10.1.jar:5.10.1]
	at org.junit.jupiter.engine.descriptor.TestMethodTestDescriptor.lambda$invokeTestMethod$7(TestMethodTestDescriptor.java:218) ~[junit-jupiter-engine-5.10.1.jar:5.10.1]
	at org.junit.platform.engine.support.hierarchical.ThrowableCollector.execute(ThrowableCollector.java:73) ~[junit-platform-engine-1.10.1.jar:1.10.1]
	at org.junit.jupiter.engine.descriptor.TestMethodTestDescriptor.invokeTestMethod(TestMethodTestDescriptor.java:214) ~[junit-jupiter-engine-5.10.1.jar:5.10.1]
	at org.junit.jupiter.engine.descriptor.TestMethodTestDescriptor.execute(TestMethodTestDescriptor.java:139) ~[junit-jupiter-engine-5.10.1.jar:5.10.1]
	at org.junit.jupiter.engine.descriptor.TestMethodTestDescriptor.execute(TestMethodTestDescriptor.java:69) ~[junit-jupiter-engine-5.10.1.jar:5.10.1]
	at org.junit.platform.engine.support.hierarchical.NodeTestTask.lambda$executeRecursively$6(NodeTestTask.java:151) ~[junit-platform-engine-1.10.1.jar:1.10.1]
	at org.junit.platform.engine.support.hierarchical.ThrowableCollector.execute(ThrowableCollector.java:73) ~[junit-platform-engine-1.10.1.jar:1.10.1]
	at org.junit.platform.engine.support.hierarchical.NodeTestTask.lambda$executeRecursively$8(NodeTestTask.java:141) ~[junit-platform-engine-1.10.1.jar:1.10.1]
	at org.junit.platform.engine.support.hierarchical.Node.around(Node.java:137) ~[junit-platform-engine-1.10.1.jar:1.10.1]
	at org.junit.platform.engine.support.hierarchical.NodeTestTask.lambda$executeRecursively$9(NodeTestTask.java:139) ~[junit-platform-engine-1.10.1.jar:1.10.1]
	at org.junit.platform.engine.support.hierarchical.ThrowableCollector.execute(ThrowableCollector.java:73) ~[junit-platform-engine-1.10.1.jar:1.10.1]
	at org.junit.platform.engine.support.hierarchical.NodeTestTask.executeRecursively(NodeTestTask.java:138) ~[junit-platform-engine-1.10.1.jar:1.10.1]
	at org.junit.platform.engine.support.hierarchical.NodeTestTask.execute(NodeTestTask.java:95) ~[junit-platform-engine-1.10.1.jar:1.10.1]
	at java.base/java.util.ArrayList.forEach(ArrayList.java:1511) ~[na:na]
	at org.junit.platform.engine.support.hierarchical.SameThreadHierarchicalTestExecutorService.invokeAll(SameThreadHierarchicalTestExecutorService.java:41) ~[junit-platform-engine-1.10.1.jar:1.10.1]
	at org.junit.platform.engine.support.hierarchical.NodeTestTask.lambda$executeRecursively$6(NodeTestTask.java:155) ~[junit-platform-engine-1.10.1.jar:1.10.1]
	at org.junit.platform.engine.support.hierarchical.ThrowableCollector.execute(ThrowableCollector.java:73) ~[junit-platform-engine-1.10.1.jar:1.10.1]
	at org.junit.platform.engine.support.hierarchical.NodeTestTask.lambda$executeRecursively$8(NodeTestTask.java:141) ~[junit-platform-engine-1.10.1.jar:1.10.1]
	at org.junit.platform.engine.support.hierarchical.Node.around(Node.java:137) ~[junit-platform-engine-1.10.1.jar:1.10.1]
	at org.junit.platform.engine.support.hierarchical.NodeTestTask.lambda$executeRecursively$9(NodeTestTask.java:139) ~[junit-platform-engine-1.10.1.jar:1.10.1]
	at org.junit.platform.engine.support.hierarchical.ThrowableCollector.execute(ThrowableCollector.java:73) ~[junit-platform-engine-1.10.1.jar:1.10.1]
	at org.junit.platform.engine.support.hierarchical.NodeTestTask.executeRecursively(NodeTestTask.java:138) ~[junit-platform-engine-1.10.1.jar:1.10.1]
	at org.junit.platform.engine.support.hierarchical.NodeTestTask.execute(NodeTestTask.java:95) ~[junit-platform-engine-1.10.1.jar:1.10.1]
	at java.base/java.util.ArrayList.forEach(ArrayList.java:1511) ~[na:na]
	at org.junit.platform.engine.support.hierarchical.SameThreadHierarchicalTestExecutorService.invokeAll(SameThreadHierarchicalTestExecutorService.java:41) ~[junit-platform-engine-1.10.1.jar:1.10.1]
	at org.junit.platform.engine.support.hierarchical.NodeTestTask.lambda$executeRecursively$6(NodeTestTask.java:155) ~[junit-platform-engine-1.10.1.jar:1.10.1]
	at org.junit.platform.engine.support.hierarchical.ThrowableCollector.execute(ThrowableCollector.java:73) ~[junit-platform-engine-1.10.1.jar:1.10.1]
	at org.junit.platform.engine.support.hierarchical.NodeTestTask.lambda$executeRecursively$8(NodeTestTask.java:141) ~[junit-platform-engine-1.10.1.jar:1.10.1]
	at org.junit.platform.engine.support.hierarchical.Node.around(Node.java:137) ~[junit-platform-engine-1.10.1.jar:1.10.1]
	at org.junit.platform.engine.support.hierarchical.NodeTestTask.lambda$executeRecursively$9(NodeTestTask.java:139) ~[junit-platform-engine-1.10.1.jar:1.10.1]
	at org.junit.platform.engine.support.hierarchical.ThrowableCollector.execute(ThrowableCollector.java:73) ~[junit-platform-engine-1.10.1.jar:1.10.1]
	at org.junit.platform.engine.support.hierarchical.NodeTestTask.executeRecursively(NodeTestTask.java:138) ~[junit-platform-engine-1.10.1.jar:1.10.1]
	at org.junit.platform.engine.support.hierarchical.NodeTestTask.execute(NodeTestTask.java:95) ~[junit-platform-engine-1.10.1.jar:1.10.1]
	at org.junit.platform.engine.support.hierarchical.SameThreadHierarchicalTestExecutorService.submit(SameThreadHierarchicalTestExecutorService.java:35) ~[junit-platform-engine-1.10.1.jar:1.10.1]
	at org.junit.platform.engine.support.hierarchical.HierarchicalTestExecutor.execute(HierarchicalTestExecutor.java:57) ~[junit-platform-engine-1.10.1.jar:1.10.1]
	at org.junit.platform.engine.support.hierarchical.HierarchicalTestEngine.execute(HierarchicalTestEngine.java:54) ~[junit-platform-engine-1.10.1.jar:1.10.1]
	at org.junit.platform.launcher.core.EngineExecutionOrchestrator.execute(EngineExecutionOrchestrator.java:198) ~[junit-platform-launcher-1.10.1.jar:1.10.1]
	at org.junit.platform.launcher.core.EngineExecutionOrchestrator.execute(EngineExecutionOrchestrator.java:169) ~[junit-platform-launcher-1.10.1.jar:1.10.1]
	at org.junit.platform.launcher.core.EngineExecutionOrchestrator.execute(EngineExecutionOrchestrator.java:93) ~[junit-platform-launcher-1.10.1.jar:1.10.1]
	at org.junit.platform.launcher.core.EngineExecutionOrchestrator.lambda$execute$0(EngineExecutionOrchestrator.java:58) ~[junit-platform-launcher-1.10.1.jar:1.10.1]
	at org.junit.platform.launcher.core.EngineExecutionOrchestrator.withInterceptedStreams(EngineExecutionOrchestrator.java:141) ~[junit-platform-launcher-1.10.1.jar:1.10.1]
	at org.junit.platform.launcher.core.EngineExecutionOrchestrator.execute(EngineExecutionOrchestrator.java:57) ~[junit-platform-launcher-1.10.1.jar:1.10.1]
	at org.junit.platform.launcher.core.DefaultLauncher.execute(DefaultLauncher.java:103) ~[junit-platform-launcher-1.10.1.jar:1.10.1]
	at org.junit.platform.launcher.core.DefaultLauncher.execute(DefaultLauncher.java:85) ~[junit-platform-launcher-1.10.1.jar:1.10.1]
	at org.junit.platform.launcher.core.DelegatingLauncher.execute(DelegatingLauncher.java:47) ~[junit-platform-launcher-1.10.1.jar:1.10.1]
	at org.apache.maven.surefire.junitplatform.LazyLauncher.execute(LazyLauncher.java:56) ~[surefire-junit-platform-3.1.2.jar:3.1.2]
	at org.apache.maven.surefire.junitplatform.JUnitPlatformProvider.execute(JUnitPlatformProvider.java:184) ~[surefire-junit-platform-3.1.2.jar:3.1.2]
	at org.apache.maven.surefire.junitplatform.JUnitPlatformProvider.invokeAllTests(JUnitPlatformProvider.java:148) ~[surefire-junit-platform-3.1.2.jar:3.1.2]
	at org.apache.maven.surefire.junitplatform.JUnitPlatformProvider.invoke(JUnitPlatformProvider.java:122) ~[surefire-junit-platform-3.1.2.jar:3.1.2]
	at org.apache.maven.surefire.booter.ForkedBooter.runSuitesInProcess(ForkedBooter.java:385) ~[surefire-booter-3.1.2.jar:3.1.2]
	at org.apache.maven.surefire.booter.ForkedBooter.execute(ForkedBooter.java:162) ~[surefire-booter-3.1.2.jar:3.1.2]
	at org.apache.maven.surefire.booter.ForkedBooter.run(ForkedBooter.java:507) ~[surefire-booter-3.1.2.jar:3.1.2]
	at org.apache.maven.surefire.booter.ForkedBooter.main(ForkedBooter.java:495) ~[surefire-booter-3.1.2.jar:3.1.2]
2026-04-23 01:22:31.969 INFO  [main] b.s.s.impl.OrderBusinessServiceImpl - Updating order status: orderId=1, status=COMPLETED
2026-04-23 01:22:31.973 INFO  [main] b.s.s.impl.OrderBusinessServiceImpl - Order status updated successfully
2026-04-23 01:22:31.977 INFO  [main] b.s.s.impl.OrderBusinessServiceImpl - Getting orders by customer from data-service: customerId=1
2026-04-23 01:22:31.978 ERROR [main] b.s.s.impl.OrderBusinessServiceImpl - Error getting orders by customer 1: API Error
java.lang.RuntimeException: API Error
	at by.step.service.impl.OrderBusinessServiceImpl.getOrdersByCustomer(OrderBusinessServiceImpl.java:97) ~[classes/:na]
	at by.step.service.OrderBusinessServiceTest.getOrdersByCustomer_WhenException_ReturnsEmptyList(OrderBusinessServiceTest.java:275) ~[test-classes/:na]
	at java.base/jdk.internal.reflect.NativeMethodAccessorImpl.invoke0(Native Method) ~[na:na]
	at java.base/jdk.internal.reflect.NativeMethodAccessorImpl.invoke(NativeMethodAccessorImpl.java:77) ~[na:na]
	at java.base/jdk.internal.reflect.DelegatingMethodAccessorImpl.invoke(DelegatingMethodAccessorImpl.java:43) ~[na:na]
	at java.base/java.lang.reflect.Method.invoke(Method.java:569) ~[na:na]
	at org.junit.platform.commons.util.ReflectionUtils.invokeMethod(ReflectionUtils.java:728) ~[junit-platform-commons-1.10.1.jar:1.10.1]
	at org.junit.jupiter.engine.execution.MethodInvocation.proceed(MethodInvocation.java:60) ~[junit-jupiter-engine-5.10.1.jar:5.10.1]
	at org.junit.jupiter.engine.execution.InvocationInterceptorChain$ValidatingInvocation.proceed(InvocationInterceptorChain.java:131) ~[junit-jupiter-engine-5.10.1.jar:5.10.1]
	at org.junit.jupiter.engine.extension.TimeoutExtension.intercept(TimeoutExtension.java:156) ~[junit-jupiter-engine-5.10.1.jar:5.10.1]
	at org.junit.jupiter.engine.extension.TimeoutExtension.interceptTestableMethod(TimeoutExtension.java:147) ~[junit-jupiter-engine-5.10.1.jar:5.10.1]
	at org.junit.jupiter.engine.extension.TimeoutExtension.interceptTestMethod(TimeoutExtension.java:86) ~[junit-jupiter-engine-5.10.1.jar:5.10.1]
	at org.junit.jupiter.engine.execution.InterceptingExecutableInvoker$ReflectiveInterceptorCall.lambda$ofVoidMethod$0(InterceptingExecutableInvoker.java:103) ~[junit-jupiter-engine-5.10.1.jar:5.10.1]
	at org.junit.jupiter.engine.execution.InterceptingExecutableInvoker.lambda$invoke$0(InterceptingExecutableInvoker.java:93) ~[junit-jupiter-engine-5.10.1.jar:5.10.1]
	at org.junit.jupiter.engine.execution.InvocationInterceptorChain$InterceptedInvocation.proceed(InvocationInterceptorChain.java:106) ~[junit-jupiter-engine-5.10.1.jar:5.10.1]
	at org.junit.jupiter.engine.execution.InvocationInterceptorChain.proceed(InvocationInterceptorChain.java:64) ~[junit-jupiter-engine-5.10.1.jar:5.10.1]
	at org.junit.jupiter.engine.execution.InvocationInterceptorChain.chainAndInvoke(InvocationInterceptorChain.java:45) ~[junit-jupiter-engine-5.10.1.jar:5.10.1]
	at org.junit.jupiter.engine.execution.InvocationInterceptorChain.invoke(InvocationInterceptorChain.java:37) ~[junit-jupiter-engine-5.10.1.jar:5.10.1]
	at org.junit.jupiter.engine.execution.InterceptingExecutableInvoker.invoke(InterceptingExecutableInvoker.java:92) ~[junit-jupiter-engine-5.10.1.jar:5.10.1]
	at org.junit.jupiter.engine.execution.InterceptingExecutableInvoker.invoke(InterceptingExecutableInvoker.java:86) ~[junit-jupiter-engine-5.10.1.jar:5.10.1]
	at org.junit.jupiter.engine.descriptor.TestMethodTestDescriptor.lambda$invokeTestMethod$7(TestMethodTestDescriptor.java:218) ~[junit-jupiter-engine-5.10.1.jar:5.10.1]
	at org.junit.platform.engine.support.hierarchical.ThrowableCollector.execute(ThrowableCollector.java:73) ~[junit-platform-engine-1.10.1.jar:1.10.1]
	at org.junit.jupiter.engine.descriptor.TestMethodTestDescriptor.invokeTestMethod(TestMethodTestDescriptor.java:214) ~[junit-jupiter-engine-5.10.1.jar:5.10.1]
	at org.junit.jupiter.engine.descriptor.TestMethodTestDescriptor.execute(TestMethodTestDescriptor.java:139) ~[junit-jupiter-engine-5.10.1.jar:5.10.1]
	at org.junit.jupiter.engine.descriptor.TestMethodTestDescriptor.execute(TestMethodTestDescriptor.java:69) ~[junit-jupiter-engine-5.10.1.jar:5.10.1]
	at org.junit.platform.engine.support.hierarchical.NodeTestTask.lambda$executeRecursively$6(NodeTestTask.java:151) ~[junit-platform-engine-1.10.1.jar:1.10.1]
	at org.junit.platform.engine.support.hierarchical.ThrowableCollector.execute(ThrowableCollector.java:73) ~[junit-platform-engine-1.10.1.jar:1.10.1]
	at org.junit.platform.engine.support.hierarchical.NodeTestTask.lambda$executeRecursively$8(NodeTestTask.java:141) ~[junit-platform-engine-1.10.1.jar:1.10.1]
	at org.junit.platform.engine.support.hierarchical.Node.around(Node.java:137) ~[junit-platform-engine-1.10.1.jar:1.10.1]
	at org.junit.platform.engine.support.hierarchical.NodeTestTask.lambda$executeRecursively$9(NodeTestTask.java:139) ~[junit-platform-engine-1.10.1.jar:1.10.1]
	at org.junit.platform.engine.support.hierarchical.ThrowableCollector.execute(ThrowableCollector.java:73) ~[junit-platform-engine-1.10.1.jar:1.10.1]
	at org.junit.platform.engine.support.hierarchical.NodeTestTask.executeRecursively(NodeTestTask.java:138) ~[junit-platform-engine-1.10.1.jar:1.10.1]
	at org.junit.platform.engine.support.hierarchical.NodeTestTask.execute(NodeTestTask.java:95) ~[junit-platform-engine-1.10.1.jar:1.10.1]
	at java.base/java.util.ArrayList.forEach(ArrayList.java:1511) ~[na:na]
	at org.junit.platform.engine.support.hierarchical.SameThreadHierarchicalTestExecutorService.invokeAll(SameThreadHierarchicalTestExecutorService.java:41) ~[junit-platform-engine-1.10.1.jar:1.10.1]
	at org.junit.platform.engine.support.hierarchical.NodeTestTask.lambda$executeRecursively$6(NodeTestTask.java:155) ~[junit-platform-engine-1.10.1.jar:1.10.1]
	at org.junit.platform.engine.support.hierarchical.ThrowableCollector.execute(ThrowableCollector.java:73) ~[junit-platform-engine-1.10.1.jar:1.10.1]
	at org.junit.platform.engine.support.hierarchical.NodeTestTask.lambda$executeRecursively$8(NodeTestTask.java:141) ~[junit-platform-engine-1.10.1.jar:1.10.1]
	at org.junit.platform.engine.support.hierarchical.Node.around(Node.java:137) ~[junit-platform-engine-1.10.1.jar:1.10.1]
	at org.junit.platform.engine.support.hierarchical.NodeTestTask.lambda$executeRecursively$9(NodeTestTask.java:139) ~[junit-platform-engine-1.10.1.jar:1.10.1]
	at org.junit.platform.engine.support.hierarchical.ThrowableCollector.execute(ThrowableCollector.java:73) ~[junit-platform-engine-1.10.1.jar:1.10.1]
	at org.junit.platform.engine.support.hierarchical.NodeTestTask.executeRecursively(NodeTestTask.java:138) ~[junit-platform-engine-1.10.1.jar:1.10.1]
	at org.junit.platform.engine.support.hierarchical.NodeTestTask.execute(NodeTestTask.java:95) ~[junit-platform-engine-1.10.1.jar:1.10.1]
	at java.base/java.util.ArrayList.forEach(ArrayList.java:1511) ~[na:na]
	at org.junit.platform.engine.support.hierarchical.SameThreadHierarchicalTestExecutorService.invokeAll(SameThreadHierarchicalTestExecutorService.java:41) ~[junit-platform-engine-1.10.1.jar:1.10.1]
	at org.junit.platform.engine.support.hierarchical.NodeTestTask.lambda$executeRecursively$6(NodeTestTask.java:155) ~[junit-platform-engine-1.10.1.jar:1.10.1]
	at org.junit.platform.engine.support.hierarchical.ThrowableCollector.execute(ThrowableCollector.java:73) ~[junit-platform-engine-1.10.1.jar:1.10.1]
	at org.junit.platform.engine.support.hierarchical.NodeTestTask.lambda$executeRecursively$8(NodeTestTask.java:141) ~[junit-platform-engine-1.10.1.jar:1.10.1]
	at org.junit.platform.engine.support.hierarchical.Node.around(Node.java:137) ~[junit-platform-engine-1.10.1.jar:1.10.1]
	at org.junit.platform.engine.support.hierarchical.NodeTestTask.lambda$executeRecursively$9(NodeTestTask.java:139) ~[junit-platform-engine-1.10.1.jar:1.10.1]
	at org.junit.platform.engine.support.hierarchical.ThrowableCollector.execute(ThrowableCollector.java:73) ~[junit-platform-engine-1.10.1.jar:1.10.1]
	at org.junit.platform.engine.support.hierarchical.NodeTestTask.executeRecursively(NodeTestTask.java:138) ~[junit-platform-engine-1.10.1.jar:1.10.1]
	at org.junit.platform.engine.support.hierarchical.NodeTestTask.execute(NodeTestTask.java:95) ~[junit-platform-engine-1.10.1.jar:1.10.1]
	at org.junit.platform.engine.support.hierarchical.SameThreadHierarchicalTestExecutorService.submit(SameThreadHierarchicalTestExecutorService.java:35) ~[junit-platform-engine-1.10.1.jar:1.10.1]
	at org.junit.platform.engine.support.hierarchical.HierarchicalTestExecutor.execute(HierarchicalTestExecutor.java:57) ~[junit-platform-engine-1.10.1.jar:1.10.1]
	at org.junit.platform.engine.support.hierarchical.HierarchicalTestEngine.execute(HierarchicalTestEngine.java:54) ~[junit-platform-engine-1.10.1.jar:1.10.1]
	at org.junit.platform.launcher.core.EngineExecutionOrchestrator.execute(EngineExecutionOrchestrator.java:198) ~[junit-platform-launcher-1.10.1.jar:1.10.1]
	at org.junit.platform.launcher.core.EngineExecutionOrchestrator.execute(EngineExecutionOrchestrator.java:169) ~[junit-platform-launcher-1.10.1.jar:1.10.1]
	at org.junit.platform.launcher.core.EngineExecutionOrchestrator.execute(EngineExecutionOrchestrator.java:93) ~[junit-platform-launcher-1.10.1.jar:1.10.1]
	at org.junit.platform.launcher.core.EngineExecutionOrchestrator.lambda$execute$0(EngineExecutionOrchestrator.java:58) ~[junit-platform-launcher-1.10.1.jar:1.10.1]
	at org.junit.platform.launcher.core.EngineExecutionOrchestrator.withInterceptedStreams(EngineExecutionOrchestrator.java:141) ~[junit-platform-launcher-1.10.1.jar:1.10.1]
	at org.junit.platform.launcher.core.EngineExecutionOrchestrator.execute(EngineExecutionOrchestrator.java:57) ~[junit-platform-launcher-1.10.1.jar:1.10.1]
	at org.junit.platform.launcher.core.DefaultLauncher.execute(DefaultLauncher.java:103) ~[junit-platform-launcher-1.10.1.jar:1.10.1]
	at org.junit.platform.launcher.core.DefaultLauncher.execute(DefaultLauncher.java:85) ~[junit-platform-launcher-1.10.1.jar:1.10.1]
	at org.junit.platform.launcher.core.DelegatingLauncher.execute(DelegatingLauncher.java:47) ~[junit-platform-launcher-1.10.1.jar:1.10.1]
	at org.apache.maven.surefire.junitplatform.LazyLauncher.execute(LazyLauncher.java:56) ~[surefire-junit-platform-3.1.2.jar:3.1.2]
	at org.apache.maven.surefire.junitplatform.JUnitPlatformProvider.execute(JUnitPlatformProvider.java:184) ~[surefire-junit-platform-3.1.2.jar:3.1.2]
	at org.apache.maven.surefire.junitplatform.JUnitPlatformProvider.invokeAllTests(JUnitPlatformProvider.java:148) ~[surefire-junit-platform-3.1.2.jar:3.1.2]
	at org.apache.maven.surefire.junitplatform.JUnitPlatformProvider.invoke(JUnitPlatformProvider.java:122) ~[surefire-junit-platform-3.1.2.jar:3.1.2]
	at org.apache.maven.surefire.booter.ForkedBooter.runSuitesInProcess(ForkedBooter.java:385) ~[surefire-booter-3.1.2.jar:3.1.2]
	at org.apache.maven.surefire.booter.ForkedBooter.execute(ForkedBooter.java:162) ~[surefire-booter-3.1.2.jar:3.1.2]
	at org.apache.maven.surefire.booter.ForkedBooter.run(ForkedBooter.java:507) ~[surefire-booter-3.1.2.jar:3.1.2]
	at org.apache.maven.surefire.booter.ForkedBooter.main(ForkedBooter.java:495) ~[surefire-booter-3.1.2.jar:3.1.2]
2026-04-23 01:22:31.988 INFO  [main] b.s.s.impl.OrderBusinessServiceImpl - Creating order: customerId=1, artistId=2, price=1000
2026-04-23 01:22:31.990 INFO  [main] b.s.s.impl.OrderBusinessServiceImpl - Order created successfully: OrderDto(id=1, customerId=1, customerName=ivan, artistId=2, artistName=petr, status=IN_PROGRESS, description=Test order, price=1000, finalFileUrl=null, createdAt=2026-04-23T01:22:31.987620081, completedAt=null)
2026-04-23 01:22:32.006 INFO  [main] b.s.s.impl.OrderBusinessServiceImpl - Updating final file: orderId=1, fileUrl=new-file.png
2026-04-23 01:22:32.007 INFO  [main] b.s.s.impl.OrderBusinessServiceImpl - Final file updated successfully
2026-04-23 01:22:32.010 INFO  [main] b.s.s.impl.OrderBusinessServiceImpl - Getting orders by customer from data-service: customerId=1
2026-04-23 01:22:32.015 INFO  [main] b.s.s.impl.OrderBusinessServiceImpl - Getting orders by artist from data-service: artistId=2
2026-04-23 01:22:32.016 ERROR [main] b.s.s.impl.OrderBusinessServiceImpl - Error getting orders by artist 2: API Error
java.lang.RuntimeException: API Error
	at by.step.service.impl.OrderBusinessServiceImpl.getOrdersByArtist(OrderBusinessServiceImpl.java:120) ~[classes/:na]
	at by.step.service.OrderBusinessServiceTest.getOrdersByArtist_WhenException_ReturnsEmptyList(OrderBusinessServiceTest.java:286) ~[test-classes/:na]
	at java.base/jdk.internal.reflect.NativeMethodAccessorImpl.invoke0(Native Method) ~[na:na]
	at java.base/jdk.internal.reflect.NativeMethodAccessorImpl.invoke(NativeMethodAccessorImpl.java:77) ~[na:na]
	at java.base/jdk.internal.reflect.DelegatingMethodAccessorImpl.invoke(DelegatingMethodAccessorImpl.java:43) ~[na:na]
	at java.base/java.lang.reflect.Method.invoke(Method.java:569) ~[na:na]
	at org.junit.platform.commons.util.ReflectionUtils.invokeMethod(ReflectionUtils.java:728) ~[junit-platform-commons-1.10.1.jar:1.10.1]
	at org.junit.jupiter.engine.execution.MethodInvocation.proceed(MethodInvocation.java:60) ~[junit-jupiter-engine-5.10.1.jar:5.10.1]
	at org.junit.jupiter.engine.execution.InvocationInterceptorChain$ValidatingInvocation.proceed(InvocationInterceptorChain.java:131) ~[junit-jupiter-engine-5.10.1.jar:5.10.1]
	at org.junit.jupiter.engine.extension.TimeoutExtension.intercept(TimeoutExtension.java:156) ~[junit-jupiter-engine-5.10.1.jar:5.10.1]
	at org.junit.jupiter.engine.extension.TimeoutExtension.interceptTestableMethod(TimeoutExtension.java:147) ~[junit-jupiter-engine-5.10.1.jar:5.10.1]
	at org.junit.jupiter.engine.extension.TimeoutExtension.interceptTestMethod(TimeoutExtension.java:86) ~[junit-jupiter-engine-5.10.1.jar:5.10.1]
	at org.junit.jupiter.engine.execution.InterceptingExecutableInvoker$ReflectiveInterceptorCall.lambda$ofVoidMethod$0(InterceptingExecutableInvoker.java:103) ~[junit-jupiter-engine-5.10.1.jar:5.10.1]
	at org.junit.jupiter.engine.execution.InterceptingExecutableInvoker.lambda$invoke$0(InterceptingExecutableInvoker.java:93) ~[junit-jupiter-engine-5.10.1.jar:5.10.1]
	at org.junit.jupiter.engine.execution.InvocationInterceptorChain$InterceptedInvocation.proceed(InvocationInterceptorChain.java:106) ~[junit-jupiter-engine-5.10.1.jar:5.10.1]
	at org.junit.jupiter.engine.execution.InvocationInterceptorChain.proceed(InvocationInterceptorChain.java:64) ~[junit-jupiter-engine-5.10.1.jar:5.10.1]
	at org.junit.jupiter.engine.execution.InvocationInterceptorChain.chainAndInvoke(InvocationInterceptorChain.java:45) ~[junit-jupiter-engine-5.10.1.jar:5.10.1]
	at org.junit.jupiter.engine.execution.InvocationInterceptorChain.invoke(InvocationInterceptorChain.java:37) ~[junit-jupiter-engine-5.10.1.jar:5.10.1]
	at org.junit.jupiter.engine.execution.InterceptingExecutableInvoker.invoke(InterceptingExecutableInvoker.java:92) ~[junit-jupiter-engine-5.10.1.jar:5.10.1]
	at org.junit.jupiter.engine.execution.InterceptingExecutableInvoker.invoke(InterceptingExecutableInvoker.java:86) ~[junit-jupiter-engine-5.10.1.jar:5.10.1]
	at org.junit.jupiter.engine.descriptor.TestMethodTestDescriptor.lambda$invokeTestMethod$7(TestMethodTestDescriptor.java:218) ~[junit-jupiter-engine-5.10.1.jar:5.10.1]
	at org.junit.platform.engine.support.hierarchical.ThrowableCollector.execute(ThrowableCollector.java:73) ~[junit-platform-engine-1.10.1.jar:1.10.1]
	at org.junit.jupiter.engine.descriptor.TestMethodTestDescriptor.invokeTestMethod(TestMethodTestDescriptor.java:214) ~[junit-jupiter-engine-5.10.1.jar:5.10.1]
	at org.junit.jupiter.engine.descriptor.TestMethodTestDescriptor.execute(TestMethodTestDescriptor.java:139) ~[junit-jupiter-engine-5.10.1.jar:5.10.1]
	at org.junit.jupiter.engine.descriptor.TestMethodTestDescriptor.execute(TestMethodTestDescriptor.java:69) ~[junit-jupiter-engine-5.10.1.jar:5.10.1]
	at org.junit.platform.engine.support.hierarchical.NodeTestTask.lambda$executeRecursively$6(NodeTestTask.java:151) ~[junit-platform-engine-1.10.1.jar:1.10.1]
	at org.junit.platform.engine.support.hierarchical.ThrowableCollector.execute(ThrowableCollector.java:73) ~[junit-platform-engine-1.10.1.jar:1.10.1]
	at org.junit.platform.engine.support.hierarchical.NodeTestTask.lambda$executeRecursively$8(NodeTestTask.java:141) ~[junit-platform-engine-1.10.1.jar:1.10.1]
	at org.junit.platform.engine.support.hierarchical.Node.around(Node.java:137) ~[junit-platform-engine-1.10.1.jar:1.10.1]
	at org.junit.platform.engine.support.hierarchical.NodeTestTask.lambda$executeRecursively$9(NodeTestTask.java:139) ~[junit-platform-engine-1.10.1.jar:1.10.1]
	at org.junit.platform.engine.support.hierarchical.ThrowableCollector.execute(ThrowableCollector.java:73) ~[junit-platform-engine-1.10.1.jar:1.10.1]
	at org.junit.platform.engine.support.hierarchical.NodeTestTask.executeRecursively(NodeTestTask.java:138) ~[junit-platform-engine-1.10.1.jar:1.10.1]
	at org.junit.platform.engine.support.hierarchical.NodeTestTask.execute(NodeTestTask.java:95) ~[junit-platform-engine-1.10.1.jar:1.10.1]
	at java.base/java.util.ArrayList.forEach(ArrayList.java:1511) ~[na:na]
	at org.junit.platform.engine.support.hierarchical.SameThreadHierarchicalTestExecutorService.invokeAll(SameThreadHierarchicalTestExecutorService.java:41) ~[junit-platform-engine-1.10.1.jar:1.10.1]
	at org.junit.platform.engine.support.hierarchical.NodeTestTask.lambda$executeRecursively$6(NodeTestTask.java:155) ~[junit-platform-engine-1.10.1.jar:1.10.1]
	at org.junit.platform.engine.support.hierarchical.ThrowableCollector.execute(ThrowableCollector.java:73) ~[junit-platform-engine-1.10.1.jar:1.10.1]
	at org.junit.platform.engine.support.hierarchical.NodeTestTask.lambda$executeRecursively$8(NodeTestTask.java:141) ~[junit-platform-engine-1.10.1.jar:1.10.1]
	at org.junit.platform.engine.support.hierarchical.Node.around(Node.java:137) ~[junit-platform-engine-1.10.1.jar:1.10.1]
	at org.junit.platform.engine.support.hierarchical.NodeTestTask.lambda$executeRecursively$9(NodeTestTask.java:139) ~[junit-platform-engine-1.10.1.jar:1.10.1]
	at org.junit.platform.engine.support.hierarchical.ThrowableCollector.execute(ThrowableCollector.java:73) ~[junit-platform-engine-1.10.1.jar:1.10.1]
	at org.junit.platform.engine.support.hierarchical.NodeTestTask.executeRecursively(NodeTestTask.java:138) ~[junit-platform-engine-1.10.1.jar:1.10.1]
	at org.junit.platform.engine.support.hierarchical.NodeTestTask.execute(NodeTestTask.java:95) ~[junit-platform-engine-1.10.1.jar:1.10.1]
	at java.base/java.util.ArrayList.forEach(ArrayList.java:1511) ~[na:na]
	at org.junit.platform.engine.support.hierarchical.SameThreadHierarchicalTestExecutorService.invokeAll(SameThreadHierarchicalTestExecutorService.java:41) ~[junit-platform-engine-1.10.1.jar:1.10.1]
	at org.junit.platform.engine.support.hierarchical.NodeTestTask.lambda$executeRecursively$6(NodeTestTask.java:155) ~[junit-platform-engine-1.10.1.jar:1.10.1]
	at org.junit.platform.engine.support.hierarchical.ThrowableCollector.execute(ThrowableCollector.java:73) ~[junit-platform-engine-1.10.1.jar:1.10.1]
	at org.junit.platform.engine.support.hierarchical.NodeTestTask.lambda$executeRecursively$8(NodeTestTask.java:141) ~[junit-platform-engine-1.10.1.jar:1.10.1]
	at org.junit.platform.engine.support.hierarchical.Node.around(Node.java:137) ~[junit-platform-engine-1.10.1.jar:1.10.1]
	at org.junit.platform.engine.support.hierarchical.NodeTestTask.lambda$executeRecursively$9(NodeTestTask.java:139) ~[junit-platform-engine-1.10.1.jar:1.10.1]
	at org.junit.platform.engine.support.hierarchical.ThrowableCollector.execute(ThrowableCollector.java:73) ~[junit-platform-engine-1.10.1.jar:1.10.1]
	at org.junit.platform.engine.support.hierarchical.NodeTestTask.executeRecursively(NodeTestTask.java:138) ~[junit-platform-engine-1.10.1.jar:1.10.1]
	at org.junit.platform.engine.support.hierarchical.NodeTestTask.execute(NodeTestTask.java:95) ~[junit-platform-engine-1.10.1.jar:1.10.1]
	at org.junit.platform.engine.support.hierarchical.SameThreadHierarchicalTestExecutorService.submit(SameThreadHierarchicalTestExecutorService.java:35) ~[junit-platform-engine-1.10.1.jar:1.10.1]
	at org.junit.platform.engine.support.hierarchical.HierarchicalTestExecutor.execute(HierarchicalTestExecutor.java:57) ~[junit-platform-engine-1.10.1.jar:1.10.1]
	at org.junit.platform.engine.support.hierarchical.HierarchicalTestEngine.execute(HierarchicalTestEngine.java:54) ~[junit-platform-engine-1.10.1.jar:1.10.1]
	at org.junit.platform.launcher.core.EngineExecutionOrchestrator.execute(EngineExecutionOrchestrator.java:198) ~[junit-platform-launcher-1.10.1.jar:1.10.1]
	at org.junit.platform.launcher.core.EngineExecutionOrchestrator.execute(EngineExecutionOrchestrator.java:169) ~[junit-platform-launcher-1.10.1.jar:1.10.1]
	at org.junit.platform.launcher.core.EngineExecutionOrchestrator.execute(EngineExecutionOrchestrator.java:93) ~[junit-platform-launcher-1.10.1.jar:1.10.1]
	at org.junit.platform.launcher.core.EngineExecutionOrchestrator.lambda$execute$0(EngineExecutionOrchestrator.java:58) ~[junit-platform-launcher-1.10.1.jar:1.10.1]
	at org.junit.platform.launcher.core.EngineExecutionOrchestrator.withInterceptedStreams(EngineExecutionOrchestrator.java:141) ~[junit-platform-launcher-1.10.1.jar:1.10.1]
	at org.junit.platform.launcher.core.EngineExecutionOrchestrator.execute(EngineExecutionOrchestrator.java:57) ~[junit-platform-launcher-1.10.1.jar:1.10.1]
	at org.junit.platform.launcher.core.DefaultLauncher.execute(DefaultLauncher.java:103) ~[junit-platform-launcher-1.10.1.jar:1.10.1]
	at org.junit.platform.launcher.core.DefaultLauncher.execute(DefaultLauncher.java:85) ~[junit-platform-launcher-1.10.1.jar:1.10.1]
	at org.junit.platform.launcher.core.DelegatingLauncher.execute(DelegatingLauncher.java:47) ~[junit-platform-launcher-1.10.1.jar:1.10.1]
	at org.apache.maven.surefire.junitplatform.LazyLauncher.execute(LazyLauncher.java:56) ~[surefire-junit-platform-3.1.2.jar:3.1.2]
	at org.apache.maven.surefire.junitplatform.JUnitPlatformProvider.execute(JUnitPlatformProvider.java:184) ~[surefire-junit-platform-3.1.2.jar:3.1.2]
	at org.apache.maven.surefire.junitplatform.JUnitPlatformProvider.invokeAllTests(JUnitPlatformProvider.java:148) ~[surefire-junit-platform-3.1.2.jar:3.1.2]
	at org.apache.maven.surefire.junitplatform.JUnitPlatformProvider.invoke(JUnitPlatformProvider.java:122) ~[surefire-junit-platform-3.1.2.jar:3.1.2]
	at org.apache.maven.surefire.booter.ForkedBooter.runSuitesInProcess(ForkedBooter.java:385) ~[surefire-booter-3.1.2.jar:3.1.2]
	at org.apache.maven.surefire.booter.ForkedBooter.execute(ForkedBooter.java:162) ~[surefire-booter-3.1.2.jar:3.1.2]
	at org.apache.maven.surefire.booter.ForkedBooter.run(ForkedBooter.java:507) ~[surefire-booter-3.1.2.jar:3.1.2]
	at org.apache.maven.surefire.booter.ForkedBooter.main(ForkedBooter.java:495) ~[surefire-booter-3.1.2.jar:3.1.2]
2026-04-23 01:22:32.021 INFO  [main] b.s.s.impl.OrderBusinessServiceImpl - Completing order: orderId=1
2026-04-23 01:22:32.022 INFO  [main] b.s.s.impl.OrderBusinessServiceImpl - Order completed successfully
2026-04-23 01:22:32.030 INFO  [main] b.s.s.impl.OrderBusinessServiceImpl - Updating final file: orderId=1, fileUrl=file.png
2026-04-23 01:22:32.031 ERROR [main] b.s.s.impl.OrderBusinessServiceImpl - Error updating final file: Client error
java.lang.RuntimeException: Client error
	at by.step.service.impl.OrderBusinessServiceImpl.updateFinalFile(OrderBusinessServiceImpl.java:188) ~[classes/:na]
	at by.step.service.OrderBusinessServiceTest.lambda$updateFinalFile_WhenException_ThrowsRuntimeException$6(OrderBusinessServiceTest.java:337) ~[test-classes/:na]
	at org.assertj.core.api.ThrowableAssert.catchThrowable(ThrowableAssert.java:63) ~[assertj-core-3.24.2.jar:na]
	at org.assertj.core.api.AssertionsForClassTypes.catchThrowable(AssertionsForClassTypes.java:892) ~[assertj-core-3.24.2.jar:na]
	at org.assertj.core.api.AssertionsForClassTypes.assertThatThrownBy(AssertionsForClassTypes.java:746) ~[assertj-core-3.24.2.jar:na]
	at by.step.service.OrderBusinessServiceTest.updateFinalFile_WhenException_ThrowsRuntimeException(OrderBusinessServiceTest.java:337) ~[test-classes/:na]
	at java.base/jdk.internal.reflect.NativeMethodAccessorImpl.invoke0(Native Method) ~[na:na]
	at java.base/jdk.internal.reflect.NativeMethodAccessorImpl.invoke(NativeMethodAccessorImpl.java:77) ~[na:na]
	at java.base/jdk.internal.reflect.DelegatingMethodAccessorImpl.invoke(DelegatingMethodAccessorImpl.java:43) ~[na:na]
	at java.base/java.lang.reflect.Method.invoke(Method.java:569) ~[na:na]
	at org.junit.platform.commons.util.ReflectionUtils.invokeMethod(ReflectionUtils.java:728) ~[junit-platform-commons-1.10.1.jar:1.10.1]
	at org.junit.jupiter.engine.execution.MethodInvocation.proceed(MethodInvocation.java:60) ~[junit-jupiter-engine-5.10.1.jar:5.10.1]
	at org.junit.jupiter.engine.execution.InvocationInterceptorChain$ValidatingInvocation.proceed(InvocationInterceptorChain.java:131) ~[junit-jupiter-engine-5.10.1.jar:5.10.1]
	at org.junit.jupiter.engine.extension.TimeoutExtension.intercept(TimeoutExtension.java:156) ~[junit-jupiter-engine-5.10.1.jar:5.10.1]
	at org.junit.jupiter.engine.extension.TimeoutExtension.interceptTestableMethod(TimeoutExtension.java:147) ~[junit-jupiter-engine-5.10.1.jar:5.10.1]
	at org.junit.jupiter.engine.extension.TimeoutExtension.interceptTestMethod(TimeoutExtension.java:86) ~[junit-jupiter-engine-5.10.1.jar:5.10.1]
	at org.junit.jupiter.engine.execution.InterceptingExecutableInvoker$ReflectiveInterceptorCall.lambda$ofVoidMethod$0(InterceptingExecutableInvoker.java:103) ~[junit-jupiter-engine-5.10.1.jar:5.10.1]
	at org.junit.jupiter.engine.execution.InterceptingExecutableInvoker.lambda$invoke$0(InterceptingExecutableInvoker.java:93) ~[junit-jupiter-engine-5.10.1.jar:5.10.1]
	at org.junit.jupiter.engine.execution.InvocationInterceptorChain$InterceptedInvocation.proceed(InvocationInterceptorChain.java:106) ~[junit-jupiter-engine-5.10.1.jar:5.10.1]
	at org.junit.jupiter.engine.execution.InvocationInterceptorChain.proceed(InvocationInterceptorChain.java:64) ~[junit-jupiter-engine-5.10.1.jar:5.10.1]
	at org.junit.jupiter.engine.execution.InvocationInterceptorChain.chainAndInvoke(InvocationInterceptorChain.java:45) ~[junit-jupiter-engine-5.10.1.jar:5.10.1]
	at org.junit.jupiter.engine.execution.InvocationInterceptorChain.invoke(InvocationInterceptorChain.java:37) ~[junit-jupiter-engine-5.10.1.jar:5.10.1]
	at org.junit.jupiter.engine.execution.InterceptingExecutableInvoker.invoke(InterceptingExecutableInvoker.java:92) ~[junit-jupiter-engine-5.10.1.jar:5.10.1]
	at org.junit.jupiter.engine.execution.InterceptingExecutableInvoker.invoke(InterceptingExecutableInvoker.java:86) ~[junit-jupiter-engine-5.10.1.jar:5.10.1]
	at org.junit.jupiter.engine.descriptor.TestMethodTestDescriptor.lambda$invokeTestMethod$7(TestMethodTestDescriptor.java:218) ~[junit-jupiter-engine-5.10.1.jar:5.10.1]
	at org.junit.platform.engine.support.hierarchical.ThrowableCollector.execute(ThrowableCollector.java:73) ~[junit-platform-engine-1.10.1.jar:1.10.1]
	at org.junit.jupiter.engine.descriptor.TestMethodTestDescriptor.invokeTestMethod(TestMethodTestDescriptor.java:214) ~[junit-jupiter-engine-5.10.1.jar:5.10.1]
	at org.junit.jupiter.engine.descriptor.TestMethodTestDescriptor.execute(TestMethodTestDescriptor.java:139) ~[junit-jupiter-engine-5.10.1.jar:5.10.1]
	at org.junit.jupiter.engine.descriptor.TestMethodTestDescriptor.execute(TestMethodTestDescriptor.java:69) ~[junit-jupiter-engine-5.10.1.jar:5.10.1]
	at org.junit.platform.engine.support.hierarchical.NodeTestTask.lambda$executeRecursively$6(NodeTestTask.java:151) ~[junit-platform-engine-1.10.1.jar:1.10.1]
	at org.junit.platform.engine.support.hierarchical.ThrowableCollector.execute(ThrowableCollector.java:73) ~[junit-platform-engine-1.10.1.jar:1.10.1]
	at org.junit.platform.engine.support.hierarchical.NodeTestTask.lambda$executeRecursively$8(NodeTestTask.java:141) ~[junit-platform-engine-1.10.1.jar:1.10.1]
	at org.junit.platform.engine.support.hierarchical.Node.around(Node.java:137) ~[junit-platform-engine-1.10.1.jar:1.10.1]
	at org.junit.platform.engine.support.hierarchical.NodeTestTask.lambda$executeRecursively$9(NodeTestTask.java:139) ~[junit-platform-engine-1.10.1.jar:1.10.1]
	at org.junit.platform.engine.support.hierarchical.ThrowableCollector.execute(ThrowableCollector.java:73) ~[junit-platform-engine-1.10.1.jar:1.10.1]
	at org.junit.platform.engine.support.hierarchical.NodeTestTask.executeRecursively(NodeTestTask.java:138) ~[junit-platform-engine-1.10.1.jar:1.10.1]
	at org.junit.platform.engine.support.hierarchical.NodeTestTask.execute(NodeTestTask.java:95) ~[junit-platform-engine-1.10.1.jar:1.10.1]
	at java.base/java.util.ArrayList.forEach(ArrayList.java:1511) ~[na:na]
	at org.junit.platform.engine.support.hierarchical.SameThreadHierarchicalTestExecutorService.invokeAll(SameThreadHierarchicalTestExecutorService.java:41) ~[junit-platform-engine-1.10.1.jar:1.10.1]
	at org.junit.platform.engine.support.hierarchical.NodeTestTask.lambda$executeRecursively$6(NodeTestTask.java:155) ~[junit-platform-engine-1.10.1.jar:1.10.1]
	at org.junit.platform.engine.support.hierarchical.ThrowableCollector.execute(ThrowableCollector.java:73) ~[junit-platform-engine-1.10.1.jar:1.10.1]
	at org.junit.platform.engine.support.hierarchical.NodeTestTask.lambda$executeRecursively$8(NodeTestTask.java:141) ~[junit-platform-engine-1.10.1.jar:1.10.1]
	at org.junit.platform.engine.support.hierarchical.Node.around(Node.java:137) ~[junit-platform-engine-1.10.1.jar:1.10.1]
	at org.junit.platform.engine.support.hierarchical.NodeTestTask.lambda$executeRecursively$9(NodeTestTask.java:139) ~[junit-platform-engine-1.10.1.jar:1.10.1]
	at org.junit.platform.engine.support.hierarchical.ThrowableCollector.execute(ThrowableCollector.java:73) ~[junit-platform-engine-1.10.1.jar:1.10.1]
	at org.junit.platform.engine.support.hierarchical.NodeTestTask.executeRecursively(NodeTestTask.java:138) ~[junit-platform-engine-1.10.1.jar:1.10.1]
	at org.junit.platform.engine.support.hierarchical.NodeTestTask.execute(NodeTestTask.java:95) ~[junit-platform-engine-1.10.1.jar:1.10.1]
	at java.base/java.util.ArrayList.forEach(ArrayList.java:1511) ~[na:na]
	at org.junit.platform.engine.support.hierarchical.SameThreadHierarchicalTestExecutorService.invokeAll(SameThreadHierarchicalTestExecutorService.java:41) ~[junit-platform-engine-1.10.1.jar:1.10.1]
	at org.junit.platform.engine.support.hierarchical.NodeTestTask.lambda$executeRecursively$6(NodeTestTask.java:155) ~[junit-platform-engine-1.10.1.jar:1.10.1]
	at org.junit.platform.engine.support.hierarchical.ThrowableCollector.execute(ThrowableCollector.java:73) ~[junit-platform-engine-1.10.1.jar:1.10.1]
	at org.junit.platform.engine.support.hierarchical.NodeTestTask.lambda$executeRecursively$8(NodeTestTask.java:141) ~[junit-platform-engine-1.10.1.jar:1.10.1]
	at org.junit.platform.engine.support.hierarchical.Node.around(Node.java:137) ~[junit-platform-engine-1.10.1.jar:1.10.1]
	at org.junit.platform.engine.support.hierarchical.NodeTestTask.lambda$executeRecursively$9(NodeTestTask.java:139) ~[junit-platform-engine-1.10.1.jar:1.10.1]
	at org.junit.platform.engine.support.hierarchical.ThrowableCollector.execute(ThrowableCollector.java:73) ~[junit-platform-engine-1.10.1.jar:1.10.1]
	at org.junit.platform.engine.support.hierarchical.NodeTestTask.executeRecursively(NodeTestTask.java:138) ~[junit-platform-engine-1.10.1.jar:1.10.1]
	at org.junit.platform.engine.support.hierarchical.NodeTestTask.execute(NodeTestTask.java:95) ~[junit-platform-engine-1.10.1.jar:1.10.1]
	at org.junit.platform.engine.support.hierarchical.SameThreadHierarchicalTestExecutorService.submit(SameThreadHierarchicalTestExecutorService.java:35) ~[junit-platform-engine-1.10.1.jar:1.10.1]
	at org.junit.platform.engine.support.hierarchical.HierarchicalTestExecutor.execute(HierarchicalTestExecutor.java:57) ~[junit-platform-engine-1.10.1.jar:1.10.1]
	at org.junit.platform.engine.support.hierarchical.HierarchicalTestEngine.execute(HierarchicalTestEngine.java:54) ~[junit-platform-engine-1.10.1.jar:1.10.1]
	at org.junit.platform.launcher.core.EngineExecutionOrchestrator.execute(EngineExecutionOrchestrator.java:198) ~[junit-platform-launcher-1.10.1.jar:1.10.1]
	at org.junit.platform.launcher.core.EngineExecutionOrchestrator.execute(EngineExecutionOrchestrator.java:169) ~[junit-platform-launcher-1.10.1.jar:1.10.1]
	at org.junit.platform.launcher.core.EngineExecutionOrchestrator.execute(EngineExecutionOrchestrator.java:93) ~[junit-platform-launcher-1.10.1.jar:1.10.1]
	at org.junit.platform.launcher.core.EngineExecutionOrchestrator.lambda$execute$0(EngineExecutionOrchestrator.java:58) ~[junit-platform-launcher-1.10.1.jar:1.10.1]
	at org.junit.platform.launcher.core.EngineExecutionOrchestrator.withInterceptedStreams(EngineExecutionOrchestrator.java:141) ~[junit-platform-launcher-1.10.1.jar:1.10.1]
	at org.junit.platform.launcher.core.EngineExecutionOrchestrator.execute(EngineExecutionOrchestrator.java:57) ~[junit-platform-launcher-1.10.1.jar:1.10.1]
	at org.junit.platform.launcher.core.DefaultLauncher.execute(DefaultLauncher.java:103) ~[junit-platform-launcher-1.10.1.jar:1.10.1]
	at org.junit.platform.launcher.core.DefaultLauncher.execute(DefaultLauncher.java:85) ~[junit-platform-launcher-1.10.1.jar:1.10.1]
	at org.junit.platform.launcher.core.DelegatingLauncher.execute(DelegatingLauncher.java:47) ~[junit-platform-launcher-1.10.1.jar:1.10.1]
	at org.apache.maven.surefire.junitplatform.LazyLauncher.execute(LazyLauncher.java:56) ~[surefire-junit-platform-3.1.2.jar:3.1.2]
	at org.apache.maven.surefire.junitplatform.JUnitPlatformProvider.execute(JUnitPlatformProvider.java:184) ~[surefire-junit-platform-3.1.2.jar:3.1.2]
	at org.apache.maven.surefire.junitplatform.JUnitPlatformProvider.invokeAllTests(JUnitPlatformProvider.java:148) ~[surefire-junit-platform-3.1.2.jar:3.1.2]
	at org.apache.maven.surefire.junitplatform.JUnitPlatformProvider.invoke(JUnitPlatformProvider.java:122) ~[surefire-junit-platform-3.1.2.jar:3.1.2]
	at org.apache.maven.surefire.booter.ForkedBooter.runSuitesInProcess(ForkedBooter.java:385) ~[surefire-booter-3.1.2.jar:3.1.2]
	at org.apache.maven.surefire.booter.ForkedBooter.execute(ForkedBooter.java:162) ~[surefire-booter-3.1.2.jar:3.1.2]
	at org.apache.maven.surefire.booter.ForkedBooter.run(ForkedBooter.java:507) ~[surefire-booter-3.1.2.jar:3.1.2]
	at org.apache.maven.surefire.booter.ForkedBooter.main(ForkedBooter.java:495) ~[surefire-booter-3.1.2.jar:3.1.2]
2026-04-23 01:22:32.039 INFO  [main] b.s.s.impl.OrderBusinessServiceImpl - Getting artist earnings from data-service: artistId=2
2026-04-23 01:22:32.042 INFO  [main] b.s.s.impl.OrderBusinessServiceImpl - Cancelling order: orderId=1
2026-04-23 01:22:32.044 ERROR [main] b.s.s.impl.OrderBusinessServiceImpl - Error cancelling order: Client error
java.lang.RuntimeException: Client error
	at by.step.service.impl.OrderBusinessServiceImpl.cancelOrder(OrderBusinessServiceImpl.java:251) ~[classes/:na]
	at by.step.service.OrderBusinessServiceTest.lambda$cancelOrder_WhenException_ThrowsRuntimeException$4(OrderBusinessServiceTest.java:316) ~[test-classes/:na]
	at org.assertj.core.api.ThrowableAssert.catchThrowable(ThrowableAssert.java:63) ~[assertj-core-3.24.2.jar:na]
	at org.assertj.core.api.AssertionsForClassTypes.catchThrowable(AssertionsForClassTypes.java:892) ~[assertj-core-3.24.2.jar:na]
	at org.assertj.core.api.AssertionsForClassTypes.assertThatThrownBy(AssertionsForClassTypes.java:746) ~[assertj-core-3.24.2.jar:na]
	at by.step.service.OrderBusinessServiceTest.cancelOrder_WhenException_ThrowsRuntimeException(OrderBusinessServiceTest.java:316) ~[test-classes/:na]
	at java.base/jdk.internal.reflect.NativeMethodAccessorImpl.invoke0(Native Method) ~[na:na]
	at java.base/jdk.internal.reflect.NativeMethodAccessorImpl.invoke(NativeMethodAccessorImpl.java:77) ~[na:na]
	at java.base/jdk.internal.reflect.DelegatingMethodAccessorImpl.invoke(DelegatingMethodAccessorImpl.java:43) ~[na:na]
	at java.base/java.lang.reflect.Method.invoke(Method.java:569) ~[na:na]
	at org.junit.platform.commons.util.ReflectionUtils.invokeMethod(ReflectionUtils.java:728) ~[junit-platform-commons-1.10.1.jar:1.10.1]
	at org.junit.jupiter.engine.execution.MethodInvocation.proceed(MethodInvocation.java:60) ~[junit-jupiter-engine-5.10.1.jar:5.10.1]
	at org.junit.jupiter.engine.execution.InvocationInterceptorChain$ValidatingInvocation.proceed(InvocationInterceptorChain.java:131) ~[junit-jupiter-engine-5.10.1.jar:5.10.1]
	at org.junit.jupiter.engine.extension.TimeoutExtension.intercept(TimeoutExtension.java:156) ~[junit-jupiter-engine-5.10.1.jar:5.10.1]
	at org.junit.jupiter.engine.extension.TimeoutExtension.interceptTestableMethod(TimeoutExtension.java:147) ~[junit-jupiter-engine-5.10.1.jar:5.10.1]
	at org.junit.jupiter.engine.extension.TimeoutExtension.interceptTestMethod(TimeoutExtension.java:86) ~[junit-jupiter-engine-5.10.1.jar:5.10.1]
	at org.junit.jupiter.engine.execution.InterceptingExecutableInvoker$ReflectiveInterceptorCall.lambda$ofVoidMethod$0(InterceptingExecutableInvoker.java:103) ~[junit-jupiter-engine-5.10.1.jar:5.10.1]
	at org.junit.jupiter.engine.execution.InterceptingExecutableInvoker.lambda$invoke$0(InterceptingExecutableInvoker.java:93) ~[junit-jupiter-engine-5.10.1.jar:5.10.1]
	at org.junit.jupiter.engine.execution.InvocationInterceptorChain$InterceptedInvocation.proceed(InvocationInterceptorChain.java:106) ~[junit-jupiter-engine-5.10.1.jar:5.10.1]
	at org.junit.jupiter.engine.execution.InvocationInterceptorChain.proceed(InvocationInterceptorChain.java:64) ~[junit-jupiter-engine-5.10.1.jar:5.10.1]
	at org.junit.jupiter.engine.execution.InvocationInterceptorChain.chainAndInvoke(InvocationInterceptorChain.java:45) ~[junit-jupiter-engine-5.10.1.jar:5.10.1]
	at org.junit.jupiter.engine.execution.InvocationInterceptorChain.invoke(InvocationInterceptorChain.java:37) ~[junit-jupiter-engine-5.10.1.jar:5.10.1]
	at org.junit.jupiter.engine.execution.InterceptingExecutableInvoker.invoke(InterceptingExecutableInvoker.java:92) ~[junit-jupiter-engine-5.10.1.jar:5.10.1]
	at org.junit.jupiter.engine.execution.InterceptingExecutableInvoker.invoke(InterceptingExecutableInvoker.java:86) ~[junit-jupiter-engine-5.10.1.jar:5.10.1]
	at org.junit.jupiter.engine.descriptor.TestMethodTestDescriptor.lambda$invokeTestMethod$7(TestMethodTestDescriptor.java:218) ~[junit-jupiter-engine-5.10.1.jar:5.10.1]
	at org.junit.platform.engine.support.hierarchical.ThrowableCollector.execute(ThrowableCollector.java:73) ~[junit-platform-engine-1.10.1.jar:1.10.1]
	at org.junit.jupiter.engine.descriptor.TestMethodTestDescriptor.invokeTestMethod(TestMethodTestDescriptor.java:214) ~[junit-jupiter-engine-5.10.1.jar:5.10.1]
	at org.junit.jupiter.engine.descriptor.TestMethodTestDescriptor.execute(TestMethodTestDescriptor.java:139) ~[junit-jupiter-engine-5.10.1.jar:5.10.1]
	at org.junit.jupiter.engine.descriptor.TestMethodTestDescriptor.execute(TestMethodTestDescriptor.java:69) ~[junit-jupiter-engine-5.10.1.jar:5.10.1]
	at org.junit.platform.engine.support.hierarchical.NodeTestTask.lambda$executeRecursively$6(NodeTestTask.java:151) ~[junit-platform-engine-1.10.1.jar:1.10.1]
	at org.junit.platform.engine.support.hierarchical.ThrowableCollector.execute(ThrowableCollector.java:73) ~[junit-platform-engine-1.10.1.jar:1.10.1]
	at org.junit.platform.engine.support.hierarchical.NodeTestTask.lambda$executeRecursively$8(NodeTestTask.java:141) ~[junit-platform-engine-1.10.1.jar:1.10.1]
	at org.junit.platform.engine.support.hierarchical.Node.around(Node.java:137) ~[junit-platform-engine-1.10.1.jar:1.10.1]
	at org.junit.platform.engine.support.hierarchical.NodeTestTask.lambda$executeRecursively$9(NodeTestTask.java:139) ~[junit-platform-engine-1.10.1.jar:1.10.1]
	at org.junit.platform.engine.support.hierarchical.ThrowableCollector.execute(ThrowableCollector.java:73) ~[junit-platform-engine-1.10.1.jar:1.10.1]
	at org.junit.platform.engine.support.hierarchical.NodeTestTask.executeRecursively(NodeTestTask.java:138) ~[junit-platform-engine-1.10.1.jar:1.10.1]
	at org.junit.platform.engine.support.hierarchical.NodeTestTask.execute(NodeTestTask.java:95) ~[junit-platform-engine-1.10.1.jar:1.10.1]
	at java.base/java.util.ArrayList.forEach(ArrayList.java:1511) ~[na:na]
	at org.junit.platform.engine.support.hierarchical.SameThreadHierarchicalTestExecutorService.invokeAll(SameThreadHierarchicalTestExecutorService.java:41) ~[junit-platform-engine-1.10.1.jar:1.10.1]
	at org.junit.platform.engine.support.hierarchical.NodeTestTask.lambda$executeRecursively$6(NodeTestTask.java:155) ~[junit-platform-engine-1.10.1.jar:1.10.1]
	at org.junit.platform.engine.support.hierarchical.ThrowableCollector.execute(ThrowableCollector.java:73) ~[junit-platform-engine-1.10.1.jar:1.10.1]
	at org.junit.platform.engine.support.hierarchical.NodeTestTask.lambda$executeRecursively$8(NodeTestTask.java:141) ~[junit-platform-engine-1.10.1.jar:1.10.1]
	at org.junit.platform.engine.support.hierarchical.Node.around(Node.java:137) ~[junit-platform-engine-1.10.1.jar:1.10.1]
	at org.junit.platform.engine.support.hierarchical.NodeTestTask.lambda$executeRecursively$9(NodeTestTask.java:139) ~[junit-platform-engine-1.10.1.jar:1.10.1]
	at org.junit.platform.engine.support.hierarchical.ThrowableCollector.execute(ThrowableCollector.java:73) ~[junit-platform-engine-1.10.1.jar:1.10.1]
	at org.junit.platform.engine.support.hierarchical.NodeTestTask.executeRecursively(NodeTestTask.java:138) ~[junit-platform-engine-1.10.1.jar:1.10.1]
	at org.junit.platform.engine.support.hierarchical.NodeTestTask.execute(NodeTestTask.java:95) ~[junit-platform-engine-1.10.1.jar:1.10.1]
	at java.base/java.util.ArrayList.forEach(ArrayList.java:1511) ~[na:na]
	at org.junit.platform.engine.support.hierarchical.SameThreadHierarchicalTestExecutorService.invokeAll(SameThreadHierarchicalTestExecutorService.java:41) ~[junit-platform-engine-1.10.1.jar:1.10.1]
	at org.junit.platform.engine.support.hierarchical.NodeTestTask.lambda$executeRecursively$6(NodeTestTask.java:155) ~[junit-platform-engine-1.10.1.jar:1.10.1]
	at org.junit.platform.engine.support.hierarchical.ThrowableCollector.execute(ThrowableCollector.java:73) ~[junit-platform-engine-1.10.1.jar:1.10.1]
	at org.junit.platform.engine.support.hierarchical.NodeTestTask.lambda$executeRecursively$8(NodeTestTask.java:141) ~[junit-platform-engine-1.10.1.jar:1.10.1]
	at org.junit.platform.engine.support.hierarchical.Node.around(Node.java:137) ~[junit-platform-engine-1.10.1.jar:1.10.1]
	at org.junit.platform.engine.support.hierarchical.NodeTestTask.lambda$executeRecursively$9(NodeTestTask.java:139) ~[junit-platform-engine-1.10.1.jar:1.10.1]
	at org.junit.platform.engine.support.hierarchical.ThrowableCollector.execute(ThrowableCollector.java:73) ~[junit-platform-engine-1.10.1.jar:1.10.1]
	at org.junit.platform.engine.support.hierarchical.NodeTestTask.executeRecursively(NodeTestTask.java:138) ~[junit-platform-engine-1.10.1.jar:1.10.1]
	at org.junit.platform.engine.support.hierarchical.NodeTestTask.execute(NodeTestTask.java:95) ~[junit-platform-engine-1.10.1.jar:1.10.1]
	at org.junit.platform.engine.support.hierarchical.SameThreadHierarchicalTestExecutorService.submit(SameThreadHierarchicalTestExecutorService.java:35) ~[junit-platform-engine-1.10.1.jar:1.10.1]
	at org.junit.platform.engine.support.hierarchical.HierarchicalTestExecutor.execute(HierarchicalTestExecutor.java:57) ~[junit-platform-engine-1.10.1.jar:1.10.1]
	at org.junit.platform.engine.support.hierarchical.HierarchicalTestEngine.execute(HierarchicalTestEngine.java:54) ~[junit-platform-engine-1.10.1.jar:1.10.1]
	at org.junit.platform.launcher.core.EngineExecutionOrchestrator.execute(EngineExecutionOrchestrator.java:198) ~[junit-platform-launcher-1.10.1.jar:1.10.1]
	at org.junit.platform.launcher.core.EngineExecutionOrchestrator.execute(EngineExecutionOrchestrator.java:169) ~[junit-platform-launcher-1.10.1.jar:1.10.1]
	at org.junit.platform.launcher.core.EngineExecutionOrchestrator.execute(EngineExecutionOrchestrator.java:93) ~[junit-platform-launcher-1.10.1.jar:1.10.1]
	at org.junit.platform.launcher.core.EngineExecutionOrchestrator.lambda$execute$0(EngineExecutionOrchestrator.java:58) ~[junit-platform-launcher-1.10.1.jar:1.10.1]
	at org.junit.platform.launcher.core.EngineExecutionOrchestrator.withInterceptedStreams(EngineExecutionOrchestrator.java:141) ~[junit-platform-launcher-1.10.1.jar:1.10.1]
	at org.junit.platform.launcher.core.EngineExecutionOrchestrator.execute(EngineExecutionOrchestrator.java:57) ~[junit-platform-launcher-1.10.1.jar:1.10.1]
	at org.junit.platform.launcher.core.DefaultLauncher.execute(DefaultLauncher.java:103) ~[junit-platform-launcher-1.10.1.jar:1.10.1]
	at org.junit.platform.launcher.core.DefaultLauncher.execute(DefaultLauncher.java:85) ~[junit-platform-launcher-1.10.1.jar:1.10.1]
	at org.junit.platform.launcher.core.DelegatingLauncher.execute(DelegatingLauncher.java:47) ~[junit-platform-launcher-1.10.1.jar:1.10.1]
	at org.apache.maven.surefire.junitplatform.LazyLauncher.execute(LazyLauncher.java:56) ~[surefire-junit-platform-3.1.2.jar:3.1.2]
	at org.apache.maven.surefire.junitplatform.JUnitPlatformProvider.execute(JUnitPlatformProvider.java:184) ~[surefire-junit-platform-3.1.2.jar:3.1.2]
	at org.apache.maven.surefire.junitplatform.JUnitPlatformProvider.invokeAllTests(JUnitPlatformProvider.java:148) ~[surefire-junit-platform-3.1.2.jar:3.1.2]
	at org.apache.maven.surefire.junitplatform.JUnitPlatformProvider.invoke(JUnitPlatformProvider.java:122) ~[surefire-junit-platform-3.1.2.jar:3.1.2]
	at org.apache.maven.surefire.booter.ForkedBooter.runSuitesInProcess(ForkedBooter.java:385) ~[surefire-booter-3.1.2.jar:3.1.2]
	at org.apache.maven.surefire.booter.ForkedBooter.execute(ForkedBooter.java:162) ~[surefire-booter-3.1.2.jar:3.1.2]
	at org.apache.maven.surefire.booter.ForkedBooter.run(ForkedBooter.java:507) ~[surefire-booter-3.1.2.jar:3.1.2]
	at org.apache.maven.surefire.booter.ForkedBooter.main(ForkedBooter.java:495) ~[surefire-booter-3.1.2.jar:3.1.2]
2026-04-23 01:22:32.052 INFO  [main] b.s.s.impl.OrderBusinessServiceImpl - Getting order from data-service: orderId=1
2026-04-23 01:22:32.053 ERROR [main] b.s.s.impl.OrderBusinessServiceImpl - Error getting order 1: API Error
java.lang.RuntimeException: API Error
	at by.step.service.impl.OrderBusinessServiceImpl.getOrder(OrderBusinessServiceImpl.java:76) ~[classes/:na]
	at by.step.service.OrderBusinessServiceTest.lambda$getOrder_WhenException_ThrowsRuntimeException$1(OrderBusinessServiceTest.java:264) ~[test-classes/:na]
	at org.assertj.core.api.ThrowableAssert.catchThrowable(ThrowableAssert.java:63) ~[assertj-core-3.24.2.jar:na]
	at org.assertj.core.api.AssertionsForClassTypes.catchThrowable(AssertionsForClassTypes.java:892) ~[assertj-core-3.24.2.jar:na]
	at org.assertj.core.api.AssertionsForClassTypes.assertThatThrownBy(AssertionsForClassTypes.java:746) ~[assertj-core-3.24.2.jar:na]
	at by.step.service.OrderBusinessServiceTest.getOrder_WhenException_ThrowsRuntimeException(OrderBusinessServiceTest.java:264) ~[test-classes/:na]
	at java.base/jdk.internal.reflect.NativeMethodAccessorImpl.invoke0(Native Method) ~[na:na]
	at java.base/jdk.internal.reflect.NativeMethodAccessorImpl.invoke(NativeMethodAccessorImpl.java:77) ~[na:na]
	at java.base/jdk.internal.reflect.DelegatingMethodAccessorImpl.invoke(DelegatingMethodAccessorImpl.java:43) ~[na:na]
	at java.base/java.lang.reflect.Method.invoke(Method.java:569) ~[na:na]
	at org.junit.platform.commons.util.ReflectionUtils.invokeMethod(ReflectionUtils.java:728) ~[junit-platform-commons-1.10.1.jar:1.10.1]
	at org.junit.jupiter.engine.execution.MethodInvocation.proceed(MethodInvocation.java:60) ~[junit-jupiter-engine-5.10.1.jar:5.10.1]
	at org.junit.jupiter.engine.execution.InvocationInterceptorChain$ValidatingInvocation.proceed(InvocationInterceptorChain.java:131) ~[junit-jupiter-engine-5.10.1.jar:5.10.1]
	at org.junit.jupiter.engine.extension.TimeoutExtension.intercept(TimeoutExtension.java:156) ~[junit-jupiter-engine-5.10.1.jar:5.10.1]
	at org.junit.jupiter.engine.extension.TimeoutExtension.interceptTestableMethod(TimeoutExtension.java:147) ~[junit-jupiter-engine-5.10.1.jar:5.10.1]
	at org.junit.jupiter.engine.extension.TimeoutExtension.interceptTestMethod(TimeoutExtension.java:86) ~[junit-jupiter-engine-5.10.1.jar:5.10.1]
	at org.junit.jupiter.engine.execution.InterceptingExecutableInvoker$ReflectiveInterceptorCall.lambda$ofVoidMethod$0(InterceptingExecutableInvoker.java:103) ~[junit-jupiter-engine-5.10.1.jar:5.10.1]
	at org.junit.jupiter.engine.execution.InterceptingExecutableInvoker.lambda$invoke$0(InterceptingExecutableInvoker.java:93) ~[junit-jupiter-engine-5.10.1.jar:5.10.1]
	at org.junit.jupiter.engine.execution.InvocationInterceptorChain$InterceptedInvocation.proceed(InvocationInterceptorChain.java:106) ~[junit-jupiter-engine-5.10.1.jar:5.10.1]
	at org.junit.jupiter.engine.execution.InvocationInterceptorChain.proceed(InvocationInterceptorChain.java:64) ~[junit-jupiter-engine-5.10.1.jar:5.10.1]
	at org.junit.jupiter.engine.execution.InvocationInterceptorChain.chainAndInvoke(InvocationInterceptorChain.java:45) ~[junit-jupiter-engine-5.10.1.jar:5.10.1]
	at org.junit.jupiter.engine.execution.InvocationInterceptorChain.invoke(InvocationInterceptorChain.java:37) ~[junit-jupiter-engine-5.10.1.jar:5.10.1]
	at org.junit.jupiter.engine.execution.InterceptingExecutableInvoker.invoke(InterceptingExecutableInvoker.java:92) ~[junit-jupiter-engine-5.10.1.jar:5.10.1]
	at org.junit.jupiter.engine.execution.InterceptingExecutableInvoker.invoke(InterceptingExecutableInvoker.java:86) ~[junit-jupiter-engine-5.10.1.jar:5.10.1]
	at org.junit.jupiter.engine.descriptor.TestMethodTestDescriptor.lambda$invokeTestMethod$7(TestMethodTestDescriptor.java:218) ~[junit-jupiter-engine-5.10.1.jar:5.10.1]
	at org.junit.platform.engine.support.hierarchical.ThrowableCollector.execute(ThrowableCollector.java:73) ~[junit-platform-engine-1.10.1.jar:1.10.1]
	at org.junit.jupiter.engine.descriptor.TestMethodTestDescriptor.invokeTestMethod(TestMethodTestDescriptor.java:214) ~[junit-jupiter-engine-5.10.1.jar:5.10.1]
	at org.junit.jupiter.engine.descriptor.TestMethodTestDescriptor.execute(TestMethodTestDescriptor.java:139) ~[junit-jupiter-engine-5.10.1.jar:5.10.1]
	at org.junit.jupiter.engine.descriptor.TestMethodTestDescriptor.execute(TestMethodTestDescriptor.java:69) ~[junit-jupiter-engine-5.10.1.jar:5.10.1]
	at org.junit.platform.engine.support.hierarchical.NodeTestTask.lambda$executeRecursively$6(NodeTestTask.java:151) ~[junit-platform-engine-1.10.1.jar:1.10.1]
	at org.junit.platform.engine.support.hierarchical.ThrowableCollector.execute(ThrowableCollector.java:73) ~[junit-platform-engine-1.10.1.jar:1.10.1]
	at org.junit.platform.engine.support.hierarchical.NodeTestTask.lambda$executeRecursively$8(NodeTestTask.java:141) ~[junit-platform-engine-1.10.1.jar:1.10.1]
	at org.junit.platform.engine.support.hierarchical.Node.around(Node.java:137) ~[junit-platform-engine-1.10.1.jar:1.10.1]
	at org.junit.platform.engine.support.hierarchical.NodeTestTask.lambda$executeRecursively$9(NodeTestTask.java:139) ~[junit-platform-engine-1.10.1.jar:1.10.1]
	at org.junit.platform.engine.support.hierarchical.ThrowableCollector.execute(ThrowableCollector.java:73) ~[junit-platform-engine-1.10.1.jar:1.10.1]
	at org.junit.platform.engine.support.hierarchical.NodeTestTask.executeRecursively(NodeTestTask.java:138) ~[junit-platform-engine-1.10.1.jar:1.10.1]
	at org.junit.platform.engine.support.hierarchical.NodeTestTask.execute(NodeTestTask.java:95) ~[junit-platform-engine-1.10.1.jar:1.10.1]
	at java.base/java.util.ArrayList.forEach(ArrayList.java:1511) ~[na:na]
	at org.junit.platform.engine.support.hierarchical.SameThreadHierarchicalTestExecutorService.invokeAll(SameThreadHierarchicalTestExecutorService.java:41) ~[junit-platform-engine-1.10.1.jar:1.10.1]
	at org.junit.platform.engine.support.hierarchical.NodeTestTask.lambda$executeRecursively$6(NodeTestTask.java:155) ~[junit-platform-engine-1.10.1.jar:1.10.1]
	at org.junit.platform.engine.support.hierarchical.ThrowableCollector.execute(ThrowableCollector.java:73) ~[junit-platform-engine-1.10.1.jar:1.10.1]
	at org.junit.platform.engine.support.hierarchical.NodeTestTask.lambda$executeRecursively$8(NodeTestTask.java:141) ~[junit-platform-engine-1.10.1.jar:1.10.1]
	at org.junit.platform.engine.support.hierarchical.Node.around(Node.java:137) ~[junit-platform-engine-1.10.1.jar:1.10.1]
	at org.junit.platform.engine.support.hierarchical.NodeTestTask.lambda$executeRecursively$9(NodeTestTask.java:139) ~[junit-platform-engine-1.10.1.jar:1.10.1]
	at org.junit.platform.engine.support.hierarchical.ThrowableCollector.execute(ThrowableCollector.java:73) ~[junit-platform-engine-1.10.1.jar:1.10.1]
	at org.junit.platform.engine.support.hierarchical.NodeTestTask.executeRecursively(NodeTestTask.java:138) ~[junit-platform-engine-1.10.1.jar:1.10.1]
	at org.junit.platform.engine.support.hierarchical.NodeTestTask.execute(NodeTestTask.java:95) ~[junit-platform-engine-1.10.1.jar:1.10.1]
	at java.base/java.util.ArrayList.forEach(ArrayList.java:1511) ~[na:na]
	at org.junit.platform.engine.support.hierarchical.SameThreadHierarchicalTestExecutorService.invokeAll(SameThreadHierarchicalTestExecutorService.java:41) ~[junit-platform-engine-1.10.1.jar:1.10.1]
	at org.junit.platform.engine.support.hierarchical.NodeTestTask.lambda$executeRecursively$6(NodeTestTask.java:155) ~[junit-platform-engine-1.10.1.jar:1.10.1]
	at org.junit.platform.engine.support.hierarchical.ThrowableCollector.execute(ThrowableCollector.java:73) ~[junit-platform-engine-1.10.1.jar:1.10.1]
	at org.junit.platform.engine.support.hierarchical.NodeTestTask.lambda$executeRecursively$8(NodeTestTask.java:141) ~[junit-platform-engine-1.10.1.jar:1.10.1]
	at org.junit.platform.engine.support.hierarchical.Node.around(Node.java:137) ~[junit-platform-engine-1.10.1.jar:1.10.1]
	at org.junit.platform.engine.support.hierarchical.NodeTestTask.lambda$executeRecursively$9(NodeTestTask.java:139) ~[junit-platform-engine-1.10.1.jar:1.10.1]
	at org.junit.platform.engine.support.hierarchical.ThrowableCollector.execute(ThrowableCollector.java:73) ~[junit-platform-engine-1.10.1.jar:1.10.1]
	at org.junit.platform.engine.support.hierarchical.NodeTestTask.executeRecursively(NodeTestTask.java:138) ~[junit-platform-engine-1.10.1.jar:1.10.1]
	at org.junit.platform.engine.support.hierarchical.NodeTestTask.execute(NodeTestTask.java:95) ~[junit-platform-engine-1.10.1.jar:1.10.1]
	at org.junit.platform.engine.support.hierarchical.SameThreadHierarchicalTestExecutorService.submit(SameThreadHierarchicalTestExecutorService.java:35) ~[junit-platform-engine-1.10.1.jar:1.10.1]
	at org.junit.platform.engine.support.hierarchical.HierarchicalTestExecutor.execute(HierarchicalTestExecutor.java:57) ~[junit-platform-engine-1.10.1.jar:1.10.1]
	at org.junit.platform.engine.support.hierarchical.HierarchicalTestEngine.execute(HierarchicalTestEngine.java:54) ~[junit-platform-engine-1.10.1.jar:1.10.1]
	at org.junit.platform.launcher.core.EngineExecutionOrchestrator.execute(EngineExecutionOrchestrator.java:198) ~[junit-platform-launcher-1.10.1.jar:1.10.1]
	at org.junit.platform.launcher.core.EngineExecutionOrchestrator.execute(EngineExecutionOrchestrator.java:169) ~[junit-platform-launcher-1.10.1.jar:1.10.1]
	at org.junit.platform.launcher.core.EngineExecutionOrchestrator.execute(EngineExecutionOrchestrator.java:93) ~[junit-platform-launcher-1.10.1.jar:1.10.1]
	at org.junit.platform.launcher.core.EngineExecutionOrchestrator.lambda$execute$0(EngineExecutionOrchestrator.java:58) ~[junit-platform-launcher-1.10.1.jar:1.10.1]
	at org.junit.platform.launcher.core.EngineExecutionOrchestrator.withInterceptedStreams(EngineExecutionOrchestrator.java:141) ~[junit-platform-launcher-1.10.1.jar:1.10.1]
	at org.junit.platform.launcher.core.EngineExecutionOrchestrator.execute(EngineExecutionOrchestrator.java:57) ~[junit-platform-launcher-1.10.1.jar:1.10.1]
	at org.junit.platform.launcher.core.DefaultLauncher.execute(DefaultLauncher.java:103) ~[junit-platform-launcher-1.10.1.jar:1.10.1]
	at org.junit.platform.launcher.core.DefaultLauncher.execute(DefaultLauncher.java:85) ~[junit-platform-launcher-1.10.1.jar:1.10.1]
	at org.junit.platform.launcher.core.DelegatingLauncher.execute(DelegatingLauncher.java:47) ~[junit-platform-launcher-1.10.1.jar:1.10.1]
	at org.apache.maven.surefire.junitplatform.LazyLauncher.execute(LazyLauncher.java:56) ~[surefire-junit-platform-3.1.2.jar:3.1.2]
	at org.apache.maven.surefire.junitplatform.JUnitPlatformProvider.execute(JUnitPlatformProvider.java:184) ~[surefire-junit-platform-3.1.2.jar:3.1.2]
	at org.apache.maven.surefire.junitplatform.JUnitPlatformProvider.invokeAllTests(JUnitPlatformProvider.java:148) ~[surefire-junit-platform-3.1.2.jar:3.1.2]
	at org.apache.maven.surefire.junitplatform.JUnitPlatformProvider.invoke(JUnitPlatformProvider.java:122) ~[surefire-junit-platform-3.1.2.jar:3.1.2]
	at org.apache.maven.surefire.booter.ForkedBooter.runSuitesInProcess(ForkedBooter.java:385) ~[surefire-booter-3.1.2.jar:3.1.2]
	at org.apache.maven.surefire.booter.ForkedBooter.execute(ForkedBooter.java:162) ~[surefire-booter-3.1.2.jar:3.1.2]
	at org.apache.maven.surefire.booter.ForkedBooter.run(ForkedBooter.java:507) ~[surefire-booter-3.1.2.jar:3.1.2]
	at org.apache.maven.surefire.booter.ForkedBooter.main(ForkedBooter.java:495) ~[surefire-booter-3.1.2.jar:3.1.2]
2026-04-23 01:22:32.071 INFO  [main] b.s.s.impl.OrderBusinessServiceImpl - Getting completed orders count: artistId=2
2026-04-23 01:22:32.071 INFO  [main] b.s.s.impl.OrderBusinessServiceImpl - Getting orders by artist from data-service: artistId=2
2026-04-23 01:22:32.075 INFO  [main] b.s.s.impl.OrderBusinessServiceImpl - Getting completed orders count: artistId=2
2026-04-23 01:22:32.076 INFO  [main] b.s.s.impl.OrderBusinessServiceImpl - Getting orders by artist from data-service: artistId=2
2026-04-23 01:22:32.082 INFO  [main] b.s.s.impl.OrderBusinessServiceImpl - Getting orders by artist from data-service: artistId=2
2026-04-23 01:22:32.086 INFO  [main] b.s.s.impl.OrderBusinessServiceImpl - Getting order from data-service: orderId=1
2026-04-23 01:22:32.087 INFO  [main] b.s.s.impl.OrderBusinessServiceImpl - Order found: OrderDto(id=1, customerId=1, customerName=ivan, artistId=2, artistName=petr, status=IN_PROGRESS, description=Test order, price=1000, finalFileUrl=null, createdAt=2026-04-23T01:22:32.086051923, completedAt=null)
2026-04-23 01:22:32.091 INFO  [main] b.s.s.impl.OrderBusinessServiceImpl - Starting order: orderId=1
2026-04-23 01:22:32.092 ERROR [main] b.s.s.impl.OrderBusinessServiceImpl - Error starting order: Client error
java.lang.RuntimeException: Client error
	at by.step.service.impl.OrderBusinessServiceImpl.startOrder(OrderBusinessServiceImpl.java:209) ~[classes/:na]
	at by.step.service.OrderBusinessServiceTest.lambda$startOrder_WhenException_ThrowsRuntimeException$2(OrderBusinessServiceTest.java:296) ~[test-classes/:na]
	at org.assertj.core.api.ThrowableAssert.catchThrowable(ThrowableAssert.java:63) ~[assertj-core-3.24.2.jar:na]
	at org.assertj.core.api.AssertionsForClassTypes.catchThrowable(AssertionsForClassTypes.java:892) ~[assertj-core-3.24.2.jar:na]
	at org.assertj.core.api.AssertionsForClassTypes.assertThatThrownBy(AssertionsForClassTypes.java:746) ~[assertj-core-3.24.2.jar:na]
	at by.step.service.OrderBusinessServiceTest.startOrder_WhenException_ThrowsRuntimeException(OrderBusinessServiceTest.java:296) ~[test-classes/:na]
	at java.base/jdk.internal.reflect.NativeMethodAccessorImpl.invoke0(Native Method) ~[na:na]
	at java.base/jdk.internal.reflect.NativeMethodAccessorImpl.invoke(NativeMethodAccessorImpl.java:77) ~[na:na]
	at java.base/jdk.internal.reflect.DelegatingMethodAccessorImpl.invoke(DelegatingMethodAccessorImpl.java:43) ~[na:na]
	at java.base/java.lang.reflect.Method.invoke(Method.java:569) ~[na:na]
	at org.junit.platform.commons.util.ReflectionUtils.invokeMethod(ReflectionUtils.java:728) ~[junit-platform-commons-1.10.1.jar:1.10.1]
	at org.junit.jupiter.engine.execution.MethodInvocation.proceed(MethodInvocation.java:60) ~[junit-jupiter-engine-5.10.1.jar:5.10.1]
	at org.junit.jupiter.engine.execution.InvocationInterceptorChain$ValidatingInvocation.proceed(InvocationInterceptorChain.java:131) ~[junit-jupiter-engine-5.10.1.jar:5.10.1]
	at org.junit.jupiter.engine.extension.TimeoutExtension.intercept(TimeoutExtension.java:156) ~[junit-jupiter-engine-5.10.1.jar:5.10.1]
	at org.junit.jupiter.engine.extension.TimeoutExtension.interceptTestableMethod(TimeoutExtension.java:147) ~[junit-jupiter-engine-5.10.1.jar:5.10.1]
	at org.junit.jupiter.engine.extension.TimeoutExtension.interceptTestMethod(TimeoutExtension.java:86) ~[junit-jupiter-engine-5.10.1.jar:5.10.1]
	at org.junit.jupiter.engine.execution.InterceptingExecutableInvoker$ReflectiveInterceptorCall.lambda$ofVoidMethod$0(InterceptingExecutableInvoker.java:103) ~[junit-jupiter-engine-5.10.1.jar:5.10.1]
	at org.junit.jupiter.engine.execution.InterceptingExecutableInvoker.lambda$invoke$0(InterceptingExecutableInvoker.java:93) ~[junit-jupiter-engine-5.10.1.jar:5.10.1]
	at org.junit.jupiter.engine.execution.InvocationInterceptorChain$InterceptedInvocation.proceed(InvocationInterceptorChain.java:106) ~[junit-jupiter-engine-5.10.1.jar:5.10.1]
	at org.junit.jupiter.engine.execution.InvocationInterceptorChain.proceed(InvocationInterceptorChain.java:64) ~[junit-jupiter-engine-5.10.1.jar:5.10.1]
	at org.junit.jupiter.engine.execution.InvocationInterceptorChain.chainAndInvoke(InvocationInterceptorChain.java:45) ~[junit-jupiter-engine-5.10.1.jar:5.10.1]
	at org.junit.jupiter.engine.execution.InvocationInterceptorChain.invoke(InvocationInterceptorChain.java:37) ~[junit-jupiter-engine-5.10.1.jar:5.10.1]
	at org.junit.jupiter.engine.execution.InterceptingExecutableInvoker.invoke(InterceptingExecutableInvoker.java:92) ~[junit-jupiter-engine-5.10.1.jar:5.10.1]
	at org.junit.jupiter.engine.execution.InterceptingExecutableInvoker.invoke(InterceptingExecutableInvoker.java:86) ~[junit-jupiter-engine-5.10.1.jar:5.10.1]
	at org.junit.jupiter.engine.descriptor.TestMethodTestDescriptor.lambda$invokeTestMethod$7(TestMethodTestDescriptor.java:218) ~[junit-jupiter-engine-5.10.1.jar:5.10.1]
	at org.junit.platform.engine.support.hierarchical.ThrowableCollector.execute(ThrowableCollector.java:73) ~[junit-platform-engine-1.10.1.jar:1.10.1]
	at org.junit.jupiter.engine.descriptor.TestMethodTestDescriptor.invokeTestMethod(TestMethodTestDescriptor.java:214) ~[junit-jupiter-engine-5.10.1.jar:5.10.1]
	at org.junit.jupiter.engine.descriptor.TestMethodTestDescriptor.execute(TestMethodTestDescriptor.java:139) ~[junit-jupiter-engine-5.10.1.jar:5.10.1]
	at org.junit.jupiter.engine.descriptor.TestMethodTestDescriptor.execute(TestMethodTestDescriptor.java:69) ~[junit-jupiter-engine-5.10.1.jar:5.10.1]
	at org.junit.platform.engine.support.hierarchical.NodeTestTask.lambda$executeRecursively$6(NodeTestTask.java:151) ~[junit-platform-engine-1.10.1.jar:1.10.1]
	at org.junit.platform.engine.support.hierarchical.ThrowableCollector.execute(ThrowableCollector.java:73) ~[junit-platform-engine-1.10.1.jar:1.10.1]
	at org.junit.platform.engine.support.hierarchical.NodeTestTask.lambda$executeRecursively$8(NodeTestTask.java:141) ~[junit-platform-engine-1.10.1.jar:1.10.1]
	at org.junit.platform.engine.support.hierarchical.Node.around(Node.java:137) ~[junit-platform-engine-1.10.1.jar:1.10.1]
	at org.junit.platform.engine.support.hierarchical.NodeTestTask.lambda$executeRecursively$9(NodeTestTask.java:139) ~[junit-platform-engine-1.10.1.jar:1.10.1]
	at org.junit.platform.engine.support.hierarchical.ThrowableCollector.execute(ThrowableCollector.java:73) ~[junit-platform-engine-1.10.1.jar:1.10.1]
	at org.junit.platform.engine.support.hierarchical.NodeTestTask.executeRecursively(NodeTestTask.java:138) ~[junit-platform-engine-1.10.1.jar:1.10.1]
	at org.junit.platform.engine.support.hierarchical.NodeTestTask.execute(NodeTestTask.java:95) ~[junit-platform-engine-1.10.1.jar:1.10.1]
	at java.base/java.util.ArrayList.forEach(ArrayList.java:1511) ~[na:na]
	at org.junit.platform.engine.support.hierarchical.SameThreadHierarchicalTestExecutorService.invokeAll(SameThreadHierarchicalTestExecutorService.java:41) ~[junit-platform-engine-1.10.1.jar:1.10.1]
	at org.junit.platform.engine.support.hierarchical.NodeTestTask.lambda$executeRecursively$6(NodeTestTask.java:155) ~[junit-platform-engine-1.10.1.jar:1.10.1]
	at org.junit.platform.engine.support.hierarchical.ThrowableCollector.execute(ThrowableCollector.java:73) ~[junit-platform-engine-1.10.1.jar:1.10.1]
	at org.junit.platform.engine.support.hierarchical.NodeTestTask.lambda$executeRecursively$8(NodeTestTask.java:141) ~[junit-platform-engine-1.10.1.jar:1.10.1]
	at org.junit.platform.engine.support.hierarchical.Node.around(Node.java:137) ~[junit-platform-engine-1.10.1.jar:1.10.1]
	at org.junit.platform.engine.support.hierarchical.NodeTestTask.lambda$executeRecursively$9(NodeTestTask.java:139) ~[junit-platform-engine-1.10.1.jar:1.10.1]
	at org.junit.platform.engine.support.hierarchical.ThrowableCollector.execute(ThrowableCollector.java:73) ~[junit-platform-engine-1.10.1.jar:1.10.1]
	at org.junit.platform.engine.support.hierarchical.NodeTestTask.executeRecursively(NodeTestTask.java:138) ~[junit-platform-engine-1.10.1.jar:1.10.1]
	at org.junit.platform.engine.support.hierarchical.NodeTestTask.execute(NodeTestTask.java:95) ~[junit-platform-engine-1.10.1.jar:1.10.1]
	at java.base/java.util.ArrayList.forEach(ArrayList.java:1511) ~[na:na]
	at org.junit.platform.engine.support.hierarchical.SameThreadHierarchicalTestExecutorService.invokeAll(SameThreadHierarchicalTestExecutorService.java:41) ~[junit-platform-engine-1.10.1.jar:1.10.1]
	at org.junit.platform.engine.support.hierarchical.NodeTestTask.lambda$executeRecursively$6(NodeTestTask.java:155) ~[junit-platform-engine-1.10.1.jar:1.10.1]
	at org.junit.platform.engine.support.hierarchical.ThrowableCollector.execute(ThrowableCollector.java:73) ~[junit-platform-engine-1.10.1.jar:1.10.1]
	at org.junit.platform.engine.support.hierarchical.NodeTestTask.lambda$executeRecursively$8(NodeTestTask.java:141) ~[junit-platform-engine-1.10.1.jar:1.10.1]
	at org.junit.platform.engine.support.hierarchical.Node.around(Node.java:137) ~[junit-platform-engine-1.10.1.jar:1.10.1]
	at org.junit.platform.engine.support.hierarchical.NodeTestTask.lambda$executeRecursively$9(NodeTestTask.java:139) ~[junit-platform-engine-1.10.1.jar:1.10.1]
	at org.junit.platform.engine.support.hierarchical.ThrowableCollector.execute(ThrowableCollector.java:73) ~[junit-platform-engine-1.10.1.jar:1.10.1]
	at org.junit.platform.engine.support.hierarchical.NodeTestTask.executeRecursively(NodeTestTask.java:138) ~[junit-platform-engine-1.10.1.jar:1.10.1]
	at org.junit.platform.engine.support.hierarchical.NodeTestTask.execute(NodeTestTask.java:95) ~[junit-platform-engine-1.10.1.jar:1.10.1]
	at org.junit.platform.engine.support.hierarchical.SameThreadHierarchicalTestExecutorService.submit(SameThreadHierarchicalTestExecutorService.java:35) ~[junit-platform-engine-1.10.1.jar:1.10.1]
	at org.junit.platform.engine.support.hierarchical.HierarchicalTestExecutor.execute(HierarchicalTestExecutor.java:57) ~[junit-platform-engine-1.10.1.jar:1.10.1]
	at org.junit.platform.engine.support.hierarchical.HierarchicalTestEngine.execute(HierarchicalTestEngine.java:54) ~[junit-platform-engine-1.10.1.jar:1.10.1]
	at org.junit.platform.launcher.core.EngineExecutionOrchestrator.execute(EngineExecutionOrchestrator.java:198) ~[junit-platform-launcher-1.10.1.jar:1.10.1]
	at org.junit.platform.launcher.core.EngineExecutionOrchestrator.execute(EngineExecutionOrchestrator.java:169) ~[junit-platform-launcher-1.10.1.jar:1.10.1]
	at org.junit.platform.launcher.core.EngineExecutionOrchestrator.execute(EngineExecutionOrchestrator.java:93) ~[junit-platform-launcher-1.10.1.jar:1.10.1]
	at org.junit.platform.launcher.core.EngineExecutionOrchestrator.lambda$execute$0(EngineExecutionOrchestrator.java:58) ~[junit-platform-launcher-1.10.1.jar:1.10.1]
	at org.junit.platform.launcher.core.EngineExecutionOrchestrator.withInterceptedStreams(EngineExecutionOrchestrator.java:141) ~[junit-platform-launcher-1.10.1.jar:1.10.1]
	at org.junit.platform.launcher.core.EngineExecutionOrchestrator.execute(EngineExecutionOrchestrator.java:57) ~[junit-platform-launcher-1.10.1.jar:1.10.1]
	at org.junit.platform.launcher.core.DefaultLauncher.execute(DefaultLauncher.java:103) ~[junit-platform-launcher-1.10.1.jar:1.10.1]
	at org.junit.platform.launcher.core.DefaultLauncher.execute(DefaultLauncher.java:85) ~[junit-platform-launcher-1.10.1.jar:1.10.1]
	at org.junit.platform.launcher.core.DelegatingLauncher.execute(DelegatingLauncher.java:47) ~[junit-platform-launcher-1.10.1.jar:1.10.1]
	at org.apache.maven.surefire.junitplatform.LazyLauncher.execute(LazyLauncher.java:56) ~[surefire-junit-platform-3.1.2.jar:3.1.2]
	at org.apache.maven.surefire.junitplatform.JUnitPlatformProvider.execute(JUnitPlatformProvider.java:184) ~[surefire-junit-platform-3.1.2.jar:3.1.2]
	at org.apache.maven.surefire.junitplatform.JUnitPlatformProvider.invokeAllTests(JUnitPlatformProvider.java:148) ~[surefire-junit-platform-3.1.2.jar:3.1.2]
	at org.apache.maven.surefire.junitplatform.JUnitPlatformProvider.invoke(JUnitPlatformProvider.java:122) ~[surefire-junit-platform-3.1.2.jar:3.1.2]
	at org.apache.maven.surefire.booter.ForkedBooter.runSuitesInProcess(ForkedBooter.java:385) ~[surefire-booter-3.1.2.jar:3.1.2]
	at org.apache.maven.surefire.booter.ForkedBooter.execute(ForkedBooter.java:162) ~[surefire-booter-3.1.2.jar:3.1.2]
	at org.apache.maven.surefire.booter.ForkedBooter.run(ForkedBooter.java:507) ~[surefire-booter-3.1.2.jar:3.1.2]
	at org.apache.maven.surefire.booter.ForkedBooter.main(ForkedBooter.java:495) ~[surefire-booter-3.1.2.jar:3.1.2]
2026-04-23 01:22:32.095 INFO  [main] b.s.s.impl.OrderBusinessServiceImpl - Getting completed orders count: artistId=2
2026-04-23 01:22:32.096 INFO  [main] b.s.s.impl.OrderBusinessServiceImpl - Getting orders by artist from data-service: artistId=2
2026-04-23 01:22:32.099 INFO  [main] b.s.s.impl.OrderBusinessServiceImpl - Submitting order for review: orderId=1, finalFileUrl=file-url.png
2026-04-23 01:22:32.100 ERROR [main] b.s.s.impl.OrderBusinessServiceImpl - Error submitting order for review: Client error
java.lang.RuntimeException: Client error
	at by.step.service.impl.OrderBusinessServiceImpl.submitForReview(OrderBusinessServiceImpl.java:273) ~[classes/:na]
	at by.step.service.OrderBusinessServiceTest.lambda$submitForReview_WhenException_ThrowsRuntimeException$0(OrderBusinessServiceTest.java:190) ~[test-classes/:na]
	at org.assertj.core.api.ThrowableAssert.catchThrowable(ThrowableAssert.java:63) ~[assertj-core-3.24.2.jar:na]
	at org.assertj.core.api.AssertionsForClassTypes.catchThrowable(AssertionsForClassTypes.java:892) ~[assertj-core-3.24.2.jar:na]
	at org.assertj.core.api.AssertionsForClassTypes.assertThatThrownBy(AssertionsForClassTypes.java:746) ~[assertj-core-3.24.2.jar:na]
	at by.step.service.OrderBusinessServiceTest.submitForReview_WhenException_ThrowsRuntimeException(OrderBusinessServiceTest.java:190) ~[test-classes/:na]
	at java.base/jdk.internal.reflect.NativeMethodAccessorImpl.invoke0(Native Method) ~[na:na]
	at java.base/jdk.internal.reflect.NativeMethodAccessorImpl.invoke(NativeMethodAccessorImpl.java:77) ~[na:na]
	at java.base/jdk.internal.reflect.DelegatingMethodAccessorImpl.invoke(DelegatingMethodAccessorImpl.java:43) ~[na:na]
	at java.base/java.lang.reflect.Method.invoke(Method.java:569) ~[na:na]
	at org.junit.platform.commons.util.ReflectionUtils.invokeMethod(ReflectionUtils.java:728) ~[junit-platform-commons-1.10.1.jar:1.10.1]
	at org.junit.jupiter.engine.execution.MethodInvocation.proceed(MethodInvocation.java:60) ~[junit-jupiter-engine-5.10.1.jar:5.10.1]
	at org.junit.jupiter.engine.execution.InvocationInterceptorChain$ValidatingInvocation.proceed(InvocationInterceptorChain.java:131) ~[junit-jupiter-engine-5.10.1.jar:5.10.1]
	at org.junit.jupiter.engine.extension.TimeoutExtension.intercept(TimeoutExtension.java:156) ~[junit-jupiter-engine-5.10.1.jar:5.10.1]
	at org.junit.jupiter.engine.extension.TimeoutExtension.interceptTestableMethod(TimeoutExtension.java:147) ~[junit-jupiter-engine-5.10.1.jar:5.10.1]
	at org.junit.jupiter.engine.extension.TimeoutExtension.interceptTestMethod(TimeoutExtension.java:86) ~[junit-jupiter-engine-5.10.1.jar:5.10.1]
	at org.junit.jupiter.engine.execution.InterceptingExecutableInvoker$ReflectiveInterceptorCall.lambda$ofVoidMethod$0(InterceptingExecutableInvoker.java:103) ~[junit-jupiter-engine-5.10.1.jar:5.10.1]
	at org.junit.jupiter.engine.execution.InterceptingExecutableInvoker.lambda$invoke$0(InterceptingExecutableInvoker.java:93) ~[junit-jupiter-engine-5.10.1.jar:5.10.1]
	at org.junit.jupiter.engine.execution.InvocationInterceptorChain$InterceptedInvocation.proceed(InvocationInterceptorChain.java:106) ~[junit-jupiter-engine-5.10.1.jar:5.10.1]
	at org.junit.jupiter.engine.execution.InvocationInterceptorChain.proceed(InvocationInterceptorChain.java:64) ~[junit-jupiter-engine-5.10.1.jar:5.10.1]
	at org.junit.jupiter.engine.execution.InvocationInterceptorChain.chainAndInvoke(InvocationInterceptorChain.java:45) ~[junit-jupiter-engine-5.10.1.jar:5.10.1]
	at org.junit.jupiter.engine.execution.InvocationInterceptorChain.invoke(InvocationInterceptorChain.java:37) ~[junit-jupiter-engine-5.10.1.jar:5.10.1]
	at org.junit.jupiter.engine.execution.InterceptingExecutableInvoker.invoke(InterceptingExecutableInvoker.java:92) ~[junit-jupiter-engine-5.10.1.jar:5.10.1]
	at org.junit.jupiter.engine.execution.InterceptingExecutableInvoker.invoke(InterceptingExecutableInvoker.java:86) ~[junit-jupiter-engine-5.10.1.jar:5.10.1]
	at org.junit.jupiter.engine.descriptor.TestMethodTestDescriptor.lambda$invokeTestMethod$7(TestMethodTestDescriptor.java:218) ~[junit-jupiter-engine-5.10.1.jar:5.10.1]
	at org.junit.platform.engine.support.hierarchical.ThrowableCollector.execute(ThrowableCollector.java:73) ~[junit-platform-engine-1.10.1.jar:1.10.1]
	at org.junit.jupiter.engine.descriptor.TestMethodTestDescriptor.invokeTestMethod(TestMethodTestDescriptor.java:214) ~[junit-jupiter-engine-5.10.1.jar:5.10.1]
	at org.junit.jupiter.engine.descriptor.TestMethodTestDescriptor.execute(TestMethodTestDescriptor.java:139) ~[junit-jupiter-engine-5.10.1.jar:5.10.1]
	at org.junit.jupiter.engine.descriptor.TestMethodTestDescriptor.execute(TestMethodTestDescriptor.java:69) ~[junit-jupiter-engine-5.10.1.jar:5.10.1]
	at org.junit.platform.engine.support.hierarchical.NodeTestTask.lambda$executeRecursively$6(NodeTestTask.java:151) ~[junit-platform-engine-1.10.1.jar:1.10.1]
	at org.junit.platform.engine.support.hierarchical.ThrowableCollector.execute(ThrowableCollector.java:73) ~[junit-platform-engine-1.10.1.jar:1.10.1]
	at org.junit.platform.engine.support.hierarchical.NodeTestTask.lambda$executeRecursively$8(NodeTestTask.java:141) ~[junit-platform-engine-1.10.1.jar:1.10.1]
	at org.junit.platform.engine.support.hierarchical.Node.around(Node.java:137) ~[junit-platform-engine-1.10.1.jar:1.10.1]
	at org.junit.platform.engine.support.hierarchical.NodeTestTask.lambda$executeRecursively$9(NodeTestTask.java:139) ~[junit-platform-engine-1.10.1.jar:1.10.1]
	at org.junit.platform.engine.support.hierarchical.ThrowableCollector.execute(ThrowableCollector.java:73) ~[junit-platform-engine-1.10.1.jar:1.10.1]
	at org.junit.platform.engine.support.hierarchical.NodeTestTask.executeRecursively(NodeTestTask.java:138) ~[junit-platform-engine-1.10.1.jar:1.10.1]
	at org.junit.platform.engine.support.hierarchical.NodeTestTask.execute(NodeTestTask.java:95) ~[junit-platform-engine-1.10.1.jar:1.10.1]
	at java.base/java.util.ArrayList.forEach(ArrayList.java:1511) ~[na:na]
	at org.junit.platform.engine.support.hierarchical.SameThreadHierarchicalTestExecutorService.invokeAll(SameThreadHierarchicalTestExecutorService.java:41) ~[junit-platform-engine-1.10.1.jar:1.10.1]
	at org.junit.platform.engine.support.hierarchical.NodeTestTask.lambda$executeRecursively$6(NodeTestTask.java:155) ~[junit-platform-engine-1.10.1.jar:1.10.1]
	at org.junit.platform.engine.support.hierarchical.ThrowableCollector.execute(ThrowableCollector.java:73) ~[junit-platform-engine-1.10.1.jar:1.10.1]
	at org.junit.platform.engine.support.hierarchical.NodeTestTask.lambda$executeRecursively$8(NodeTestTask.java:141) ~[junit-platform-engine-1.10.1.jar:1.10.1]
	at org.junit.platform.engine.support.hierarchical.Node.around(Node.java:137) ~[junit-platform-engine-1.10.1.jar:1.10.1]
	at org.junit.platform.engine.support.hierarchical.NodeTestTask.lambda$executeRecursively$9(NodeTestTask.java:139) ~[junit-platform-engine-1.10.1.jar:1.10.1]
	at org.junit.platform.engine.support.hierarchical.ThrowableCollector.execute(ThrowableCollector.java:73) ~[junit-platform-engine-1.10.1.jar:1.10.1]
	at org.junit.platform.engine.support.hierarchical.NodeTestTask.executeRecursively(NodeTestTask.java:138) ~[junit-platform-engine-1.10.1.jar:1.10.1]
	at org.junit.platform.engine.support.hierarchical.NodeTestTask.execute(NodeTestTask.java:95) ~[junit-platform-engine-1.10.1.jar:1.10.1]
	at java.base/java.util.ArrayList.forEach(ArrayList.java:1511) ~[na:na]
	at org.junit.platform.engine.support.hierarchical.SameThreadHierarchicalTestExecutorService.invokeAll(SameThreadHierarchicalTestExecutorService.java:41) ~[junit-platform-engine-1.10.1.jar:1.10.1]
	at org.junit.platform.engine.support.hierarchical.NodeTestTask.lambda$executeRecursively$6(NodeTestTask.java:155) ~[junit-platform-engine-1.10.1.jar:1.10.1]
	at org.junit.platform.engine.support.hierarchical.ThrowableCollector.execute(ThrowableCollector.java:73) ~[junit-platform-engine-1.10.1.jar:1.10.1]
	at org.junit.platform.engine.support.hierarchical.NodeTestTask.lambda$executeRecursively$8(NodeTestTask.java:141) ~[junit-platform-engine-1.10.1.jar:1.10.1]
	at org.junit.platform.engine.support.hierarchical.Node.around(Node.java:137) ~[junit-platform-engine-1.10.1.jar:1.10.1]
	at org.junit.platform.engine.support.hierarchical.NodeTestTask.lambda$executeRecursively$9(NodeTestTask.java:139) ~[junit-platform-engine-1.10.1.jar:1.10.1]
	at org.junit.platform.engine.support.hierarchical.ThrowableCollector.execute(ThrowableCollector.java:73) ~[junit-platform-engine-1.10.1.jar:1.10.1]
	at org.junit.platform.engine.support.hierarchical.NodeTestTask.executeRecursively(NodeTestTask.java:138) ~[junit-platform-engine-1.10.1.jar:1.10.1]
	at org.junit.platform.engine.support.hierarchical.NodeTestTask.execute(NodeTestTask.java:95) ~[junit-platform-engine-1.10.1.jar:1.10.1]
	at org.junit.platform.engine.support.hierarchical.SameThreadHierarchicalTestExecutorService.submit(SameThreadHierarchicalTestExecutorService.java:35) ~[junit-platform-engine-1.10.1.jar:1.10.1]
	at org.junit.platform.engine.support.hierarchical.HierarchicalTestExecutor.execute(HierarchicalTestExecutor.java:57) ~[junit-platform-engine-1.10.1.jar:1.10.1]
	at org.junit.platform.engine.support.hierarchical.HierarchicalTestEngine.execute(HierarchicalTestEngine.java:54) ~[junit-platform-engine-1.10.1.jar:1.10.1]
	at org.junit.platform.launcher.core.EngineExecutionOrchestrator.execute(EngineExecutionOrchestrator.java:198) ~[junit-platform-launcher-1.10.1.jar:1.10.1]
	at org.junit.platform.launcher.core.EngineExecutionOrchestrator.execute(EngineExecutionOrchestrator.java:169) ~[junit-platform-launcher-1.10.1.jar:1.10.1]
	at org.junit.platform.launcher.core.EngineExecutionOrchestrator.execute(EngineExecutionOrchestrator.java:93) ~[junit-platform-launcher-1.10.1.jar:1.10.1]
	at org.junit.platform.launcher.core.EngineExecutionOrchestrator.lambda$execute$0(EngineExecutionOrchestrator.java:58) ~[junit-platform-launcher-1.10.1.jar:1.10.1]
	at org.junit.platform.launcher.core.EngineExecutionOrchestrator.withInterceptedStreams(EngineExecutionOrchestrator.java:141) ~[junit-platform-launcher-1.10.1.jar:1.10.1]
	at org.junit.platform.launcher.core.EngineExecutionOrchestrator.execute(EngineExecutionOrchestrator.java:57) ~[junit-platform-launcher-1.10.1.jar:1.10.1]
	at org.junit.platform.launcher.core.DefaultLauncher.execute(DefaultLauncher.java:103) ~[junit-platform-launcher-1.10.1.jar:1.10.1]
	at org.junit.platform.launcher.core.DefaultLauncher.execute(DefaultLauncher.java:85) ~[junit-platform-launcher-1.10.1.jar:1.10.1]
	at org.junit.platform.launcher.core.DelegatingLauncher.execute(DelegatingLauncher.java:47) ~[junit-platform-launcher-1.10.1.jar:1.10.1]
	at org.apache.maven.surefire.junitplatform.LazyLauncher.execute(LazyLauncher.java:56) ~[surefire-junit-platform-3.1.2.jar:3.1.2]
	at org.apache.maven.surefire.junitplatform.JUnitPlatformProvider.execute(JUnitPlatformProvider.java:184) ~[surefire-junit-platform-3.1.2.jar:3.1.2]
	at org.apache.maven.surefire.junitplatform.JUnitPlatformProvider.invokeAllTests(JUnitPlatformProvider.java:148) ~[surefire-junit-platform-3.1.2.jar:3.1.2]
	at org.apache.maven.surefire.junitplatform.JUnitPlatformProvider.invoke(JUnitPlatformProvider.java:122) ~[surefire-junit-platform-3.1.2.jar:3.1.2]
	at org.apache.maven.surefire.booter.ForkedBooter.runSuitesInProcess(ForkedBooter.java:385) ~[surefire-booter-3.1.2.jar:3.1.2]
	at org.apache.maven.surefire.booter.ForkedBooter.execute(ForkedBooter.java:162) ~[surefire-booter-3.1.2.jar:3.1.2]
	at org.apache.maven.surefire.booter.ForkedBooter.run(ForkedBooter.java:507) ~[surefire-booter-3.1.2.jar:3.1.2]
	at org.apache.maven.surefire.booter.ForkedBooter.main(ForkedBooter.java:495) ~[surefire-booter-3.1.2.jar:3.1.2]
2026-04-23 01:22:32.103 INFO  [main] b.s.s.impl.OrderBusinessServiceImpl - Getting orders by status from data-service: status=NEW
2026-04-23 01:22:32.107 INFO  [main] b.s.s.impl.OrderBusinessServiceImpl - Starting order: orderId=1
2026-04-23 01:22:32.108 INFO  [main] b.s.s.impl.OrderBusinessServiceImpl - Order started successfully
2026-04-23 01:22:32.112 INFO  [main] b.s.s.impl.OrderBusinessServiceImpl - Creating order: customerId=1, artistId=2, price=1000
2026-04-23 01:22:32.113 ERROR [main] b.s.s.impl.OrderBusinessServiceImpl - Error creating order: API Error
java.lang.RuntimeException: API Error
	at by.step.service.impl.OrderBusinessServiceImpl.createOrder(OrderBusinessServiceImpl.java:50) ~[classes/:na]
	at by.step.service.OrderBusinessServiceTest.lambda$createOrder_WhenException_ThrowsRuntimeException$7(OrderBusinessServiceTest.java:380) ~[test-classes/:na]
	at org.assertj.core.api.ThrowableAssert.catchThrowable(ThrowableAssert.java:63) ~[assertj-core-3.24.2.jar:na]
	at org.assertj.core.api.AssertionsForClassTypes.catchThrowable(AssertionsForClassTypes.java:892) ~[assertj-core-3.24.2.jar:na]
	at org.assertj.core.api.AssertionsForClassTypes.assertThatThrownBy(AssertionsForClassTypes.java:746) ~[assertj-core-3.24.2.jar:na]
	at by.step.service.OrderBusinessServiceTest.createOrder_WhenException_ThrowsRuntimeException(OrderBusinessServiceTest.java:380) ~[test-classes/:na]
	at java.base/jdk.internal.reflect.NativeMethodAccessorImpl.invoke0(Native Method) ~[na:na]
	at java.base/jdk.internal.reflect.NativeMethodAccessorImpl.invoke(NativeMethodAccessorImpl.java:77) ~[na:na]
	at java.base/jdk.internal.reflect.DelegatingMethodAccessorImpl.invoke(DelegatingMethodAccessorImpl.java:43) ~[na:na]
	at java.base/java.lang.reflect.Method.invoke(Method.java:569) ~[na:na]
	at org.junit.platform.commons.util.ReflectionUtils.invokeMethod(ReflectionUtils.java:728) ~[junit-platform-commons-1.10.1.jar:1.10.1]
	at org.junit.jupiter.engine.execution.MethodInvocation.proceed(MethodInvocation.java:60) ~[junit-jupiter-engine-5.10.1.jar:5.10.1]
	at org.junit.jupiter.engine.execution.InvocationInterceptorChain$ValidatingInvocation.proceed(InvocationInterceptorChain.java:131) ~[junit-jupiter-engine-5.10.1.jar:5.10.1]
	at org.junit.jupiter.engine.extension.TimeoutExtension.intercept(TimeoutExtension.java:156) ~[junit-jupiter-engine-5.10.1.jar:5.10.1]
	at org.junit.jupiter.engine.extension.TimeoutExtension.interceptTestableMethod(TimeoutExtension.java:147) ~[junit-jupiter-engine-5.10.1.jar:5.10.1]
	at org.junit.jupiter.engine.extension.TimeoutExtension.interceptTestMethod(TimeoutExtension.java:86) ~[junit-jupiter-engine-5.10.1.jar:5.10.1]
	at org.junit.jupiter.engine.execution.InterceptingExecutableInvoker$ReflectiveInterceptorCall.lambda$ofVoidMethod$0(InterceptingExecutableInvoker.java:103) ~[junit-jupiter-engine-5.10.1.jar:5.10.1]
	at org.junit.jupiter.engine.execution.InterceptingExecutableInvoker.lambda$invoke$0(InterceptingExecutableInvoker.java:93) ~[junit-jupiter-engine-5.10.1.jar:5.10.1]
	at org.junit.jupiter.engine.execution.InvocationInterceptorChain$InterceptedInvocation.proceed(InvocationInterceptorChain.java:106) ~[junit-jupiter-engine-5.10.1.jar:5.10.1]
	at org.junit.jupiter.engine.execution.InvocationInterceptorChain.proceed(InvocationInterceptorChain.java:64) ~[junit-jupiter-engine-5.10.1.jar:5.10.1]
	at org.junit.jupiter.engine.execution.InvocationInterceptorChain.chainAndInvoke(InvocationInterceptorChain.java:45) ~[junit-jupiter-engine-5.10.1.jar:5.10.1]
	at org.junit.jupiter.engine.execution.InvocationInterceptorChain.invoke(InvocationInterceptorChain.java:37) ~[junit-jupiter-engine-5.10.1.jar:5.10.1]
	at org.junit.jupiter.engine.execution.InterceptingExecutableInvoker.invoke(InterceptingExecutableInvoker.java:92) ~[junit-jupiter-engine-5.10.1.jar:5.10.1]
	at org.junit.jupiter.engine.execution.InterceptingExecutableInvoker.invoke(InterceptingExecutableInvoker.java:86) ~[junit-jupiter-engine-5.10.1.jar:5.10.1]
	at org.junit.jupiter.engine.descriptor.TestMethodTestDescriptor.lambda$invokeTestMethod$7(TestMethodTestDescriptor.java:218) ~[junit-jupiter-engine-5.10.1.jar:5.10.1]
	at org.junit.platform.engine.support.hierarchical.ThrowableCollector.execute(ThrowableCollector.java:73) ~[junit-platform-engine-1.10.1.jar:1.10.1]
	at org.junit.jupiter.engine.descriptor.TestMethodTestDescriptor.invokeTestMethod(TestMethodTestDescriptor.java:214) ~[junit-jupiter-engine-5.10.1.jar:5.10.1]
	at org.junit.jupiter.engine.descriptor.TestMethodTestDescriptor.execute(TestMethodTestDescriptor.java:139) ~[junit-jupiter-engine-5.10.1.jar:5.10.1]
	at org.junit.jupiter.engine.descriptor.TestMethodTestDescriptor.execute(TestMethodTestDescriptor.java:69) ~[junit-jupiter-engine-5.10.1.jar:5.10.1]
	at org.junit.platform.engine.support.hierarchical.NodeTestTask.lambda$executeRecursively$6(NodeTestTask.java:151) ~[junit-platform-engine-1.10.1.jar:1.10.1]
	at org.junit.platform.engine.support.hierarchical.ThrowableCollector.execute(ThrowableCollector.java:73) ~[junit-platform-engine-1.10.1.jar:1.10.1]
	at org.junit.platform.engine.support.hierarchical.NodeTestTask.lambda$executeRecursively$8(NodeTestTask.java:141) ~[junit-platform-engine-1.10.1.jar:1.10.1]
	at org.junit.platform.engine.support.hierarchical.Node.around(Node.java:137) ~[junit-platform-engine-1.10.1.jar:1.10.1]
	at org.junit.platform.engine.support.hierarchical.NodeTestTask.lambda$executeRecursively$9(NodeTestTask.java:139) ~[junit-platform-engine-1.10.1.jar:1.10.1]
	at org.junit.platform.engine.support.hierarchical.ThrowableCollector.execute(ThrowableCollector.java:73) ~[junit-platform-engine-1.10.1.jar:1.10.1]
	at org.junit.platform.engine.support.hierarchical.NodeTestTask.executeRecursively(NodeTestTask.java:138) ~[junit-platform-engine-1.10.1.jar:1.10.1]
	at org.junit.platform.engine.support.hierarchical.NodeTestTask.execute(NodeTestTask.java:95) ~[junit-platform-engine-1.10.1.jar:1.10.1]
	at java.base/java.util.ArrayList.forEach(ArrayList.java:1511) ~[na:na]
	at org.junit.platform.engine.support.hierarchical.SameThreadHierarchicalTestExecutorService.invokeAll(SameThreadHierarchicalTestExecutorService.java:41) ~[junit-platform-engine-1.10.1.jar:1.10.1]
	at org.junit.platform.engine.support.hierarchical.NodeTestTask.lambda$executeRecursively$6(NodeTestTask.java:155) ~[junit-platform-engine-1.10.1.jar:1.10.1]
	at org.junit.platform.engine.support.hierarchical.ThrowableCollector.execute(ThrowableCollector.java:73) ~[junit-platform-engine-1.10.1.jar:1.10.1]
	at org.junit.platform.engine.support.hierarchical.NodeTestTask.lambda$executeRecursively$8(NodeTestTask.java:141) ~[junit-platform-engine-1.10.1.jar:1.10.1]
	at org.junit.platform.engine.support.hierarchical.Node.around(Node.java:137) ~[junit-platform-engine-1.10.1.jar:1.10.1]
	at org.junit.platform.engine.support.hierarchical.NodeTestTask.lambda$executeRecursively$9(NodeTestTask.java:139) ~[junit-platform-engine-1.10.1.jar:1.10.1]
	at org.junit.platform.engine.support.hierarchical.ThrowableCollector.execute(ThrowableCollector.java:73) ~[junit-platform-engine-1.10.1.jar:1.10.1]
	at org.junit.platform.engine.support.hierarchical.NodeTestTask.executeRecursively(NodeTestTask.java:138) ~[junit-platform-engine-1.10.1.jar:1.10.1]
	at org.junit.platform.engine.support.hierarchical.NodeTestTask.execute(NodeTestTask.java:95) ~[junit-platform-engine-1.10.1.jar:1.10.1]
	at java.base/java.util.ArrayList.forEach(ArrayList.java:1511) ~[na:na]
	at org.junit.platform.engine.support.hierarchical.SameThreadHierarchicalTestExecutorService.invokeAll(SameThreadHierarchicalTestExecutorService.java:41) ~[junit-platform-engine-1.10.1.jar:1.10.1]
	at org.junit.platform.engine.support.hierarchical.NodeTestTask.lambda$executeRecursively$6(NodeTestTask.java:155) ~[junit-platform-engine-1.10.1.jar:1.10.1]
	at org.junit.platform.engine.support.hierarchical.ThrowableCollector.execute(ThrowableCollector.java:73) ~[junit-platform-engine-1.10.1.jar:1.10.1]
	at org.junit.platform.engine.support.hierarchical.NodeTestTask.lambda$executeRecursively$8(NodeTestTask.java:141) ~[junit-platform-engine-1.10.1.jar:1.10.1]
	at org.junit.platform.engine.support.hierarchical.Node.around(Node.java:137) ~[junit-platform-engine-1.10.1.jar:1.10.1]
	at org.junit.platform.engine.support.hierarchical.NodeTestTask.lambda$executeRecursively$9(NodeTestTask.java:139) ~[junit-platform-engine-1.10.1.jar:1.10.1]
	at org.junit.platform.engine.support.hierarchical.ThrowableCollector.execute(ThrowableCollector.java:73) ~[junit-platform-engine-1.10.1.jar:1.10.1]
	at org.junit.platform.engine.support.hierarchical.NodeTestTask.executeRecursively(NodeTestTask.java:138) ~[junit-platform-engine-1.10.1.jar:1.10.1]
	at org.junit.platform.engine.support.hierarchical.NodeTestTask.execute(NodeTestTask.java:95) ~[junit-platform-engine-1.10.1.jar:1.10.1]
	at org.junit.platform.engine.support.hierarchical.SameThreadHierarchicalTestExecutorService.submit(SameThreadHierarchicalTestExecutorService.java:35) ~[junit-platform-engine-1.10.1.jar:1.10.1]
	at org.junit.platform.engine.support.hierarchical.HierarchicalTestExecutor.execute(HierarchicalTestExecutor.java:57) ~[junit-platform-engine-1.10.1.jar:1.10.1]
	at org.junit.platform.engine.support.hierarchical.HierarchicalTestEngine.execute(HierarchicalTestEngine.java:54) ~[junit-platform-engine-1.10.1.jar:1.10.1]
	at org.junit.platform.launcher.core.EngineExecutionOrchestrator.execute(EngineExecutionOrchestrator.java:198) ~[junit-platform-launcher-1.10.1.jar:1.10.1]
	at org.junit.platform.launcher.core.EngineExecutionOrchestrator.execute(EngineExecutionOrchestrator.java:169) ~[junit-platform-launcher-1.10.1.jar:1.10.1]
	at org.junit.platform.launcher.core.EngineExecutionOrchestrator.execute(EngineExecutionOrchestrator.java:93) ~[junit-platform-launcher-1.10.1.jar:1.10.1]
	at org.junit.platform.launcher.core.EngineExecutionOrchestrator.lambda$execute$0(EngineExecutionOrchestrator.java:58) ~[junit-platform-launcher-1.10.1.jar:1.10.1]
	at org.junit.platform.launcher.core.EngineExecutionOrchestrator.withInterceptedStreams(EngineExecutionOrchestrator.java:141) ~[junit-platform-launcher-1.10.1.jar:1.10.1]
	at org.junit.platform.launcher.core.EngineExecutionOrchestrator.execute(EngineExecutionOrchestrator.java:57) ~[junit-platform-launcher-1.10.1.jar:1.10.1]
	at org.junit.platform.launcher.core.DefaultLauncher.execute(DefaultLauncher.java:103) ~[junit-platform-launcher-1.10.1.jar:1.10.1]
	at org.junit.platform.launcher.core.DefaultLauncher.execute(DefaultLauncher.java:85) ~[junit-platform-launcher-1.10.1.jar:1.10.1]
	at org.junit.platform.launcher.core.DelegatingLauncher.execute(DelegatingLauncher.java:47) ~[junit-platform-launcher-1.10.1.jar:1.10.1]
	at org.apache.maven.surefire.junitplatform.LazyLauncher.execute(LazyLauncher.java:56) ~[surefire-junit-platform-3.1.2.jar:3.1.2]
	at org.apache.maven.surefire.junitplatform.JUnitPlatformProvider.execute(JUnitPlatformProvider.java:184) ~[surefire-junit-platform-3.1.2.jar:3.1.2]
	at org.apache.maven.surefire.junitplatform.JUnitPlatformProvider.invokeAllTests(JUnitPlatformProvider.java:148) ~[surefire-junit-platform-3.1.2.jar:3.1.2]
	at org.apache.maven.surefire.junitplatform.JUnitPlatformProvider.invoke(JUnitPlatformProvider.java:122) ~[surefire-junit-platform-3.1.2.jar:3.1.2]
	at org.apache.maven.surefire.booter.ForkedBooter.runSuitesInProcess(ForkedBooter.java:385) ~[surefire-booter-3.1.2.jar:3.1.2]
	at org.apache.maven.surefire.booter.ForkedBooter.execute(ForkedBooter.java:162) ~[surefire-booter-3.1.2.jar:3.1.2]
	at org.apache.maven.surefire.booter.ForkedBooter.run(ForkedBooter.java:507) ~[surefire-booter-3.1.2.jar:3.1.2]
	at org.apache.maven.surefire.booter.ForkedBooter.main(ForkedBooter.java:495) ~[surefire-booter-3.1.2.jar:3.1.2]
2026-04-23 01:22:32.119 INFO  [main] b.s.s.impl.OrderBusinessServiceImpl - Completing order: orderId=1
2026-04-23 01:22:32.121 ERROR [main] b.s.s.impl.OrderBusinessServiceImpl - Error completing order: Client error
java.lang.RuntimeException: Client error
	at by.step.service.impl.OrderBusinessServiceImpl.completeOrder(OrderBusinessServiceImpl.java:230) ~[classes/:na]
	at by.step.service.OrderBusinessServiceTest.lambda$completeOrder_WhenException_ThrowsRuntimeException$3(OrderBusinessServiceTest.java:306) ~[test-classes/:na]
	at org.assertj.core.api.ThrowableAssert.catchThrowable(ThrowableAssert.java:63) ~[assertj-core-3.24.2.jar:na]
	at org.assertj.core.api.AssertionsForClassTypes.catchThrowable(AssertionsForClassTypes.java:892) ~[assertj-core-3.24.2.jar:na]
	at org.assertj.core.api.AssertionsForClassTypes.assertThatThrownBy(AssertionsForClassTypes.java:746) ~[assertj-core-3.24.2.jar:na]
	at by.step.service.OrderBusinessServiceTest.completeOrder_WhenException_ThrowsRuntimeException(OrderBusinessServiceTest.java:306) ~[test-classes/:na]
	at java.base/jdk.internal.reflect.NativeMethodAccessorImpl.invoke0(Native Method) ~[na:na]
	at java.base/jdk.internal.reflect.NativeMethodAccessorImpl.invoke(NativeMethodAccessorImpl.java:77) ~[na:na]
	at java.base/jdk.internal.reflect.DelegatingMethodAccessorImpl.invoke(DelegatingMethodAccessorImpl.java:43) ~[na:na]
	at java.base/java.lang.reflect.Method.invoke(Method.java:569) ~[na:na]
	at org.junit.platform.commons.util.ReflectionUtils.invokeMethod(ReflectionUtils.java:728) ~[junit-platform-commons-1.10.1.jar:1.10.1]
	at org.junit.jupiter.engine.execution.MethodInvocation.proceed(MethodInvocation.java:60) ~[junit-jupiter-engine-5.10.1.jar:5.10.1]
	at org.junit.jupiter.engine.execution.InvocationInterceptorChain$ValidatingInvocation.proceed(InvocationInterceptorChain.java:131) ~[junit-jupiter-engine-5.10.1.jar:5.10.1]
	at org.junit.jupiter.engine.extension.TimeoutExtension.intercept(TimeoutExtension.java:156) ~[junit-jupiter-engine-5.10.1.jar:5.10.1]
	at org.junit.jupiter.engine.extension.TimeoutExtension.interceptTestableMethod(TimeoutExtension.java:147) ~[junit-jupiter-engine-5.10.1.jar:5.10.1]
	at org.junit.jupiter.engine.extension.TimeoutExtension.interceptTestMethod(TimeoutExtension.java:86) ~[junit-jupiter-engine-5.10.1.jar:5.10.1]
	at org.junit.jupiter.engine.execution.InterceptingExecutableInvoker$ReflectiveInterceptorCall.lambda$ofVoidMethod$0(InterceptingExecutableInvoker.java:103) ~[junit-jupiter-engine-5.10.1.jar:5.10.1]
	at org.junit.jupiter.engine.execution.InterceptingExecutableInvoker.lambda$invoke$0(InterceptingExecutableInvoker.java:93) ~[junit-jupiter-engine-5.10.1.jar:5.10.1]
	at org.junit.jupiter.engine.execution.InvocationInterceptorChain$InterceptedInvocation.proceed(InvocationInterceptorChain.java:106) ~[junit-jupiter-engine-5.10.1.jar:5.10.1]
	at org.junit.jupiter.engine.execution.InvocationInterceptorChain.proceed(InvocationInterceptorChain.java:64) ~[junit-jupiter-engine-5.10.1.jar:5.10.1]
	at org.junit.jupiter.engine.execution.InvocationInterceptorChain.chainAndInvoke(InvocationInterceptorChain.java:45) ~[junit-jupiter-engine-5.10.1.jar:5.10.1]
	at org.junit.jupiter.engine.execution.InvocationInterceptorChain.invoke(InvocationInterceptorChain.java:37) ~[junit-jupiter-engine-5.10.1.jar:5.10.1]
	at org.junit.jupiter.engine.execution.InterceptingExecutableInvoker.invoke(InterceptingExecutableInvoker.java:92) ~[junit-jupiter-engine-5.10.1.jar:5.10.1]
	at org.junit.jupiter.engine.execution.InterceptingExecutableInvoker.invoke(InterceptingExecutableInvoker.java:86) ~[junit-jupiter-engine-5.10.1.jar:5.10.1]
	at org.junit.jupiter.engine.descriptor.TestMethodTestDescriptor.lambda$invokeTestMethod$7(TestMethodTestDescriptor.java:218) ~[junit-jupiter-engine-5.10.1.jar:5.10.1]
	at org.junit.platform.engine.support.hierarchical.ThrowableCollector.execute(ThrowableCollector.java:73) ~[junit-platform-engine-1.10.1.jar:1.10.1]
	at org.junit.jupiter.engine.descriptor.TestMethodTestDescriptor.invokeTestMethod(TestMethodTestDescriptor.java:214) ~[junit-jupiter-engine-5.10.1.jar:5.10.1]
	at org.junit.jupiter.engine.descriptor.TestMethodTestDescriptor.execute(TestMethodTestDescriptor.java:139) ~[junit-jupiter-engine-5.10.1.jar:5.10.1]
	at org.junit.jupiter.engine.descriptor.TestMethodTestDescriptor.execute(TestMethodTestDescriptor.java:69) ~[junit-jupiter-engine-5.10.1.jar:5.10.1]
	at org.junit.platform.engine.support.hierarchical.NodeTestTask.lambda$executeRecursively$6(NodeTestTask.java:151) ~[junit-platform-engine-1.10.1.jar:1.10.1]
	at org.junit.platform.engine.support.hierarchical.ThrowableCollector.execute(ThrowableCollector.java:73) ~[junit-platform-engine-1.10.1.jar:1.10.1]
	at org.junit.platform.engine.support.hierarchical.NodeTestTask.lambda$executeRecursively$8(NodeTestTask.java:141) ~[junit-platform-engine-1.10.1.jar:1.10.1]
	at org.junit.platform.engine.support.hierarchical.Node.around(Node.java:137) ~[junit-platform-engine-1.10.1.jar:1.10.1]
	at org.junit.platform.engine.support.hierarchical.NodeTestTask.lambda$executeRecursively$9(NodeTestTask.java:139) ~[junit-platform-engine-1.10.1.jar:1.10.1]
	at org.junit.platform.engine.support.hierarchical.ThrowableCollector.execute(ThrowableCollector.java:73) ~[junit-platform-engine-1.10.1.jar:1.10.1]
	at org.junit.platform.engine.support.hierarchical.NodeTestTask.executeRecursively(NodeTestTask.java:138) ~[junit-platform-engine-1.10.1.jar:1.10.1]
	at org.junit.platform.engine.support.hierarchical.NodeTestTask.execute(NodeTestTask.java:95) ~[junit-platform-engine-1.10.1.jar:1.10.1]
	at java.base/java.util.ArrayList.forEach(ArrayList.java:1511) ~[na:na]
	at org.junit.platform.engine.support.hierarchical.SameThreadHierarchicalTestExecutorService.invokeAll(SameThreadHierarchicalTestExecutorService.java:41) ~[junit-platform-engine-1.10.1.jar:1.10.1]
	at org.junit.platform.engine.support.hierarchical.NodeTestTask.lambda$executeRecursively$6(NodeTestTask.java:155) ~[junit-platform-engine-1.10.1.jar:1.10.1]
	at org.junit.platform.engine.support.hierarchical.ThrowableCollector.execute(ThrowableCollector.java:73) ~[junit-platform-engine-1.10.1.jar:1.10.1]
	at org.junit.platform.engine.support.hierarchical.NodeTestTask.lambda$executeRecursively$8(NodeTestTask.java:141) ~[junit-platform-engine-1.10.1.jar:1.10.1]
	at org.junit.platform.engine.support.hierarchical.Node.around(Node.java:137) ~[junit-platform-engine-1.10.1.jar:1.10.1]
	at org.junit.platform.engine.support.hierarchical.NodeTestTask.lambda$executeRecursively$9(NodeTestTask.java:139) ~[junit-platform-engine-1.10.1.jar:1.10.1]
	at org.junit.platform.engine.support.hierarchical.ThrowableCollector.execute(ThrowableCollector.java:73) ~[junit-platform-engine-1.10.1.jar:1.10.1]
	at org.junit.platform.engine.support.hierarchical.NodeTestTask.executeRecursively(NodeTestTask.java:138) ~[junit-platform-engine-1.10.1.jar:1.10.1]
	at org.junit.platform.engine.support.hierarchical.NodeTestTask.execute(NodeTestTask.java:95) ~[junit-platform-engine-1.10.1.jar:1.10.1]
	at java.base/java.util.ArrayList.forEach(ArrayList.java:1511) ~[na:na]
	at org.junit.platform.engine.support.hierarchical.SameThreadHierarchicalTestExecutorService.invokeAll(SameThreadHierarchicalTestExecutorService.java:41) ~[junit-platform-engine-1.10.1.jar:1.10.1]
	at org.junit.platform.engine.support.hierarchical.NodeTestTask.lambda$executeRecursively$6(NodeTestTask.java:155) ~[junit-platform-engine-1.10.1.jar:1.10.1]
	at org.junit.platform.engine.support.hierarchical.ThrowableCollector.execute(ThrowableCollector.java:73) ~[junit-platform-engine-1.10.1.jar:1.10.1]
	at org.junit.platform.engine.support.hierarchical.NodeTestTask.lambda$executeRecursively$8(NodeTestTask.java:141) ~[junit-platform-engine-1.10.1.jar:1.10.1]
	at org.junit.platform.engine.support.hierarchical.Node.around(Node.java:137) ~[junit-platform-engine-1.10.1.jar:1.10.1]
	at org.junit.platform.engine.support.hierarchical.NodeTestTask.lambda$executeRecursively$9(NodeTestTask.java:139) ~[junit-platform-engine-1.10.1.jar:1.10.1]
	at org.junit.platform.engine.support.hierarchical.ThrowableCollector.execute(ThrowableCollector.java:73) ~[junit-platform-engine-1.10.1.jar:1.10.1]
	at org.junit.platform.engine.support.hierarchical.NodeTestTask.executeRecursively(NodeTestTask.java:138) ~[junit-platform-engine-1.10.1.jar:1.10.1]
	at org.junit.platform.engine.support.hierarchical.NodeTestTask.execute(NodeTestTask.java:95) ~[junit-platform-engine-1.10.1.jar:1.10.1]
	at org.junit.platform.engine.support.hierarchical.SameThreadHierarchicalTestExecutorService.submit(SameThreadHierarchicalTestExecutorService.java:35) ~[junit-platform-engine-1.10.1.jar:1.10.1]
	at org.junit.platform.engine.support.hierarchical.HierarchicalTestExecutor.execute(HierarchicalTestExecutor.java:57) ~[junit-platform-engine-1.10.1.jar:1.10.1]
	at org.junit.platform.engine.support.hierarchical.HierarchicalTestEngine.execute(HierarchicalTestEngine.java:54) ~[junit-platform-engine-1.10.1.jar:1.10.1]
	at org.junit.platform.launcher.core.EngineExecutionOrchestrator.execute(EngineExecutionOrchestrator.java:198) ~[junit-platform-launcher-1.10.1.jar:1.10.1]
	at org.junit.platform.launcher.core.EngineExecutionOrchestrator.execute(EngineExecutionOrchestrator.java:169) ~[junit-platform-launcher-1.10.1.jar:1.10.1]
	at org.junit.platform.launcher.core.EngineExecutionOrchestrator.execute(EngineExecutionOrchestrator.java:93) ~[junit-platform-launcher-1.10.1.jar:1.10.1]
	at org.junit.platform.launcher.core.EngineExecutionOrchestrator.lambda$execute$0(EngineExecutionOrchestrator.java:58) ~[junit-platform-launcher-1.10.1.jar:1.10.1]
	at org.junit.platform.launcher.core.EngineExecutionOrchestrator.withInterceptedStreams(EngineExecutionOrchestrator.java:141) ~[junit-platform-launcher-1.10.1.jar:1.10.1]
	at org.junit.platform.launcher.core.EngineExecutionOrchestrator.execute(EngineExecutionOrchestrator.java:57) ~[junit-platform-launcher-1.10.1.jar:1.10.1]
	at org.junit.platform.launcher.core.DefaultLauncher.execute(DefaultLauncher.java:103) ~[junit-platform-launcher-1.10.1.jar:1.10.1]
	at org.junit.platform.launcher.core.DefaultLauncher.execute(DefaultLauncher.java:85) ~[junit-platform-launcher-1.10.1.jar:1.10.1]
	at org.junit.platform.launcher.core.DelegatingLauncher.execute(DelegatingLauncher.java:47) ~[junit-platform-launcher-1.10.1.jar:1.10.1]
	at org.apache.maven.surefire.junitplatform.LazyLauncher.execute(LazyLauncher.java:56) ~[surefire-junit-platform-3.1.2.jar:3.1.2]
	at org.apache.maven.surefire.junitplatform.JUnitPlatformProvider.execute(JUnitPlatformProvider.java:184) ~[surefire-junit-platform-3.1.2.jar:3.1.2]
	at org.apache.maven.surefire.junitplatform.JUnitPlatformProvider.invokeAllTests(JUnitPlatformProvider.java:148) ~[surefire-junit-platform-3.1.2.jar:3.1.2]
	at org.apache.maven.surefire.junitplatform.JUnitPlatformProvider.invoke(JUnitPlatformProvider.java:122) ~[surefire-junit-platform-3.1.2.jar:3.1.2]
	at org.apache.maven.surefire.booter.ForkedBooter.runSuitesInProcess(ForkedBooter.java:385) ~[surefire-booter-3.1.2.jar:3.1.2]
	at org.apache.maven.surefire.booter.ForkedBooter.execute(ForkedBooter.java:162) ~[surefire-booter-3.1.2.jar:3.1.2]
	at org.apache.maven.surefire.booter.ForkedBooter.run(ForkedBooter.java:507) ~[surefire-booter-3.1.2.jar:3.1.2]
	at org.apache.maven.surefire.booter.ForkedBooter.main(ForkedBooter.java:495) ~[surefire-booter-3.1.2.jar:3.1.2]
2026-04-23 01:22:32.130 INFO  [main] b.s.s.impl.OrderBusinessServiceImpl - Calculating total spent: customerId=1
2026-04-23 01:22:32.131 INFO  [main] b.s.s.impl.OrderBusinessServiceImpl - Getting orders by customer from data-service: customerId=1
2026-04-23 01:22:32.137 INFO  [main] b.s.s.impl.OrderBusinessServiceImpl - Getting completed orders count: artistId=2
2026-04-23 01:22:32.138 INFO  [main] b.s.s.impl.OrderBusinessServiceImpl - Getting orders by artist from data-service: artistId=2
2026-04-23 01:22:32.140 ERROR [main] b.s.s.impl.OrderBusinessServiceImpl - Error getting orders by artist 2: API Error
java.lang.RuntimeException: API Error
	at by.step.service.impl.OrderBusinessServiceImpl.getOrdersByArtist(OrderBusinessServiceImpl.java:120) ~[classes/:na]
	at by.step.service.impl.OrderBusinessServiceImpl.getCompletedOrdersCount(OrderBusinessServiceImpl.java:331) ~[classes/:na]
	at by.step.service.OrderBusinessServiceTest.getCompletedOrdersCount_WhenException_ReturnsZero(OrderBusinessServiceTest.java:435) ~[test-classes/:na]
	at java.base/jdk.internal.reflect.NativeMethodAccessorImpl.invoke0(Native Method) ~[na:na]
	at java.base/jdk.internal.reflect.NativeMethodAccessorImpl.invoke(NativeMethodAccessorImpl.java:77) ~[na:na]
	at java.base/jdk.internal.reflect.DelegatingMethodAccessorImpl.invoke(DelegatingMethodAccessorImpl.java:43) ~[na:na]
	at java.base/java.lang.reflect.Method.invoke(Method.java:569) ~[na:na]
	at org.junit.platform.commons.util.ReflectionUtils.invokeMethod(ReflectionUtils.java:728) ~[junit-platform-commons-1.10.1.jar:1.10.1]
	at org.junit.jupiter.engine.execution.MethodInvocation.proceed(MethodInvocation.java:60) ~[junit-jupiter-engine-5.10.1.jar:5.10.1]
	at org.junit.jupiter.engine.execution.InvocationInterceptorChain$ValidatingInvocation.proceed(InvocationInterceptorChain.java:131) ~[junit-jupiter-engine-5.10.1.jar:5.10.1]
	at org.junit.jupiter.engine.extension.TimeoutExtension.intercept(TimeoutExtension.java:156) ~[junit-jupiter-engine-5.10.1.jar:5.10.1]
	at org.junit.jupiter.engine.extension.TimeoutExtension.interceptTestableMethod(TimeoutExtension.java:147) ~[junit-jupiter-engine-5.10.1.jar:5.10.1]
	at org.junit.jupiter.engine.extension.TimeoutExtension.interceptTestMethod(TimeoutExtension.java:86) ~[junit-jupiter-engine-5.10.1.jar:5.10.1]
	at org.junit.jupiter.engine.execution.InterceptingExecutableInvoker$ReflectiveInterceptorCall.lambda$ofVoidMethod$0(InterceptingExecutableInvoker.java:103) ~[junit-jupiter-engine-5.10.1.jar:5.10.1]
	at org.junit.jupiter.engine.execution.InterceptingExecutableInvoker.lambda$invoke$0(InterceptingExecutableInvoker.java:93) ~[junit-jupiter-engine-5.10.1.jar:5.10.1]
	at org.junit.jupiter.engine.execution.InvocationInterceptorChain$InterceptedInvocation.proceed(InvocationInterceptorChain.java:106) ~[junit-jupiter-engine-5.10.1.jar:5.10.1]
	at org.junit.jupiter.engine.execution.InvocationInterceptorChain.proceed(InvocationInterceptorChain.java:64) ~[junit-jupiter-engine-5.10.1.jar:5.10.1]
	at org.junit.jupiter.engine.execution.InvocationInterceptorChain.chainAndInvoke(InvocationInterceptorChain.java:45) ~[junit-jupiter-engine-5.10.1.jar:5.10.1]
	at org.junit.jupiter.engine.execution.InvocationInterceptorChain.invoke(InvocationInterceptorChain.java:37) ~[junit-jupiter-engine-5.10.1.jar:5.10.1]
	at org.junit.jupiter.engine.execution.InterceptingExecutableInvoker.invoke(InterceptingExecutableInvoker.java:92) ~[junit-jupiter-engine-5.10.1.jar:5.10.1]
	at org.junit.jupiter.engine.execution.InterceptingExecutableInvoker.invoke(InterceptingExecutableInvoker.java:86) ~[junit-jupiter-engine-5.10.1.jar:5.10.1]
	at org.junit.jupiter.engine.descriptor.TestMethodTestDescriptor.lambda$invokeTestMethod$7(TestMethodTestDescriptor.java:218) ~[junit-jupiter-engine-5.10.1.jar:5.10.1]
	at org.junit.platform.engine.support.hierarchical.ThrowableCollector.execute(ThrowableCollector.java:73) ~[junit-platform-engine-1.10.1.jar:1.10.1]
	at org.junit.jupiter.engine.descriptor.TestMethodTestDescriptor.invokeTestMethod(TestMethodTestDescriptor.java:214) ~[junit-jupiter-engine-5.10.1.jar:5.10.1]
	at org.junit.jupiter.engine.descriptor.TestMethodTestDescriptor.execute(TestMethodTestDescriptor.java:139) ~[junit-jupiter-engine-5.10.1.jar:5.10.1]
	at org.junit.jupiter.engine.descriptor.TestMethodTestDescriptor.execute(TestMethodTestDescriptor.java:69) ~[junit-jupiter-engine-5.10.1.jar:5.10.1]
	at org.junit.platform.engine.support.hierarchical.NodeTestTask.lambda$executeRecursively$6(NodeTestTask.java:151) ~[junit-platform-engine-1.10.1.jar:1.10.1]
	at org.junit.platform.engine.support.hierarchical.ThrowableCollector.execute(ThrowableCollector.java:73) ~[junit-platform-engine-1.10.1.jar:1.10.1]
	at org.junit.platform.engine.support.hierarchical.NodeTestTask.lambda$executeRecursively$8(NodeTestTask.java:141) ~[junit-platform-engine-1.10.1.jar:1.10.1]
	at org.junit.platform.engine.support.hierarchical.Node.around(Node.java:137) ~[junit-platform-engine-1.10.1.jar:1.10.1]
	at org.junit.platform.engine.support.hierarchical.NodeTestTask.lambda$executeRecursively$9(NodeTestTask.java:139) ~[junit-platform-engine-1.10.1.jar:1.10.1]
	at org.junit.platform.engine.support.hierarchical.ThrowableCollector.execute(ThrowableCollector.java:73) ~[junit-platform-engine-1.10.1.jar:1.10.1]
	at org.junit.platform.engine.support.hierarchical.NodeTestTask.executeRecursively(NodeTestTask.java:138) ~[junit-platform-engine-1.10.1.jar:1.10.1]
	at org.junit.platform.engine.support.hierarchical.NodeTestTask.execute(NodeTestTask.java:95) ~[junit-platform-engine-1.10.1.jar:1.10.1]
	at java.base/java.util.ArrayList.forEach(ArrayList.java:1511) ~[na:na]
	at org.junit.platform.engine.support.hierarchical.SameThreadHierarchicalTestExecutorService.invokeAll(SameThreadHierarchicalTestExecutorService.java:41) ~[junit-platform-engine-1.10.1.jar:1.10.1]
	at org.junit.platform.engine.support.hierarchical.NodeTestTask.lambda$executeRecursively$6(NodeTestTask.java:155) ~[junit-platform-engine-1.10.1.jar:1.10.1]
	at org.junit.platform.engine.support.hierarchical.ThrowableCollector.execute(ThrowableCollector.java:73) ~[junit-platform-engine-1.10.1.jar:1.10.1]
	at org.junit.platform.engine.support.hierarchical.NodeTestTask.lambda$executeRecursively$8(NodeTestTask.java:141) ~[junit-platform-engine-1.10.1.jar:1.10.1]
	at org.junit.platform.engine.support.hierarchical.Node.around(Node.java:137) ~[junit-platform-engine-1.10.1.jar:1.10.1]
	at org.junit.platform.engine.support.hierarchical.NodeTestTask.lambda$executeRecursively$9(NodeTestTask.java:139) ~[junit-platform-engine-1.10.1.jar:1.10.1]
	at org.junit.platform.engine.support.hierarchical.ThrowableCollector.execute(ThrowableCollector.java:73) ~[junit-platform-engine-1.10.1.jar:1.10.1]
	at org.junit.platform.engine.support.hierarchical.NodeTestTask.executeRecursively(NodeTestTask.java:138) ~[junit-platform-engine-1.10.1.jar:1.10.1]
	at org.junit.platform.engine.support.hierarchical.NodeTestTask.execute(NodeTestTask.java:95) ~[junit-platform-engine-1.10.1.jar:1.10.1]
	at java.base/java.util.ArrayList.forEach(ArrayList.java:1511) ~[na:na]
	at org.junit.platform.engine.support.hierarchical.SameThreadHierarchicalTestExecutorService.invokeAll(SameThreadHierarchicalTestExecutorService.java:41) ~[junit-platform-engine-1.10.1.jar:1.10.1]
	at org.junit.platform.engine.support.hierarchical.NodeTestTask.lambda$executeRecursively$6(NodeTestTask.java:155) ~[junit-platform-engine-1.10.1.jar:1.10.1]
	at org.junit.platform.engine.support.hierarchical.ThrowableCollector.execute(ThrowableCollector.java:73) ~[junit-platform-engine-1.10.1.jar:1.10.1]
	at org.junit.platform.engine.support.hierarchical.NodeTestTask.lambda$executeRecursively$8(NodeTestTask.java:141) ~[junit-platform-engine-1.10.1.jar:1.10.1]
	at org.junit.platform.engine.support.hierarchical.Node.around(Node.java:137) ~[junit-platform-engine-1.10.1.jar:1.10.1]
	at org.junit.platform.engine.support.hierarchical.NodeTestTask.lambda$executeRecursively$9(NodeTestTask.java:139) ~[junit-platform-engine-1.10.1.jar:1.10.1]
	at org.junit.platform.engine.support.hierarchical.ThrowableCollector.execute(ThrowableCollector.java:73) ~[junit-platform-engine-1.10.1.jar:1.10.1]
	at org.junit.platform.engine.support.hierarchical.NodeTestTask.executeRecursively(NodeTestTask.java:138) ~[junit-platform-engine-1.10.1.jar:1.10.1]
	at org.junit.platform.engine.support.hierarchical.NodeTestTask.execute(NodeTestTask.java:95) ~[junit-platform-engine-1.10.1.jar:1.10.1]
	at org.junit.platform.engine.support.hierarchical.SameThreadHierarchicalTestExecutorService.submit(SameThreadHierarchicalTestExecutorService.java:35) ~[junit-platform-engine-1.10.1.jar:1.10.1]
	at org.junit.platform.engine.support.hierarchical.HierarchicalTestExecutor.execute(HierarchicalTestExecutor.java:57) ~[junit-platform-engine-1.10.1.jar:1.10.1]
	at org.junit.platform.engine.support.hierarchical.HierarchicalTestEngine.execute(HierarchicalTestEngine.java:54) ~[junit-platform-engine-1.10.1.jar:1.10.1]
	at org.junit.platform.launcher.core.EngineExecutionOrchestrator.execute(EngineExecutionOrchestrator.java:198) ~[junit-platform-launcher-1.10.1.jar:1.10.1]
	at org.junit.platform.launcher.core.EngineExecutionOrchestrator.execute(EngineExecutionOrchestrator.java:169) ~[junit-platform-launcher-1.10.1.jar:1.10.1]
	at org.junit.platform.launcher.core.EngineExecutionOrchestrator.execute(EngineExecutionOrchestrator.java:93) ~[junit-platform-launcher-1.10.1.jar:1.10.1]
	at org.junit.platform.launcher.core.EngineExecutionOrchestrator.lambda$execute$0(EngineExecutionOrchestrator.java:58) ~[junit-platform-launcher-1.10.1.jar:1.10.1]
	at org.junit.platform.launcher.core.EngineExecutionOrchestrator.withInterceptedStreams(EngineExecutionOrchestrator.java:141) ~[junit-platform-launcher-1.10.1.jar:1.10.1]
	at org.junit.platform.launcher.core.EngineExecutionOrchestrator.execute(EngineExecutionOrchestrator.java:57) ~[junit-platform-launcher-1.10.1.jar:1.10.1]
	at org.junit.platform.launcher.core.DefaultLauncher.execute(DefaultLauncher.java:103) ~[junit-platform-launcher-1.10.1.jar:1.10.1]
	at org.junit.platform.launcher.core.DefaultLauncher.execute(DefaultLauncher.java:85) ~[junit-platform-launcher-1.10.1.jar:1.10.1]
	at org.junit.platform.launcher.core.DelegatingLauncher.execute(DelegatingLauncher.java:47) ~[junit-platform-launcher-1.10.1.jar:1.10.1]
	at org.apache.maven.surefire.junitplatform.LazyLauncher.execute(LazyLauncher.java:56) ~[surefire-junit-platform-3.1.2.jar:3.1.2]
	at org.apache.maven.surefire.junitplatform.JUnitPlatformProvider.execute(JUnitPlatformProvider.java:184) ~[surefire-junit-platform-3.1.2.jar:3.1.2]
	at org.apache.maven.surefire.junitplatform.JUnitPlatformProvider.invokeAllTests(JUnitPlatformProvider.java:148) ~[surefire-junit-platform-3.1.2.jar:3.1.2]
	at org.apache.maven.surefire.junitplatform.JUnitPlatformProvider.invoke(JUnitPlatformProvider.java:122) ~[surefire-junit-platform-3.1.2.jar:3.1.2]
	at org.apache.maven.surefire.booter.ForkedBooter.runSuitesInProcess(ForkedBooter.java:385) ~[surefire-booter-3.1.2.jar:3.1.2]
	at org.apache.maven.surefire.booter.ForkedBooter.execute(ForkedBooter.java:162) ~[surefire-booter-3.1.2.jar:3.1.2]
	at org.apache.maven.surefire.booter.ForkedBooter.run(ForkedBooter.java:507) ~[surefire-booter-3.1.2.jar:3.1.2]
	at org.apache.maven.surefire.booter.ForkedBooter.main(ForkedBooter.java:495) ~[surefire-booter-3.1.2.jar:3.1.2]
2026-04-23 01:22:32.148 INFO  [main] b.s.s.impl.OrderBusinessServiceImpl - Updating order status: orderId=1, status=COMPLETED
2026-04-23 01:22:32.149 ERROR [main] b.s.s.impl.OrderBusinessServiceImpl - Error updating order status: Client error
java.lang.RuntimeException: Client error
	at by.step.service.impl.OrderBusinessServiceImpl.updateOrderStatus(OrderBusinessServiceImpl.java:167) ~[classes/:na]
	at by.step.service.OrderBusinessServiceTest.lambda$updateOrderStatus_WhenException_ThrowsRuntimeException$5(OrderBusinessServiceTest.java:326) ~[test-classes/:na]
	at org.assertj.core.api.ThrowableAssert.catchThrowable(ThrowableAssert.java:63) ~[assertj-core-3.24.2.jar:na]
	at org.assertj.core.api.AssertionsForClassTypes.catchThrowable(AssertionsForClassTypes.java:892) ~[assertj-core-3.24.2.jar:na]
	at org.assertj.core.api.AssertionsForClassTypes.assertThatThrownBy(AssertionsForClassTypes.java:746) ~[assertj-core-3.24.2.jar:na]
	at by.step.service.OrderBusinessServiceTest.updateOrderStatus_WhenException_ThrowsRuntimeException(OrderBusinessServiceTest.java:326) ~[test-classes/:na]
	at java.base/jdk.internal.reflect.NativeMethodAccessorImpl.invoke0(Native Method) ~[na:na]
	at java.base/jdk.internal.reflect.NativeMethodAccessorImpl.invoke(NativeMethodAccessorImpl.java:77) ~[na:na]
	at java.base/jdk.internal.reflect.DelegatingMethodAccessorImpl.invoke(DelegatingMethodAccessorImpl.java:43) ~[na:na]
	at java.base/java.lang.reflect.Method.invoke(Method.java:569) ~[na:na]
	at org.junit.platform.commons.util.ReflectionUtils.invokeMethod(ReflectionUtils.java:728) ~[junit-platform-commons-1.10.1.jar:1.10.1]
	at org.junit.jupiter.engine.execution.MethodInvocation.proceed(MethodInvocation.java:60) ~[junit-jupiter-engine-5.10.1.jar:5.10.1]
	at org.junit.jupiter.engine.execution.InvocationInterceptorChain$ValidatingInvocation.proceed(InvocationInterceptorChain.java:131) ~[junit-jupiter-engine-5.10.1.jar:5.10.1]
	at org.junit.jupiter.engine.extension.TimeoutExtension.intercept(TimeoutExtension.java:156) ~[junit-jupiter-engine-5.10.1.jar:5.10.1]
	at org.junit.jupiter.engine.extension.TimeoutExtension.interceptTestableMethod(TimeoutExtension.java:147) ~[junit-jupiter-engine-5.10.1.jar:5.10.1]
	at org.junit.jupiter.engine.extension.TimeoutExtension.interceptTestMethod(TimeoutExtension.java:86) ~[junit-jupiter-engine-5.10.1.jar:5.10.1]
	at org.junit.jupiter.engine.execution.InterceptingExecutableInvoker$ReflectiveInterceptorCall.lambda$ofVoidMethod$0(InterceptingExecutableInvoker.java:103) ~[junit-jupiter-engine-5.10.1.jar:5.10.1]
	at org.junit.jupiter.engine.execution.InterceptingExecutableInvoker.lambda$invoke$0(InterceptingExecutableInvoker.java:93) ~[junit-jupiter-engine-5.10.1.jar:5.10.1]
	at org.junit.jupiter.engine.execution.InvocationInterceptorChain$InterceptedInvocation.proceed(InvocationInterceptorChain.java:106) ~[junit-jupiter-engine-5.10.1.jar:5.10.1]
	at org.junit.jupiter.engine.execution.InvocationInterceptorChain.proceed(InvocationInterceptorChain.java:64) ~[junit-jupiter-engine-5.10.1.jar:5.10.1]
	at org.junit.jupiter.engine.execution.InvocationInterceptorChain.chainAndInvoke(InvocationInterceptorChain.java:45) ~[junit-jupiter-engine-5.10.1.jar:5.10.1]
	at org.junit.jupiter.engine.execution.InvocationInterceptorChain.invoke(InvocationInterceptorChain.java:37) ~[junit-jupiter-engine-5.10.1.jar:5.10.1]
	at org.junit.jupiter.engine.execution.InterceptingExecutableInvoker.invoke(InterceptingExecutableInvoker.java:92) ~[junit-jupiter-engine-5.10.1.jar:5.10.1]
	at org.junit.jupiter.engine.execution.InterceptingExecutableInvoker.invoke(InterceptingExecutableInvoker.java:86) ~[junit-jupiter-engine-5.10.1.jar:5.10.1]
	at org.junit.jupiter.engine.descriptor.TestMethodTestDescriptor.lambda$invokeTestMethod$7(TestMethodTestDescriptor.java:218) ~[junit-jupiter-engine-5.10.1.jar:5.10.1]
	at org.junit.platform.engine.support.hierarchical.ThrowableCollector.execute(ThrowableCollector.java:73) ~[junit-platform-engine-1.10.1.jar:1.10.1]
	at org.junit.jupiter.engine.descriptor.TestMethodTestDescriptor.invokeTestMethod(TestMethodTestDescriptor.java:214) ~[junit-jupiter-engine-5.10.1.jar:5.10.1]
	at org.junit.jupiter.engine.descriptor.TestMethodTestDescriptor.execute(TestMethodTestDescriptor.java:139) ~[junit-jupiter-engine-5.10.1.jar:5.10.1]
	at org.junit.jupiter.engine.descriptor.TestMethodTestDescriptor.execute(TestMethodTestDescriptor.java:69) ~[junit-jupiter-engine-5.10.1.jar:5.10.1]
	at org.junit.platform.engine.support.hierarchical.NodeTestTask.lambda$executeRecursively$6(NodeTestTask.java:151) ~[junit-platform-engine-1.10.1.jar:1.10.1]
	at org.junit.platform.engine.support.hierarchical.ThrowableCollector.execute(ThrowableCollector.java:73) ~[junit-platform-engine-1.10.1.jar:1.10.1]
	at org.junit.platform.engine.support.hierarchical.NodeTestTask.lambda$executeRecursively$8(NodeTestTask.java:141) ~[junit-platform-engine-1.10.1.jar:1.10.1]
	at org.junit.platform.engine.support.hierarchical.Node.around(Node.java:137) ~[junit-platform-engine-1.10.1.jar:1.10.1]
	at org.junit.platform.engine.support.hierarchical.NodeTestTask.lambda$executeRecursively$9(NodeTestTask.java:139) ~[junit-platform-engine-1.10.1.jar:1.10.1]
	at org.junit.platform.engine.support.hierarchical.ThrowableCollector.execute(ThrowableCollector.java:73) ~[junit-platform-engine-1.10.1.jar:1.10.1]
	at org.junit.platform.engine.support.hierarchical.NodeTestTask.executeRecursively(NodeTestTask.java:138) ~[junit-platform-engine-1.10.1.jar:1.10.1]
	at org.junit.platform.engine.support.hierarchical.NodeTestTask.execute(NodeTestTask.java:95) ~[junit-platform-engine-1.10.1.jar:1.10.1]
	at java.base/java.util.ArrayList.forEach(ArrayList.java:1511) ~[na:na]
	at org.junit.platform.engine.support.hierarchical.SameThreadHierarchicalTestExecutorService.invokeAll(SameThreadHierarchicalTestExecutorService.java:41) ~[junit-platform-engine-1.10.1.jar:1.10.1]
	at org.junit.platform.engine.support.hierarchical.NodeTestTask.lambda$executeRecursively$6(NodeTestTask.java:155) ~[junit-platform-engine-1.10.1.jar:1.10.1]
	at org.junit.platform.engine.support.hierarchical.ThrowableCollector.execute(ThrowableCollector.java:73) ~[junit-platform-engine-1.10.1.jar:1.10.1]
	at org.junit.platform.engine.support.hierarchical.NodeTestTask.lambda$executeRecursively$8(NodeTestTask.java:141) ~[junit-platform-engine-1.10.1.jar:1.10.1]
	at org.junit.platform.engine.support.hierarchical.Node.around(Node.java:137) ~[junit-platform-engine-1.10.1.jar:1.10.1]
	at org.junit.platform.engine.support.hierarchical.NodeTestTask.lambda$executeRecursively$9(NodeTestTask.java:139) ~[junit-platform-engine-1.10.1.jar:1.10.1]
	at org.junit.platform.engine.support.hierarchical.ThrowableCollector.execute(ThrowableCollector.java:73) ~[junit-platform-engine-1.10.1.jar:1.10.1]
	at org.junit.platform.engine.support.hierarchical.NodeTestTask.executeRecursively(NodeTestTask.java:138) ~[junit-platform-engine-1.10.1.jar:1.10.1]
	at org.junit.platform.engine.support.hierarchical.NodeTestTask.execute(NodeTestTask.java:95) ~[junit-platform-engine-1.10.1.jar:1.10.1]
	at java.base/java.util.ArrayList.forEach(ArrayList.java:1511) ~[na:na]
	at org.junit.platform.engine.support.hierarchical.SameThreadHierarchicalTestExecutorService.invokeAll(SameThreadHierarchicalTestExecutorService.java:41) ~[junit-platform-engine-1.10.1.jar:1.10.1]
	at org.junit.platform.engine.support.hierarchical.NodeTestTask.lambda$executeRecursively$6(NodeTestTask.java:155) ~[junit-platform-engine-1.10.1.jar:1.10.1]
	at org.junit.platform.engine.support.hierarchical.ThrowableCollector.execute(ThrowableCollector.java:73) ~[junit-platform-engine-1.10.1.jar:1.10.1]
	at org.junit.platform.engine.support.hierarchical.NodeTestTask.lambda$executeRecursively$8(NodeTestTask.java:141) ~[junit-platform-engine-1.10.1.jar:1.10.1]
	at org.junit.platform.engine.support.hierarchical.Node.around(Node.java:137) ~[junit-platform-engine-1.10.1.jar:1.10.1]
	at org.junit.platform.engine.support.hierarchical.NodeTestTask.lambda$executeRecursively$9(NodeTestTask.java:139) ~[junit-platform-engine-1.10.1.jar:1.10.1]
	at org.junit.platform.engine.support.hierarchical.ThrowableCollector.execute(ThrowableCollector.java:73) ~[junit-platform-engine-1.10.1.jar:1.10.1]
	at org.junit.platform.engine.support.hierarchical.NodeTestTask.executeRecursively(NodeTestTask.java:138) ~[junit-platform-engine-1.10.1.jar:1.10.1]
	at org.junit.platform.engine.support.hierarchical.NodeTestTask.execute(NodeTestTask.java:95) ~[junit-platform-engine-1.10.1.jar:1.10.1]
	at org.junit.platform.engine.support.hierarchical.SameThreadHierarchicalTestExecutorService.submit(SameThreadHierarchicalTestExecutorService.java:35) ~[junit-platform-engine-1.10.1.jar:1.10.1]
	at org.junit.platform.engine.support.hierarchical.HierarchicalTestExecutor.execute(HierarchicalTestExecutor.java:57) ~[junit-platform-engine-1.10.1.jar:1.10.1]
	at org.junit.platform.engine.support.hierarchical.HierarchicalTestEngine.execute(HierarchicalTestEngine.java:54) ~[junit-platform-engine-1.10.1.jar:1.10.1]
	at org.junit.platform.launcher.core.EngineExecutionOrchestrator.execute(EngineExecutionOrchestrator.java:198) ~[junit-platform-launcher-1.10.1.jar:1.10.1]
	at org.junit.platform.launcher.core.EngineExecutionOrchestrator.execute(EngineExecutionOrchestrator.java:169) ~[junit-platform-launcher-1.10.1.jar:1.10.1]
	at org.junit.platform.launcher.core.EngineExecutionOrchestrator.execute(EngineExecutionOrchestrator.java:93) ~[junit-platform-launcher-1.10.1.jar:1.10.1]
	at org.junit.platform.launcher.core.EngineExecutionOrchestrator.lambda$execute$0(EngineExecutionOrchestrator.java:58) ~[junit-platform-launcher-1.10.1.jar:1.10.1]
	at org.junit.platform.launcher.core.EngineExecutionOrchestrator.withInterceptedStreams(EngineExecutionOrchestrator.java:141) ~[junit-platform-launcher-1.10.1.jar:1.10.1]
	at org.junit.platform.launcher.core.EngineExecutionOrchestrator.execute(EngineExecutionOrchestrator.java:57) ~[junit-platform-launcher-1.10.1.jar:1.10.1]
	at org.junit.platform.launcher.core.DefaultLauncher.execute(DefaultLauncher.java:103) ~[junit-platform-launcher-1.10.1.jar:1.10.1]
	at org.junit.platform.launcher.core.DefaultLauncher.execute(DefaultLauncher.java:85) ~[junit-platform-launcher-1.10.1.jar:1.10.1]
	at org.junit.platform.launcher.core.DelegatingLauncher.execute(DelegatingLauncher.java:47) ~[junit-platform-launcher-1.10.1.jar:1.10.1]
	at org.apache.maven.surefire.junitplatform.LazyLauncher.execute(LazyLauncher.java:56) ~[surefire-junit-platform-3.1.2.jar:3.1.2]
	at org.apache.maven.surefire.junitplatform.JUnitPlatformProvider.execute(JUnitPlatformProvider.java:184) ~[surefire-junit-platform-3.1.2.jar:3.1.2]
	at org.apache.maven.surefire.junitplatform.JUnitPlatformProvider.invokeAllTests(JUnitPlatformProvider.java:148) ~[surefire-junit-platform-3.1.2.jar:3.1.2]
	at org.apache.maven.surefire.junitplatform.JUnitPlatformProvider.invoke(JUnitPlatformProvider.java:122) ~[surefire-junit-platform-3.1.2.jar:3.1.2]
	at org.apache.maven.surefire.booter.ForkedBooter.runSuitesInProcess(ForkedBooter.java:385) ~[surefire-booter-3.1.2.jar:3.1.2]
	at org.apache.maven.surefire.booter.ForkedBooter.execute(ForkedBooter.java:162) ~[surefire-booter-3.1.2.jar:3.1.2]
	at org.apache.maven.surefire.booter.ForkedBooter.run(ForkedBooter.java:507) ~[surefire-booter-3.1.2.jar:3.1.2]
	at org.apache.maven.surefire.booter.ForkedBooter.main(ForkedBooter.java:495) ~[surefire-booter-3.1.2.jar:3.1.2]
2026-04-23 01:22:32.154 INFO  [main] b.s.s.impl.OrderBusinessServiceImpl - Getting orders by artist from data-service: artistId=2
2026-04-23 01:22:32.158 INFO  [main] b.s.s.impl.OrderBusinessServiceImpl - Getting orders by customer from data-service: customerId=1
2026-04-23 01:22:32.161 INFO  [main] b.s.s.impl.OrderBusinessServiceImpl - Calculating total spent: customerId=1
2026-04-23 01:22:32.163 INFO  [main] b.s.s.impl.OrderBusinessServiceImpl - Getting orders by customer from data-service: customerId=1
2026-04-23 01:22:32.164 ERROR [main] b.s.s.impl.OrderBusinessServiceImpl - Error getting orders by customer 1: API Error
java.lang.RuntimeException: API Error
	at by.step.service.impl.OrderBusinessServiceImpl.getOrdersByCustomer(OrderBusinessServiceImpl.java:97) ~[classes/:na]
	at by.step.service.impl.OrderBusinessServiceImpl.calculateTotalSpent(OrderBusinessServiceImpl.java:310) ~[classes/:na]
	at by.step.service.OrderBusinessServiceTest.calculateTotalSpent_WhenException_ReturnsZero(OrderBusinessServiceTest.java:424) ~[test-classes/:na]
	at java.base/jdk.internal.reflect.NativeMethodAccessorImpl.invoke0(Native Method) ~[na:na]
	at java.base/jdk.internal.reflect.NativeMethodAccessorImpl.invoke(NativeMethodAccessorImpl.java:77) ~[na:na]
	at java.base/jdk.internal.reflect.DelegatingMethodAccessorImpl.invoke(DelegatingMethodAccessorImpl.java:43) ~[na:na]
	at java.base/java.lang.reflect.Method.invoke(Method.java:569) ~[na:na]
	at org.junit.platform.commons.util.ReflectionUtils.invokeMethod(ReflectionUtils.java:728) ~[junit-platform-commons-1.10.1.jar:1.10.1]
	at org.junit.jupiter.engine.execution.MethodInvocation.proceed(MethodInvocation.java:60) ~[junit-jupiter-engine-5.10.1.jar:5.10.1]
	at org.junit.jupiter.engine.execution.InvocationInterceptorChain$ValidatingInvocation.proceed(InvocationInterceptorChain.java:131) ~[junit-jupiter-engine-5.10.1.jar:5.10.1]
	at org.junit.jupiter.engine.extension.TimeoutExtension.intercept(TimeoutExtension.java:156) ~[junit-jupiter-engine-5.10.1.jar:5.10.1]
	at org.junit.jupiter.engine.extension.TimeoutExtension.interceptTestableMethod(TimeoutExtension.java:147) ~[junit-jupiter-engine-5.10.1.jar:5.10.1]
	at org.junit.jupiter.engine.extension.TimeoutExtension.interceptTestMethod(TimeoutExtension.java:86) ~[junit-jupiter-engine-5.10.1.jar:5.10.1]
	at org.junit.jupiter.engine.execution.InterceptingExecutableInvoker$ReflectiveInterceptorCall.lambda$ofVoidMethod$0(InterceptingExecutableInvoker.java:103) ~[junit-jupiter-engine-5.10.1.jar:5.10.1]
	at org.junit.jupiter.engine.execution.InterceptingExecutableInvoker.lambda$invoke$0(InterceptingExecutableInvoker.java:93) ~[junit-jupiter-engine-5.10.1.jar:5.10.1]
	at org.junit.jupiter.engine.execution.InvocationInterceptorChain$InterceptedInvocation.proceed(InvocationInterceptorChain.java:106) ~[junit-jupiter-engine-5.10.1.jar:5.10.1]
	at org.junit.jupiter.engine.execution.InvocationInterceptorChain.proceed(InvocationInterceptorChain.java:64) ~[junit-jupiter-engine-5.10.1.jar:5.10.1]
	at org.junit.jupiter.engine.execution.InvocationInterceptorChain.chainAndInvoke(InvocationInterceptorChain.java:45) ~[junit-jupiter-engine-5.10.1.jar:5.10.1]
	at org.junit.jupiter.engine.execution.InvocationInterceptorChain.invoke(InvocationInterceptorChain.java:37) ~[junit-jupiter-engine-5.10.1.jar:5.10.1]
	at org.junit.jupiter.engine.execution.InterceptingExecutableInvoker.invoke(InterceptingExecutableInvoker.java:92) ~[junit-jupiter-engine-5.10.1.jar:5.10.1]
	at org.junit.jupiter.engine.execution.InterceptingExecutableInvoker.invoke(InterceptingExecutableInvoker.java:86) ~[junit-jupiter-engine-5.10.1.jar:5.10.1]
	at org.junit.jupiter.engine.descriptor.TestMethodTestDescriptor.lambda$invokeTestMethod$7(TestMethodTestDescriptor.java:218) ~[junit-jupiter-engine-5.10.1.jar:5.10.1]
	at org.junit.platform.engine.support.hierarchical.ThrowableCollector.execute(ThrowableCollector.java:73) ~[junit-platform-engine-1.10.1.jar:1.10.1]
	at org.junit.jupiter.engine.descriptor.TestMethodTestDescriptor.invokeTestMethod(TestMethodTestDescriptor.java:214) ~[junit-jupiter-engine-5.10.1.jar:5.10.1]
	at org.junit.jupiter.engine.descriptor.TestMethodTestDescriptor.execute(TestMethodTestDescriptor.java:139) ~[junit-jupiter-engine-5.10.1.jar:5.10.1]
	at org.junit.jupiter.engine.descriptor.TestMethodTestDescriptor.execute(TestMethodTestDescriptor.java:69) ~[junit-jupiter-engine-5.10.1.jar:5.10.1]
	at org.junit.platform.engine.support.hierarchical.NodeTestTask.lambda$executeRecursively$6(NodeTestTask.java:151) ~[junit-platform-engine-1.10.1.jar:1.10.1]
	at org.junit.platform.engine.support.hierarchical.ThrowableCollector.execute(ThrowableCollector.java:73) ~[junit-platform-engine-1.10.1.jar:1.10.1]
	at org.junit.platform.engine.support.hierarchical.NodeTestTask.lambda$executeRecursively$8(NodeTestTask.java:141) ~[junit-platform-engine-1.10.1.jar:1.10.1]
	at org.junit.platform.engine.support.hierarchical.Node.around(Node.java:137) ~[junit-platform-engine-1.10.1.jar:1.10.1]
	at org.junit.platform.engine.support.hierarchical.NodeTestTask.lambda$executeRecursively$9(NodeTestTask.java:139) ~[junit-platform-engine-1.10.1.jar:1.10.1]
	at org.junit.platform.engine.support.hierarchical.ThrowableCollector.execute(ThrowableCollector.java:73) ~[junit-platform-engine-1.10.1.jar:1.10.1]
	at org.junit.platform.engine.support.hierarchical.NodeTestTask.executeRecursively(NodeTestTask.java:138) ~[junit-platform-engine-1.10.1.jar:1.10.1]
	at org.junit.platform.engine.support.hierarchical.NodeTestTask.execute(NodeTestTask.java:95) ~[junit-platform-engine-1.10.1.jar:1.10.1]
	at java.base/java.util.ArrayList.forEach(ArrayList.java:1511) ~[na:na]
	at org.junit.platform.engine.support.hierarchical.SameThreadHierarchicalTestExecutorService.invokeAll(SameThreadHierarchicalTestExecutorService.java:41) ~[junit-platform-engine-1.10.1.jar:1.10.1]
	at org.junit.platform.engine.support.hierarchical.NodeTestTask.lambda$executeRecursively$6(NodeTestTask.java:155) ~[junit-platform-engine-1.10.1.jar:1.10.1]
	at org.junit.platform.engine.support.hierarchical.ThrowableCollector.execute(ThrowableCollector.java:73) ~[junit-platform-engine-1.10.1.jar:1.10.1]
	at org.junit.platform.engine.support.hierarchical.NodeTestTask.lambda$executeRecursively$8(NodeTestTask.java:141) ~[junit-platform-engine-1.10.1.jar:1.10.1]
	at org.junit.platform.engine.support.hierarchical.Node.around(Node.java:137) ~[junit-platform-engine-1.10.1.jar:1.10.1]
	at org.junit.platform.engine.support.hierarchical.NodeTestTask.lambda$executeRecursively$9(NodeTestTask.java:139) ~[junit-platform-engine-1.10.1.jar:1.10.1]
	at org.junit.platform.engine.support.hierarchical.ThrowableCollector.execute(ThrowableCollector.java:73) ~[junit-platform-engine-1.10.1.jar:1.10.1]
	at org.junit.platform.engine.support.hierarchical.NodeTestTask.executeRecursively(NodeTestTask.java:138) ~[junit-platform-engine-1.10.1.jar:1.10.1]
	at org.junit.platform.engine.support.hierarchical.NodeTestTask.execute(NodeTestTask.java:95) ~[junit-platform-engine-1.10.1.jar:1.10.1]
	at java.base/java.util.ArrayList.forEach(ArrayList.java:1511) ~[na:na]
	at org.junit.platform.engine.support.hierarchical.SameThreadHierarchicalTestExecutorService.invokeAll(SameThreadHierarchicalTestExecutorService.java:41) ~[junit-platform-engine-1.10.1.jar:1.10.1]
	at org.junit.platform.engine.support.hierarchical.NodeTestTask.lambda$executeRecursively$6(NodeTestTask.java:155) ~[junit-platform-engine-1.10.1.jar:1.10.1]
	at org.junit.platform.engine.support.hierarchical.ThrowableCollector.execute(ThrowableCollector.java:73) ~[junit-platform-engine-1.10.1.jar:1.10.1]
	at org.junit.platform.engine.support.hierarchical.NodeTestTask.lambda$executeRecursively$8(NodeTestTask.java:141) ~[junit-platform-engine-1.10.1.jar:1.10.1]
	at org.junit.platform.engine.support.hierarchical.Node.around(Node.java:137) ~[junit-platform-engine-1.10.1.jar:1.10.1]
	at org.junit.platform.engine.support.hierarchical.NodeTestTask.lambda$executeRecursively$9(NodeTestTask.java:139) ~[junit-platform-engine-1.10.1.jar:1.10.1]
	at org.junit.platform.engine.support.hierarchical.ThrowableCollector.execute(ThrowableCollector.java:73) ~[junit-platform-engine-1.10.1.jar:1.10.1]
	at org.junit.platform.engine.support.hierarchical.NodeTestTask.executeRecursively(NodeTestTask.java:138) ~[junit-platform-engine-1.10.1.jar:1.10.1]
	at org.junit.platform.engine.support.hierarchical.NodeTestTask.execute(NodeTestTask.java:95) ~[junit-platform-engine-1.10.1.jar:1.10.1]
	at org.junit.platform.engine.support.hierarchical.SameThreadHierarchicalTestExecutorService.submit(SameThreadHierarchicalTestExecutorService.java:35) ~[junit-platform-engine-1.10.1.jar:1.10.1]
	at org.junit.platform.engine.support.hierarchical.HierarchicalTestExecutor.execute(HierarchicalTestExecutor.java:57) ~[junit-platform-engine-1.10.1.jar:1.10.1]
	at org.junit.platform.engine.support.hierarchical.HierarchicalTestEngine.execute(HierarchicalTestEngine.java:54) ~[junit-platform-engine-1.10.1.jar:1.10.1]
	at org.junit.platform.launcher.core.EngineExecutionOrchestrator.execute(EngineExecutionOrchestrator.java:198) ~[junit-platform-launcher-1.10.1.jar:1.10.1]
	at org.junit.platform.launcher.core.EngineExecutionOrchestrator.execute(EngineExecutionOrchestrator.java:169) ~[junit-platform-launcher-1.10.1.jar:1.10.1]
	at org.junit.platform.launcher.core.EngineExecutionOrchestrator.execute(EngineExecutionOrchestrator.java:93) ~[junit-platform-launcher-1.10.1.jar:1.10.1]
	at org.junit.platform.launcher.core.EngineExecutionOrchestrator.lambda$execute$0(EngineExecutionOrchestrator.java:58) ~[junit-platform-launcher-1.10.1.jar:1.10.1]
	at org.junit.platform.launcher.core.EngineExecutionOrchestrator.withInterceptedStreams(EngineExecutionOrchestrator.java:141) ~[junit-platform-launcher-1.10.1.jar:1.10.1]
	at org.junit.platform.launcher.core.EngineExecutionOrchestrator.execute(EngineExecutionOrchestrator.java:57) ~[junit-platform-launcher-1.10.1.jar:1.10.1]
	at org.junit.platform.launcher.core.DefaultLauncher.execute(DefaultLauncher.java:103) ~[junit-platform-launcher-1.10.1.jar:1.10.1]
	at org.junit.platform.launcher.core.DefaultLauncher.execute(DefaultLauncher.java:85) ~[junit-platform-launcher-1.10.1.jar:1.10.1]
	at org.junit.platform.launcher.core.DelegatingLauncher.execute(DelegatingLauncher.java:47) ~[junit-platform-launcher-1.10.1.jar:1.10.1]
	at org.apache.maven.surefire.junitplatform.LazyLauncher.execute(LazyLauncher.java:56) ~[surefire-junit-platform-3.1.2.jar:3.1.2]
	at org.apache.maven.surefire.junitplatform.JUnitPlatformProvider.execute(JUnitPlatformProvider.java:184) ~[surefire-junit-platform-3.1.2.jar:3.1.2]
	at org.apache.maven.surefire.junitplatform.JUnitPlatformProvider.invokeAllTests(JUnitPlatformProvider.java:148) ~[surefire-junit-platform-3.1.2.jar:3.1.2]
	at org.apache.maven.surefire.junitplatform.JUnitPlatformProvider.invoke(JUnitPlatformProvider.java:122) ~[surefire-junit-platform-3.1.2.jar:3.1.2]
	at org.apache.maven.surefire.booter.ForkedBooter.runSuitesInProcess(ForkedBooter.java:385) ~[surefire-booter-3.1.2.jar:3.1.2]
	at org.apache.maven.surefire.booter.ForkedBooter.execute(ForkedBooter.java:162) ~[surefire-booter-3.1.2.jar:3.1.2]
	at org.apache.maven.surefire.booter.ForkedBooter.run(ForkedBooter.java:507) ~[surefire-booter-3.1.2.jar:3.1.2]
	at org.apache.maven.surefire.booter.ForkedBooter.main(ForkedBooter.java:495) ~[surefire-booter-3.1.2.jar:3.1.2]
2026-04-23 01:22:32.168 INFO  [main] b.s.s.impl.OrderBusinessServiceImpl - Getting orders by status from data-service: status=NEW
2026-04-23 01:22:32.171 INFO  [main] b.s.s.impl.OrderBusinessServiceImpl - Submitting order for review: orderId=1, finalFileUrl=file-url.png
2026-04-23 01:22:32.173 INFO  [main] b.s.s.impl.OrderBusinessServiceImpl - Order submitted for review successfully
2026-04-23 01:22:32.179 INFO  [main] b.s.s.impl.UserBusinessServiceImpl - Getting all users
2026-04-23 01:22:32.180 ERROR [main] b.s.s.impl.UserBusinessServiceImpl - Error getting all users: API Error
2026-04-23 01:22:32.184 INFO  [main] b.s.s.impl.UserBusinessServiceImpl - Subtracting from balance: userId=1, amount=500
2026-04-23 01:22:32.185 ERROR [main] b.s.s.impl.UserBusinessServiceImpl - Error subtracting from balance: API Error
2026-04-23 01:22:32.189 INFO  [main] b.s.s.impl.UserBusinessServiceImpl - Checking balance: userId=1, amount=500
2026-04-23 01:22:32.190 ERROR [main] b.s.s.impl.UserBusinessServiceImpl - Error checking balance: API Error
2026-04-23 01:22:32.197 INFO  [main] b.s.s.impl.UserBusinessServiceImpl - Checking balance: userId=1, amount=500
2026-04-23 01:22:32.203 INFO  [main] b.s.s.impl.UserBusinessServiceImpl - Adding to balance: userId=1, amount=500
2026-04-23 01:22:32.204 ERROR [main] b.s.s.impl.UserBusinessServiceImpl - Error adding to balance: API Error
2026-04-23 01:22:32.207 INFO  [main] b.s.s.impl.UserBusinessServiceImpl - Getting users by role: role=USER
2026-04-23 01:22:32.209 INFO  [main] b.s.s.impl.UserBusinessServiceImpl - Updating balance: userId=1, newBalance=2000
2026-04-23 01:22:32.210 ERROR [main] b.s.s.impl.UserBusinessServiceImpl - Error updating balance: API Error
2026-04-23 01:22:32.214 INFO  [main] b.s.s.impl.UserBusinessServiceImpl - Getting users by role: role=USER
2026-04-23 01:22:32.215 ERROR [main] b.s.s.impl.UserBusinessServiceImpl - Error getting users by role USER: API Error
2026-04-23 01:22:32.218 INFO  [main] b.s.s.impl.UserBusinessServiceImpl - Getting user by username: ivan
2026-04-23 01:22:32.219 ERROR [main] b.s.s.impl.UserBusinessServiceImpl - Error getting user by username ivan: API Error
2026-04-23 01:22:32.222 INFO  [main] b.s.s.impl.UserBusinessServiceImpl - Getting all users
2026-04-23 01:22:32.225 INFO  [main] b.s.s.impl.UserBusinessServiceImpl - Getting user by username: ivan
2026-04-23 01:22:32.228 INFO  [main] b.s.s.impl.UserBusinessServiceImpl - Updating user role: userId=1, role=ARTIST
2026-04-23 01:22:32.231 INFO  [main] b.s.s.impl.UserBusinessServiceImpl - Updating balance: userId=1, newBalance=2000
2026-04-23 01:22:32.238 INFO  [main] b.s.s.impl.UserBusinessServiceImpl - Получение всех пользователей с пагинацией: page=0, size=10
2026-04-23 01:22:32.247 INFO  [main] b.s.s.impl.UserBusinessServiceImpl - Получение пользователей по роли USER с пагинацией: page=0, size=10
2026-04-23 01:22:32.251 INFO  [main] b.s.s.impl.UserBusinessServiceImpl - Adding to balance: userId=1, amount=500
2026-04-23 01:22:32.253 INFO  [main] b.s.s.impl.UserBusinessServiceImpl - Getting user by Id: id=1
2026-04-23 01:22:32.254 INFO  [main] b.s.s.impl.UserBusinessServiceImpl - Found user: UserDto(id=1, username=ivan, email=ivan@example.com, role=USER, balance=1000, registeredAt=2026-04-23T01:22:32.253327989)
2026-04-23 01:22:32.260 INFO  [main] b.s.s.impl.UserBusinessServiceImpl - Getting user by Id: id=1
2026-04-23 01:22:32.261 ERROR [main] b.s.s.impl.UserBusinessServiceImpl - Error getting user by id 1: API Error
java.lang.RuntimeException: API Error
	at by.step.service.impl.UserBusinessServiceImpl.getUserById(UserBusinessServiceImpl.java:46) ~[classes/:na]
	at by.step.service.UserBusinessServiceTest.lambda$getUserById_WhenException_ThrowsRuntimeException$0(UserBusinessServiceTest.java:190) ~[test-classes/:na]
	at org.assertj.core.api.ThrowableAssert.catchThrowable(ThrowableAssert.java:63) ~[assertj-core-3.24.2.jar:na]
	at org.assertj.core.api.AssertionsForClassTypes.catchThrowable(AssertionsForClassTypes.java:892) ~[assertj-core-3.24.2.jar:na]
	at org.assertj.core.api.Assertions.catchThrowable(Assertions.java:1366) ~[assertj-core-3.24.2.jar:na]
	at org.assertj.core.api.Assertions.assertThatThrownBy(Assertions.java:1210) ~[assertj-core-3.24.2.jar:na]
	at by.step.service.UserBusinessServiceTest.getUserById_WhenException_ThrowsRuntimeException(UserBusinessServiceTest.java:190) ~[test-classes/:na]
	at java.base/jdk.internal.reflect.NativeMethodAccessorImpl.invoke0(Native Method) ~[na:na]
	at java.base/jdk.internal.reflect.NativeMethodAccessorImpl.invoke(NativeMethodAccessorImpl.java:77) ~[na:na]
	at java.base/jdk.internal.reflect.DelegatingMethodAccessorImpl.invoke(DelegatingMethodAccessorImpl.java:43) ~[na:na]
	at java.base/java.lang.reflect.Method.invoke(Method.java:569) ~[na:na]
	at org.junit.platform.commons.util.ReflectionUtils.invokeMethod(ReflectionUtils.java:728) ~[junit-platform-commons-1.10.1.jar:1.10.1]
	at org.junit.jupiter.engine.execution.MethodInvocation.proceed(MethodInvocation.java:60) ~[junit-jupiter-engine-5.10.1.jar:5.10.1]
	at org.junit.jupiter.engine.execution.InvocationInterceptorChain$ValidatingInvocation.proceed(InvocationInterceptorChain.java:131) ~[junit-jupiter-engine-5.10.1.jar:5.10.1]
	at org.junit.jupiter.engine.extension.TimeoutExtension.intercept(TimeoutExtension.java:156) ~[junit-jupiter-engine-5.10.1.jar:5.10.1]
	at org.junit.jupiter.engine.extension.TimeoutExtension.interceptTestableMethod(TimeoutExtension.java:147) ~[junit-jupiter-engine-5.10.1.jar:5.10.1]
	at org.junit.jupiter.engine.extension.TimeoutExtension.interceptTestMethod(TimeoutExtension.java:86) ~[junit-jupiter-engine-5.10.1.jar:5.10.1]
	at org.junit.jupiter.engine.execution.InterceptingExecutableInvoker$ReflectiveInterceptorCall.lambda$ofVoidMethod$0(InterceptingExecutableInvoker.java:103) ~[junit-jupiter-engine-5.10.1.jar:5.10.1]
	at org.junit.jupiter.engine.execution.InterceptingExecutableInvoker.lambda$invoke$0(InterceptingExecutableInvoker.java:93) ~[junit-jupiter-engine-5.10.1.jar:5.10.1]
	at org.junit.jupiter.engine.execution.InvocationInterceptorChain$InterceptedInvocation.proceed(InvocationInterceptorChain.java:106) ~[junit-jupiter-engine-5.10.1.jar:5.10.1]
	at org.junit.jupiter.engine.execution.InvocationInterceptorChain.proceed(InvocationInterceptorChain.java:64) ~[junit-jupiter-engine-5.10.1.jar:5.10.1]
	at org.junit.jupiter.engine.execution.InvocationInterceptorChain.chainAndInvoke(InvocationInterceptorChain.java:45) ~[junit-jupiter-engine-5.10.1.jar:5.10.1]
	at org.junit.jupiter.engine.execution.InvocationInterceptorChain.invoke(InvocationInterceptorChain.java:37) ~[junit-jupiter-engine-5.10.1.jar:5.10.1]
	at org.junit.jupiter.engine.execution.InterceptingExecutableInvoker.invoke(InterceptingExecutableInvoker.java:92) ~[junit-jupiter-engine-5.10.1.jar:5.10.1]
	at org.junit.jupiter.engine.execution.InterceptingExecutableInvoker.invoke(InterceptingExecutableInvoker.java:86) ~[junit-jupiter-engine-5.10.1.jar:5.10.1]
	at org.junit.jupiter.engine.descriptor.TestMethodTestDescriptor.lambda$invokeTestMethod$7(TestMethodTestDescriptor.java:218) ~[junit-jupiter-engine-5.10.1.jar:5.10.1]
	at org.junit.platform.engine.support.hierarchical.ThrowableCollector.execute(ThrowableCollector.java:73) ~[junit-platform-engine-1.10.1.jar:1.10.1]
	at org.junit.jupiter.engine.descriptor.TestMethodTestDescriptor.invokeTestMethod(TestMethodTestDescriptor.java:214) ~[junit-jupiter-engine-5.10.1.jar:5.10.1]
	at org.junit.jupiter.engine.descriptor.TestMethodTestDescriptor.execute(TestMethodTestDescriptor.java:139) ~[junit-jupiter-engine-5.10.1.jar:5.10.1]
	at org.junit.jupiter.engine.descriptor.TestMethodTestDescriptor.execute(TestMethodTestDescriptor.java:69) ~[junit-jupiter-engine-5.10.1.jar:5.10.1]
	at org.junit.platform.engine.support.hierarchical.NodeTestTask.lambda$executeRecursively$6(NodeTestTask.java:151) ~[junit-platform-engine-1.10.1.jar:1.10.1]
	at org.junit.platform.engine.support.hierarchical.ThrowableCollector.execute(ThrowableCollector.java:73) ~[junit-platform-engine-1.10.1.jar:1.10.1]
	at org.junit.platform.engine.support.hierarchical.NodeTestTask.lambda$executeRecursively$8(NodeTestTask.java:141) ~[junit-platform-engine-1.10.1.jar:1.10.1]
	at org.junit.platform.engine.support.hierarchical.Node.around(Node.java:137) ~[junit-platform-engine-1.10.1.jar:1.10.1]
	at org.junit.platform.engine.support.hierarchical.NodeTestTask.lambda$executeRecursively$9(NodeTestTask.java:139) ~[junit-platform-engine-1.10.1.jar:1.10.1]
	at org.junit.platform.engine.support.hierarchical.ThrowableCollector.execute(ThrowableCollector.java:73) ~[junit-platform-engine-1.10.1.jar:1.10.1]
	at org.junit.platform.engine.support.hierarchical.NodeTestTask.executeRecursively(NodeTestTask.java:138) ~[junit-platform-engine-1.10.1.jar:1.10.1]
	at org.junit.platform.engine.support.hierarchical.NodeTestTask.execute(NodeTestTask.java:95) ~[junit-platform-engine-1.10.1.jar:1.10.1]
	at java.base/java.util.ArrayList.forEach(ArrayList.java:1511) ~[na:na]
	at org.junit.platform.engine.support.hierarchical.SameThreadHierarchicalTestExecutorService.invokeAll(SameThreadHierarchicalTestExecutorService.java:41) ~[junit-platform-engine-1.10.1.jar:1.10.1]
	at org.junit.platform.engine.support.hierarchical.NodeTestTask.lambda$executeRecursively$6(NodeTestTask.java:155) ~[junit-platform-engine-1.10.1.jar:1.10.1]
	at org.junit.platform.engine.support.hierarchical.ThrowableCollector.execute(ThrowableCollector.java:73) ~[junit-platform-engine-1.10.1.jar:1.10.1]
	at org.junit.platform.engine.support.hierarchical.NodeTestTask.lambda$executeRecursively$8(NodeTestTask.java:141) ~[junit-platform-engine-1.10.1.jar:1.10.1]
	at org.junit.platform.engine.support.hierarchical.Node.around(Node.java:137) ~[junit-platform-engine-1.10.1.jar:1.10.1]
	at org.junit.platform.engine.support.hierarchical.NodeTestTask.lambda$executeRecursively$9(NodeTestTask.java:139) ~[junit-platform-engine-1.10.1.jar:1.10.1]
	at org.junit.platform.engine.support.hierarchical.ThrowableCollector.execute(ThrowableCollector.java:73) ~[junit-platform-engine-1.10.1.jar:1.10.1]
	at org.junit.platform.engine.support.hierarchical.NodeTestTask.executeRecursively(NodeTestTask.java:138) ~[junit-platform-engine-1.10.1.jar:1.10.1]
	at org.junit.platform.engine.support.hierarchical.NodeTestTask.execute(NodeTestTask.java:95) ~[junit-platform-engine-1.10.1.jar:1.10.1]
	at java.base/java.util.ArrayList.forEach(ArrayList.java:1511) ~[na:na]
	at org.junit.platform.engine.support.hierarchical.SameThreadHierarchicalTestExecutorService.invokeAll(SameThreadHierarchicalTestExecutorService.java:41) ~[junit-platform-engine-1.10.1.jar:1.10.1]
	at org.junit.platform.engine.support.hierarchical.NodeTestTask.lambda$executeRecursively$6(NodeTestTask.java:155) ~[junit-platform-engine-1.10.1.jar:1.10.1]
	at org.junit.platform.engine.support.hierarchical.ThrowableCollector.execute(ThrowableCollector.java:73) ~[junit-platform-engine-1.10.1.jar:1.10.1]
	at org.junit.platform.engine.support.hierarchical.NodeTestTask.lambda$executeRecursively$8(NodeTestTask.java:141) ~[junit-platform-engine-1.10.1.jar:1.10.1]
	at org.junit.platform.engine.support.hierarchical.Node.around(Node.java:137) ~[junit-platform-engine-1.10.1.jar:1.10.1]
	at org.junit.platform.engine.support.hierarchical.NodeTestTask.lambda$executeRecursively$9(NodeTestTask.java:139) ~[junit-platform-engine-1.10.1.jar:1.10.1]
	at org.junit.platform.engine.support.hierarchical.ThrowableCollector.execute(ThrowableCollector.java:73) ~[junit-platform-engine-1.10.1.jar:1.10.1]
	at org.junit.platform.engine.support.hierarchical.NodeTestTask.executeRecursively(NodeTestTask.java:138) ~[junit-platform-engine-1.10.1.jar:1.10.1]
	at org.junit.platform.engine.support.hierarchical.NodeTestTask.execute(NodeTestTask.java:95) ~[junit-platform-engine-1.10.1.jar:1.10.1]
	at org.junit.platform.engine.support.hierarchical.SameThreadHierarchicalTestExecutorService.submit(SameThreadHierarchicalTestExecutorService.java:35) ~[junit-platform-engine-1.10.1.jar:1.10.1]
	at org.junit.platform.engine.support.hierarchical.HierarchicalTestExecutor.execute(HierarchicalTestExecutor.java:57) ~[junit-platform-engine-1.10.1.jar:1.10.1]
	at org.junit.platform.engine.support.hierarchical.HierarchicalTestEngine.execute(HierarchicalTestEngine.java:54) ~[junit-platform-engine-1.10.1.jar:1.10.1]
	at org.junit.platform.launcher.core.EngineExecutionOrchestrator.execute(EngineExecutionOrchestrator.java:198) ~[junit-platform-launcher-1.10.1.jar:1.10.1]
	at org.junit.platform.launcher.core.EngineExecutionOrchestrator.execute(EngineExecutionOrchestrator.java:169) ~[junit-platform-launcher-1.10.1.jar:1.10.1]
	at org.junit.platform.launcher.core.EngineExecutionOrchestrator.execute(EngineExecutionOrchestrator.java:93) ~[junit-platform-launcher-1.10.1.jar:1.10.1]
	at org.junit.platform.launcher.core.EngineExecutionOrchestrator.lambda$execute$0(EngineExecutionOrchestrator.java:58) ~[junit-platform-launcher-1.10.1.jar:1.10.1]
	at org.junit.platform.launcher.core.EngineExecutionOrchestrator.withInterceptedStreams(EngineExecutionOrchestrator.java:141) ~[junit-platform-launcher-1.10.1.jar:1.10.1]
	at org.junit.platform.launcher.core.EngineExecutionOrchestrator.execute(EngineExecutionOrchestrator.java:57) ~[junit-platform-launcher-1.10.1.jar:1.10.1]
	at org.junit.platform.launcher.core.DefaultLauncher.execute(DefaultLauncher.java:103) ~[junit-platform-launcher-1.10.1.jar:1.10.1]
	at org.junit.platform.launcher.core.DefaultLauncher.execute(DefaultLauncher.java:85) ~[junit-platform-launcher-1.10.1.jar:1.10.1]
	at org.junit.platform.launcher.core.DelegatingLauncher.execute(DelegatingLauncher.java:47) ~[junit-platform-launcher-1.10.1.jar:1.10.1]
	at org.apache.maven.surefire.junitplatform.LazyLauncher.execute(LazyLauncher.java:56) ~[surefire-junit-platform-3.1.2.jar:3.1.2]
	at org.apache.maven.surefire.junitplatform.JUnitPlatformProvider.execute(JUnitPlatformProvider.java:184) ~[surefire-junit-platform-3.1.2.jar:3.1.2]
	at org.apache.maven.surefire.junitplatform.JUnitPlatformProvider.invokeAllTests(JUnitPlatformProvider.java:148) ~[surefire-junit-platform-3.1.2.jar:3.1.2]
	at org.apache.maven.surefire.junitplatform.JUnitPlatformProvider.invoke(JUnitPlatformProvider.java:122) ~[surefire-junit-platform-3.1.2.jar:3.1.2]
	at org.apache.maven.surefire.booter.ForkedBooter.runSuitesInProcess(ForkedBooter.java:385) ~[surefire-booter-3.1.2.jar:3.1.2]
	at org.apache.maven.surefire.booter.ForkedBooter.execute(ForkedBooter.java:162) ~[surefire-booter-3.1.2.jar:3.1.2]
	at org.apache.maven.surefire.booter.ForkedBooter.run(ForkedBooter.java:507) ~[surefire-booter-3.1.2.jar:3.1.2]
	at org.apache.maven.surefire.booter.ForkedBooter.main(ForkedBooter.java:495) ~[surefire-booter-3.1.2.jar:3.1.2]
2026-04-23 01:22:32.266 INFO  [main] b.s.s.impl.UserBusinessServiceImpl - Subtracting from balance: userId=1, amount=500
